fragment_1,fragment_2,overlap_size,node_1,node_2,same_node
top_category_A,branch_code_A01,97,node_1,node_7,False
top_category_A,branch_code_A02,226,node_1,node_8,False
top_category_A,branch_code_A03,76,node_1,node_9,False
top_category_A,branch_code_A04,46,node_1,node_10,False
top_category_A,branch_code_A05,83,node_1,node_1,True
top_category_A,branch_code_A06,57,node_1,node_2,False
top_category_A,branch_code_A07,135,node_1,node_3,False
top_category_A,branch_code_A08,404,node_1,node_4,False
top_category_A,branch_code_A09,116,node_1,node_5,False
top_category_A,branch_code_A10,182,node_1,node_6,False
top_category_A,branch_code_A11,606,node_1,node_7,False
top_category_A,branch_code_A12,70,node_1,node_8,False
top_category_A,branch_code_A13,68,node_1,node_9,False
top_category_A,branch_code_A14,81,node_1,node_10,False
top_category_A,branch_code_A15,109,node_1,node_1,True
top_category_A,branch_code_A16,69,node_1,node_2,False
top_category_A,branch_code_A17,17,node_1,node_3,False
top_category_A,branch_code_A18,41,node_1,node_4,False
top_category_A,branch_code_A19,10,node_1,node_5,False
top_category_A,branch_code_A20,14,node_1,node_6,False
top_category_A,branch_code_A21,7,node_1,node_7,False
top_category_A,branch_code_B01,3,node_1,node_8,False
top_category_A,branch_code_B03,1,node_1,node_10,False
top_category_A,branch_code_B05,11,node_1,node_2,False
top_category_A,branch_code_C04,2,node_1,node_4,False
top_category_A,branch_code_C06,2,node_1,node_6,False
top_category_A,branch_code_C07,3,node_1,node_7,False
top_category_A,branch_code_C12,1,node_1,node_2,False
top_category_A,branch_code_C16,1,node_1,node_5,False
top_category_A,branch_code_C17,2,node_1,node_6,False
top_category_A,branch_code_C23,13,node_1,node_2,False
top_category_A,branch_code_D05,3,node_1,node_10,False
top_category_A,branch_code_D08,1,node_1,node_2,False
top_category_A,branch_code_D09,1,node_1,node_3,False
top_category_A,branch_code_D12,13,node_1,node_5,False
top_category_A,branch_code_D20,3,node_1,node_7,False
top_category_A,branch_code_D23,1,node_1,node_8,False
top_category_A,branch_code_D25,1,node_1,node_9,False
top_category_A,branch_code_D27,1,node_1,node_1,True
top_category_A,branch_code_E01,2,node_1,node_2,False
top_category_A,branch_code_E05,1,node_1,node_6,False
top_category_A,branch_code_E07,11,node_1,node_8,False
top_category_A,branch_code_G03,1,node_1,node_5,False
top_category_A,branch_code_G04,1,node_1,node_6,False
top_category_A,branch_code_G05,68,node_1,node_7,False
top_category_A,branch_code_G06,4,node_1,node_8,False
top_category_A,branch_code_G07,18,node_1,node_9,False
top_category_A,branch_code_G16,1,node_1,node_8,False
top_category_A,branch_code_J01,2,node_1,node_5,False
top_category_A,branch_code_J02,13,node_1,node_6,False
top_category_A,subbranch_code_A01,1,node_1,node_2,False
top_category_A,subbranch_code_A01.111,1,node_1,node_3,False
top_category_A,subbranch_code_A01.236,3,node_1,node_4,False
top_category_A,subbranch_code_A01.378,26,node_1,node_5,False
top_category_A,subbranch_code_A01.456,24,node_1,node_6,False
top_category_A,subbranch_code_A01.598,3,node_1,node_7,False
top_category_A,subbranch_code_A01.635,1,node_1,node_8,False
top_category_A,subbranch_code_A01.719,1,node_1,node_9,False
top_category_A,subbranch_code_A01.923,28,node_1,node_10,False
top_category_A,subbranch_code_A01.935,1,node_1,node_1,True
top_category_A,subbranch_code_A01.941,8,node_1,node_2,False
top_category_A,subbranch_code_A01.947,1,node_1,node_3,False
top_category_A,subbranch_code_A01.960,1,node_1,node_4,False
top_category_A,subbranch_code_A02,1,node_1,node_5,False
top_category_A,subbranch_code_A02.083,1,node_1,node_6,False
top_category_A,subbranch_code_A02.165,21,node_1,node_7,False
top_category_A,subbranch_code_A02.340,3,node_1,node_8,False
top_category_A,subbranch_code_A02.513,17,node_1,node_9,False
top_category_A,subbranch_code_A02.633,40,node_1,node_10,False
top_category_A,subbranch_code_A02.734,1,node_1,node_1,True
top_category_A,subbranch_code_A02.835,159,node_1,node_2,False
top_category_A,subbranch_code_A02.880,5,node_1,node_3,False
top_category_A,subbranch_code_A03,1,node_1,node_4,False
top_category_A,subbranch_code_A03.159,11,node_1,node_5,False
top_category_A,subbranch_code_A03.556,57,node_1,node_6,False
top_category_A,subbranch_code_A03.620,4,node_1,node_7,False
top_category_A,subbranch_code_A03.734,9,node_1,node_8,False
top_category_A,subbranch_code_A04,1,node_1,node_9,False
top_category_A,subbranch_code_A04.329,11,node_1,node_10,False
top_category_A,subbranch_code_A04.411,6,node_1,node_1,True
top_category_A,subbranch_code_A04.531,16,node_1,node_2,False
top_category_A,subbranch_code_A04.623,10,node_1,node_3,False
top_category_A,subbranch_code_A04.716,1,node_1,node_4,False
top_category_A,subbranch_code_A04.760,6,node_1,node_5,False
top_category_A,subbranch_code_A04.889,1,node_1,node_6,False
top_category_A,subbranch_code_A05,1,node_1,node_7,False
top_category_A,subbranch_code_A05.360,60,node_1,node_8,False
top_category_A,subbranch_code_A05.810,23,node_1,node_9,False
top_category_A,subbranch_code_A06,1,node_1,node_10,False
top_category_A,subbranch_code_A06.224,7,node_1,node_1,True
top_category_A,subbranch_code_A06.300,38,node_1,node_2,False
top_category_A,subbranch_code_A06.390,8,node_1,node_3,False
top_category_A,subbranch_code_A06.688,21,node_1,node_4,False
top_category_A,subbranch_code_A07,1,node_1,node_5,False
top_category_A,subbranch_code_A07.015,95,node_1,node_6,False
top_category_A,subbranch_code_A07.020,1,node_1,node_7,False
top_category_A,subbranch_code_A07.030,1,node_1,node_8,False
top_category_A,subbranch_code_A07.035,1,node_1,node_9,False
top_category_A,subbranch_code_A07.037,1,node_1,node_10,False
top_category_A,subbranch_code_A07.040,1,node_1,node_1,True
top_category_A,subbranch_code_A07.043,1,node_1,node_2,False
top_category_A,subbranch_code_A07.045,1,node_1,node_3,False
top_category_A,subbranch_code_A07.500,1,node_1,node_4,False
top_category_A,subbranch_code_A07.521,1,node_1,node_5,False
top_category_A,subbranch_code_A07.541,30,node_1,node_6,False
top_category_A,subbranch_code_A08,1,node_1,node_7,False
top_category_A,subbranch_code_A08.186,217,node_1,node_8,False
top_category_A,subbranch_code_A08.340,14,node_1,node_9,False
top_category_A,subbranch_code_A08.511,2,node_1,node_10,False
top_category_A,subbranch_code_A08.612,16,node_1,node_1,True
top_category_A,subbranch_code_A08.637,13,node_1,node_2,False
top_category_A,subbranch_code_A08.675,90,node_1,node_3,False
top_category_A,subbranch_code_A08.713,22,node_1,node_4,False
top_category_A,subbranch_code_A08.800,116,node_1,node_5,False
top_category_A,subbranch_code_A08.850,10,node_1,node_6,False
top_category_A,subbranch_code_A09,1,node_1,node_7,False
top_category_A,subbranch_code_A09.246,46,node_1,node_8,False
top_category_A,subbranch_code_A09.371,60,node_1,node_9,False
top_category_A,subbranch_code_A09.531,4,node_1,node_10,False
top_category_A,subbranch_code_A09.846,1,node_1,node_1,True
top_category_A,subbranch_code_A09.923,15,node_1,node_2,False
top_category_A,subbranch_code_A10,1,node_1,node_3,False
top_category_A,subbranch_code_A10.082,3,node_1,node_4,False
top_category_A,subbranch_code_A10.165,59,node_1,node_5,False
top_category_A,subbranch_code_A10.272,12,node_1,node_6,False
top_category_A,subbranch_code_A10.336,20,node_1,node_7,False
top_category_A,subbranch_code_A10.549,12,node_1,node_8,False
top_category_A,subbranch_code_A10.615,38,node_1,node_9,False
top_category_A,subbranch_code_A10.690,17,node_1,node_10,False
top_category_A,subbranch_code_A10.755,5,node_1,node_1,True
top_category_A,subbranch_code_A10.802,2,node_1,node_2,False
top_category_A,subbranch_code_A10.806,1,node_1,node_3,False
top_category_A,subbranch_code_A10.810,1,node_1,node_4,False
top_category_A,subbranch_code_A10.830,1,node_1,node_5,False
top_category_A,subbranch_code_A10.850,10,node_1,node_6,False
top_category_A,subbranch_code_A11,1,node_1,node_7,False
top_category_A,subbranch_code_A11.031,1,node_1,node_8,False
top_category_A,subbranch_code_A11.047,1,node_1,node_9,False
top_category_A,subbranch_code_A11.063,6,node_1,node_10,False
top_category_A,subbranch_code_A11.066,4,node_1,node_1,True
top_category_A,subbranch_code_A11.118,51,node_1,node_2,False
top_category_A,subbranch_code_A11.148,20,node_1,node_3,False
top_category_A,subbranch_code_A11.251,43,node_1,node_4,False
top_category_A,subbranch_code_A11.270,1,node_1,node_5,False
top_category_A,subbranch_code_A11.284,259,node_1,node_6,False
top_category_A,subbranch_code_A11.299,2,node_1,node_7,False
top_category_A,subbranch_code_A11.329,41,node_1,node_8,False
top_category_A,subbranch_code_A11.382,24,node_1,node_9,False
top_category_A,subbranch_code_A11.409,6,node_1,node_10,False
top_category_A,subbranch_code_A11.436,62,node_1,node_1,True
top_category_A,subbranch_code_A11.443,10,node_1,node_2,False
top_category_A,subbranch_code_A11.450,1,node_1,node_3,False
top_category_A,subbranch_code_A11.497,17,node_1,node_4,False
top_category_A,subbranch_code_A11.500,3,node_1,node_5,False
top_category_A,subbranch_code_A11.561,1,node_1,node_6,False
top_category_A,subbranch_code_A11.600,1,node_1,node_7,False
top_category_A,subbranch_code_A11.620,10,node_1,node_8,False
top_category_A,subbranch_code_A11.627,25,node_1,node_9,False
top_category_A,subbranch_code_A11.642,1,node_1,node_10,False
top_category_A,subbranch_code_A11.650,13,node_1,node_1,True
top_category_A,subbranch_code_A11.671,90,node_1,node_2,False
top_category_A,subbranch_code_A11.690,1,node_1,node_3,False
top_category_A,subbranch_code_A11.700,1,node_1,node_4,False
top_category_A,subbranch_code_A11.710,1,node_1,node_5,False
top_category_A,subbranch_code_A11.733,15,node_1,node_6,False
top_category_A,subbranch_code_A11.750,1,node_1,node_7,False
top_category_A,subbranch_code_A11.760,1,node_1,node_8,False
top_category_A,subbranch_code_A11.789,1,node_1,node_9,False
top_category_A,subbranch_code_A11.828,1,node_1,node_10,False
top_category_A,subbranch_code_A11.868,1,node_1,node_1,True
top_category_A,subbranch_code_A11.870,9,node_1,node_2,False
top_category_A,subbranch_code_A11.872,42,node_1,node_3,False
top_category_A,subbranch_code_A11.900,1,node_1,node_4,False
top_category_A,subbranch_code_A12,1,node_1,node_5,False
top_category_A,subbranch_code_A12.098,1,node_1,node_6,False
top_category_A,subbranch_code_A12.200,23,node_1,node_7,False
top_category_A,subbranch_code_A12.207,29,node_1,node_8,False
top_category_A,subbranch_code_A12.383,5,node_1,node_9,False
top_category_A,subbranch_code_A12.459,3,node_1,node_10,False
top_category_A,subbranch_code_A12.519,1,node_1,node_1,True
top_category_A,subbranch_code_A12.580,1,node_1,node_2,False
top_category_A,subbranch_code_A12.790,8,node_1,node_3,False
top_category_A,subbranch_code_A12.895,1,node_1,node_4,False
top_category_A,subbranch_code_A13,1,node_1,node_5,False
top_category_A,subbranch_code_A13.048,1,node_1,node_6,False
top_category_A,subbranch_code_A13.073,1,node_1,node_7,False
top_category_A,subbranch_code_A13.075,1,node_1,node_8,False
top_category_A,subbranch_code_A13.078,1,node_1,node_9,False
top_category_A,subbranch_code_A13.079,1,node_1,node_10,False
top_category_A,subbranch_code_A13.080,1,node_1,node_1,True
top_category_A,subbranch_code_A13.093,2,node_1,node_2,False
top_category_A,subbranch_code_A13.114,1,node_1,node_3,False
top_category_A,subbranch_code_A13.163,1,node_1,node_4,False
top_category_A,subbranch_code_A13.223,1,node_1,node_5,False
top_category_A,subbranch_code_A13.242,1,node_1,node_6,False
top_category_A,subbranch_code_A13.246,1,node_1,node_7,False
top_category_A,subbranch_code_A13.250,1,node_1,node_8,False
top_category_A,subbranch_code_A13.265,1,node_1,node_9,False
top_category_A,subbranch_code_A13.316,1,node_1,node_10,False
top_category_A,subbranch_code_A13.332,1,node_1,node_1,True
top_category_A,subbranch_code_A13.350,3,node_1,node_2,False
top_category_A,subbranch_code_A13.365,1,node_1,node_3,False
top_category_A,subbranch_code_A13.370,1,node_1,node_4,False
top_category_A,subbranch_code_A13.395,3,node_1,node_5,False
top_category_A,subbranch_code_A13.408,1,node_1,node_6,False
top_category_A,subbranch_code_A13.421,1,node_1,node_7,False
top_category_A,subbranch_code_A13.433,1,node_1,node_8,False
top_category_A,subbranch_code_A13.445,1,node_1,node_9,False
top_category_A,subbranch_code_A13.449,1,node_1,node_10,False
top_category_A,subbranch_code_A13.453,1,node_1,node_1,True
top_category_A,subbranch_code_A13.463,1,node_1,node_2,False
top_category_A,subbranch_code_A13.468,1,node_1,node_3,False
top_category_A,subbranch_code_A13.473,3,node_1,node_4,False
top_category_A,subbranch_code_A13.491,1,node_1,node_5,False
top_category_A,subbranch_code_A13.507,2,node_1,node_6,False
top_category_A,subbranch_code_A13.518,1,node_1,node_7,False
top_category_A,subbranch_code_A13.530,1,node_1,node_8,False
top_category_A,subbranch_code_A13.564,1,node_1,node_9,False
top_category_A,subbranch_code_A13.574,1,node_1,node_10,False
top_category_A,subbranch_code_A13.589,1,node_1,node_1,True
top_category_A,subbranch_code_A13.600,1,node_1,node_2,False
top_category_A,subbranch_code_A13.641,1,node_1,node_3,False
top_category_A,subbranch_code_A13.655,1,node_1,node_4,False
top_category_A,subbranch_code_A13.660,1,node_1,node_5,False
top_category_A,subbranch_code_A13.686,1,node_1,node_6,False
top_category_A,subbranch_code_A13.706,2,node_1,node_7,False
top_category_A,subbranch_code_A13.734,1,node_1,node_8,False
top_category_A,subbranch_code_A13.750,1,node_1,node_9,False
top_category_A,subbranch_code_A13.811,1,node_1,node_10,False
top_category_A,subbranch_code_A13.820,1,node_1,node_1,True
top_category_A,subbranch_code_A13.853,3,node_1,node_2,False
top_category_A,subbranch_code_A13.869,5,node_1,node_3,False
top_category_A,subbranch_code_A13.895,1,node_1,node_4,False
top_category_A,subbranch_code_A13.939,1,node_1,node_5,False
top_category_A,subbranch_code_A13.950,1,node_1,node_6,False
top_category_A,subbranch_code_A13.970,1,node_1,node_7,False
top_category_A,subbranch_code_A14,1,node_1,node_8,False
top_category_A,subbranch_code_A14.194,1,node_1,node_9,False
top_category_A,subbranch_code_A14.363,1,node_1,node_10,False
top_category_A,subbranch_code_A14.521,11,node_1,node_1,True
top_category_A,subbranch_code_A14.530,4,node_1,node_2,False
top_category_A,subbranch_code_A14.549,56,node_1,node_3,False
top_category_A,subbranch_code_A14.724,9,node_1,node_4,False
top_category_A,subbranch_code_A14.907,2,node_1,node_5,False
top_category_A,subbranch_code_A15,1,node_1,node_6,False
top_category_A,subbranch_code_A15.145,54,node_1,node_7,False
top_category_A,subbranch_code_A15.378,17,node_1,node_8,False
top_category_A,subbranch_code_A15.382,76,node_1,node_9,False
top_category_A,subbranch_code_A16,1,node_1,node_10,False
top_category_A,subbranch_code_A16.094,1,node_1,node_1,True
top_category_A,subbranch_code_A16.142,1,node_1,node_2,False
top_category_A,subbranch_code_A16.166,1,node_1,node_3,False
top_category_A,subbranch_code_A16.178,1,node_1,node_4,False
top_category_A,subbranch_code_A16.216,1,node_1,node_5,False
top_category_A,subbranch_code_A16.254,12,node_1,node_6,False
top_category_A,subbranch_code_A16.331,7,node_1,node_7,False
top_category_A,subbranch_code_A16.378,13,node_1,node_8,False
top_category_A,subbranch_code_A16.441,1,node_1,node_9,False
top_category_A,subbranch_code_A16.504,6,node_1,node_10,False
top_category_A,subbranch_code_A16.535,1,node_1,node_1,True
top_category_A,subbranch_code_A16.551,1,node_1,node_2,False
top_category_A,subbranch_code_A16.567,1,node_1,node_3,False
top_category_A,subbranch_code_A16.599,1,node_1,node_4,False
top_category_A,subbranch_code_A16.615,1,node_1,node_5,False
top_category_A,subbranch_code_A16.623,1,node_1,node_6,False
top_category_A,subbranch_code_A16.627,1,node_1,node_7,False
top_category_A,subbranch_code_A16.629,1,node_1,node_8,False
top_category_A,subbranch_code_A16.630,1,node_1,node_9,False
top_category_A,subbranch_code_A16.660,1,node_1,node_10,False
top_category_A,subbranch_code_A16.675,1,node_1,node_1,True
top_category_A,subbranch_code_A16.690,4,node_1,node_2,False
top_category_A,subbranch_code_A16.710,6,node_1,node_3,False
top_category_A,subbranch_code_A16.830,1,node_1,node_4,False
top_category_A,subbranch_code_A16.835,2,node_1,node_5,False
top_category_A,subbranch_code_A16.890,1,node_1,node_6,False
top_category_A,subbranch_code_A16.920,1,node_1,node_7,False
top_category_A,subbranch_code_A16.935,1,node_1,node_8,False
top_category_A,subbranch_code_A16.950,1,node_1,node_9,False
top_category_A,subbranch_code_A17,1,node_1,node_10,False
top_category_A,subbranch_code_A17.100,1,node_1,node_1,True
top_category_A,subbranch_code_A17.360,6,node_1,node_2,False
top_category_A,subbranch_code_A17.600,1,node_1,node_3,False
top_category_A,subbranch_code_A17.815,9,node_1,node_4,False
top_category_A,subbranch_code_A18,1,node_1,node_5,False
top_category_A,subbranch_code_A18.005,1,node_1,node_6,False
top_category_A,subbranch_code_A18.024,28,node_1,node_7,False
top_category_A,subbranch_code_A18.400,8,node_1,node_8,False
top_category_A,subbranch_code_A18.450,4,node_1,node_9,False
top_category_A,subbranch_code_A18.550,2,node_1,node_10,False
top_category_A,subbranch_code_A18.560,1,node_1,node_1,True
top_category_A,subbranch_code_A19,1,node_1,node_2,False
top_category_A,subbranch_code_A19.311,2,node_1,node_3,False
top_category_A,subbranch_code_A19.374,2,node_1,node_4,False
top_category_A,subbranch_code_A19.530,1,node_1,node_5,False
top_category_A,subbranch_code_A19.687,2,node_1,node_6,False
top_category_A,subbranch_code_A19.690,1,node_1,node_7,False
top_category_A,subbranch_code_A19.800,1,node_1,node_8,False
top_category_A,subbranch_code_A20,1,node_1,node_9,False
top_category_A,subbranch_code_A20.186,1,node_1,node_10,False
top_category_A,subbranch_code_A20.374,1,node_1,node_1,True
top_category_A,subbranch_code_A20.484,1,node_1,node_2,False
top_category_A,subbranch_code_A20.593,2,node_1,node_3,False
top_category_A,subbranch_code_A20.812,2,node_1,node_4,False
top_category_A,subbranch_code_A20.843,1,node_1,node_5,False
top_category_A,subbranch_code_A20.859,1,node_1,node_6,False
top_category_A,subbranch_code_A20.867,1,node_1,node_7,False
top_category_A,subbranch_code_A20.871,1,node_1,node_8,False
top_category_A,subbranch_code_A20.873,1,node_1,node_9,False
top_category_A,subbranch_code_A20.874,1,node_1,node_10,False
top_category_A,subbranch_code_A21,1,node_1,node_1,True
top_category_A,subbranch_code_A21.063,1,node_1,node_2,False
top_category_A,subbranch_code_A21.125,1,node_1,node_3,False
top_category_A,subbranch_code_A21.249,4,node_1,node_4,False
top_category_A,subbranch_code_B01.300,1,node_1,node_3,False
top_category_A,subbranch_code_B01.650,2,node_1,node_9,False
top_category_A,subbranch_code_B03.110,1,node_1,node_2,False
top_category_A,subbranch_code_B05.110,1,node_1,node_8,False
top_category_A,subbranch_code_B05.500,5,node_1,node_5,False
top_category_A,subbranch_code_B05.550,1,node_1,node_7,False
top_category_A,subbranch_code_B05.775,9,node_1,node_10,False
top_category_A,subbranch_code_C04.697,1,node_1,node_5,False
top_category_A,subbranch_code_C04.834,1,node_1,node_8,False
top_category_A,subbranch_code_C06.198,1,node_1,node_4,False
top_category_A,subbranch_code_C06.405,2,node_1,node_7,False
top_category_A,subbranch_code_C07.793,3,node_1,node_8,False
top_category_A,subbranch_code_C12.050,1,node_1,node_8,False
top_category_A,subbranch_code_C12.100,1,node_1,node_9,False
top_category_A,subbranch_code_C16.131,1,node_1,node_6,False
top_category_A,subbranch_code_C17.300,2,node_1,node_1,True
top_category_A,subbranch_code_C17.800,1,node_1,node_2,False
top_category_A,subbranch_code_C23.149,2,node_1,node_10,False
top_category_A,subbranch_code_C23.300,2,node_1,node_1,True
top_category_A,subbranch_code_C23.550,9,node_1,node_2,False
top_category_A,subbranch_code_D05.500,2,node_1,node_10,False
top_category_A,subbranch_code_D05.750,1,node_1,node_1,True
top_category_A,subbranch_code_D08.811,1,node_1,node_1,True
top_category_A,subbranch_code_D09.400,1,node_1,node_7,False
top_category_A,subbranch_code_D12.776,13,node_1,node_5,False
top_category_A,subbranch_code_D20.215,2,node_1,node_8,False
top_category_A,subbranch_code_D20.888,1,node_1,node_1,True
top_category_A,subbranch_code_D23.946,1,node_1,node_8,False
top_category_A,subbranch_code_D25.130,1,node_1,node_1,True
top_category_A,subbranch_code_D27.720,1,node_1,node_1,True
top_category_A,subbranch_code_E01.370,2,node_1,node_10,False
top_category_A,subbranch_code_E05.200,1,node_1,node_9,False
top_category_A,subbranch_code_E05.242,1,node_1,node_2,False
top_category_A,subbranch_code_E05.481,1,node_1,node_8,False
top_category_A,subbranch_code_E07.305,1,node_1,node_5,False
top_category_A,subbranch_code_E07.695,1,node_1,node_10,False
top_category_A,subbranch_code_E07.862,9,node_1,node_9,False
top_category_A,subbranch_code_G03.500,1,node_1,node_4,False
top_category_A,subbranch_code_G04.144,1,node_1,node_1,True
top_category_A,subbranch_code_G05.113,1,node_1,node_4,False
top_category_A,subbranch_code_G05.360,67,node_1,node_6,False
top_category_A,subbranch_code_G05.365,4,node_1,node_7,False
top_category_A,subbranch_code_G06.120,2,node_1,node_2,False
top_category_A,subbranch_code_G06.920,2,node_1,node_4,False
top_category_A,subbranch_code_G07.203,13,node_1,node_4,False
top_category_A,subbranch_code_G07.345,5,node_1,node_9,False
top_category_A,subbranch_code_G16.762,1,node_1,node_7,False
top_category_A,subbranch_code_J01.637,2,node_1,node_7,False
top_category_A,subbranch_code_J02.200,6,node_1,node_5,False
top_category_A,subbranch_code_J02.350,3,node_1,node_6,False
top_category_A,subbranch_code_J02.500,13,node_1,node_7,False
top_category_B,branch_code_A11,10,node_2,node_7,False
top_category_B,branch_code_A18,3,node_2,node_4,False
top_category_B,branch_code_A19,2,node_2,node_5,False
top_category_B,branch_code_B01,2455,node_2,node_8,False
top_category_B,branch_code_B02,60,node_2,node_9,False
top_category_B,branch_code_B03,859,node_2,node_10,False
top_category_B,branch_code_B04,560,node_2,node_1,False
top_category_B,branch_code_B05,44,node_2,node_2,True
top_category_B,branch_code_G02,1,node_2,node_4,False
top_category_B,branch_code_G05,1,node_2,node_7,False
top_category_B,branch_code_G06,1,node_2,node_8,False
top_category_B,branch_code_G07,16,node_2,node_9,False
top_category_B,branch_code_G12,1,node_2,node_4,False
top_category_B,branch_code_G16,4,node_2,node_8,False
top_category_B,branch_code_J02,5,node_2,node_6,False
top_category_B,branch_code_N06,3,node_2,node_6,False
top_category_B,subbranch_code_A11.868,1,node_2,node_1,False
top_category_B,subbranch_code_A11.870,9,node_2,node_2,True
top_category_B,subbranch_code_A18.024,1,node_2,node_7,False
top_category_B,subbranch_code_A18.400,1,node_2,node_8,False
top_category_B,subbranch_code_A18.550,1,node_2,node_10,False
top_category_B,subbranch_code_A19.374,1,node_2,node_4,False
top_category_B,subbranch_code_A19.690,1,node_2,node_7,False
top_category_B,subbranch_code_B01,1,node_2,node_5,False
top_category_B,subbranch_code_B01.043,61,node_2,node_6,False
top_category_B,subbranch_code_B01.046,27,node_2,node_7,False
top_category_B,subbranch_code_B01.050,836,node_2,node_8,False
top_category_B,subbranch_code_B01.175,1,node_2,node_9,False
top_category_B,subbranch_code_B01.206,1,node_2,node_10,False
top_category_B,subbranch_code_B01.237,3,node_2,node_1,False
top_category_B,subbranch_code_B01.268,27,node_2,node_2,True
top_category_B,subbranch_code_B01.300,214,node_2,node_3,False
top_category_B,subbranch_code_B01.350,2,node_2,node_4,False
top_category_B,subbranch_code_B01.400,1,node_2,node_5,False
top_category_B,subbranch_code_B01.500,2,node_2,node_6,False
top_category_B,subbranch_code_B01.625,1,node_2,node_7,False
top_category_B,subbranch_code_B01.630,8,node_2,node_8,False
top_category_B,subbranch_code_B01.650,14,node_2,node_9,False
top_category_B,subbranch_code_B01.675,1,node_2,node_10,False
top_category_B,subbranch_code_B01.680,5,node_2,node_1,False
top_category_B,subbranch_code_B01.715,7,node_2,node_2,True
top_category_B,subbranch_code_B01.750,21,node_2,node_3,False
top_category_B,subbranch_code_B01.875,1222,node_2,node_4,False
top_category_B,subbranch_code_B02,1,node_2,node_5,False
top_category_B,subbranch_code_B02.075,16,node_2,node_6,False
top_category_B,subbranch_code_B02.200,42,node_2,node_7,False
top_category_B,subbranch_code_B02.600,1,node_2,node_8,False
top_category_B,subbranch_code_B03,1,node_2,node_9,False
top_category_B,subbranch_code_B03.026,1,node_2,node_10,False
top_category_B,subbranch_code_B03.054,1,node_2,node_1,False
top_category_B,subbranch_code_B03.110,3,node_2,node_2,True
top_category_B,subbranch_code_B03.120,1,node_2,node_3,False
top_category_B,subbranch_code_B03.130,1,node_2,node_4,False
top_category_B,subbranch_code_B03.135,1,node_2,node_5,False
top_category_B,subbranch_code_B03.250,2,node_2,node_6,False
top_category_B,subbranch_code_B03.275,3,node_2,node_7,False
top_category_B,subbranch_code_B03.280,24,node_2,node_8,False
top_category_B,subbranch_code_B03.300,83,node_2,node_9,False
top_category_B,subbranch_code_B03.353,164,node_2,node_10,False
top_category_B,subbranch_code_B03.370,7,node_2,node_1,False
top_category_B,subbranch_code_B03.440,521,node_2,node_2,True
top_category_B,subbranch_code_B03.510,246,node_2,node_3,False
top_category_B,subbranch_code_B03.585,23,node_2,node_4,False
top_category_B,subbranch_code_B03.660,418,node_2,node_5,False
top_category_B,subbranch_code_B03.851,18,node_2,node_6,False
top_category_B,subbranch_code_B03.900,10,node_2,node_7,False
top_category_B,subbranch_code_B04,1,node_2,node_8,False
top_category_B,subbranch_code_B04.080,1,node_2,node_9,False
top_category_B,subbranch_code_B04.100,7,node_2,node_10,False
top_category_B,subbranch_code_B04.123,42,node_2,node_1,False
top_category_B,subbranch_code_B04.265,12,node_2,node_2,True
top_category_B,subbranch_code_B04.280,182,node_2,node_3,False
top_category_B,subbranch_code_B04.352,1,node_2,node_4,False
top_category_B,subbranch_code_B04.423,1,node_2,node_5,False
top_category_B,subbranch_code_B04.450,17,node_2,node_6,False
top_category_B,subbranch_code_B04.525,13,node_2,node_7,False
top_category_B,subbranch_code_B04.613,83,node_2,node_8,False
top_category_B,subbranch_code_B04.700,1,node_2,node_9,False
top_category_B,subbranch_code_B04.715,47,node_2,node_10,False
top_category_B,subbranch_code_B04.725,1,node_2,node_1,False
top_category_B,subbranch_code_B04.800,1,node_2,node_2,True
top_category_B,subbranch_code_B04.820,344,node_2,node_3,False
top_category_B,subbranch_code_B04.956,1,node_2,node_4,False
top_category_B,subbranch_code_B04.970,4,node_2,node_5,False
top_category_B,subbranch_code_B05,1,node_2,node_6,False
top_category_B,subbranch_code_B05.080,10,node_2,node_7,False
top_category_B,subbranch_code_B05.110,3,node_2,node_8,False
top_category_B,subbranch_code_B05.155,1,node_2,node_9,False
top_category_B,subbranch_code_B05.200,3,node_2,node_10,False
top_category_B,subbranch_code_B05.237,1,node_2,node_1,False
top_category_B,subbranch_code_B05.256,1,node_2,node_2,True
top_category_B,subbranch_code_B05.275,1,node_2,node_3,False
top_category_B,subbranch_code_B05.350,1,node_2,node_4,False
top_category_B,subbranch_code_B05.500,11,node_2,node_5,False
top_category_B,subbranch_code_B05.525,1,node_2,node_6,False
top_category_B,subbranch_code_B05.550,1,node_2,node_7,False
top_category_B,subbranch_code_B05.620,4,node_2,node_8,False
top_category_B,subbranch_code_B05.698,1,node_2,node_9,False
top_category_B,subbranch_code_B05.775,9,node_2,node_10,False
top_category_B,subbranch_code_G02.111,1,node_2,node_10,False
top_category_B,subbranch_code_G05.360,1,node_2,node_6,False
top_category_B,subbranch_code_G06.591,1,node_2,node_1,False
top_category_B,subbranch_code_G07.203,5,node_2,node_4,False
top_category_B,subbranch_code_G07.345,11,node_2,node_9,False
top_category_B,subbranch_code_G12.470,1,node_2,node_6,False
top_category_B,subbranch_code_G16.500,4,node_2,node_7,False
top_category_B,subbranch_code_J02.500,5,node_2,node_7,False
top_category_B,subbranch_code_N06.230,3,node_2,node_5,False
top_category_C,branch_code_A03,1,node_3,node_9,False
top_category_C,branch_code_A10,6,node_3,node_6,False
top_category_C,branch_code_A11,6,node_3,node_7,False
top_category_C,branch_code_A12,1,node_3,node_8,False
top_category_C,branch_code_A14,3,node_3,node_10,False
top_category_C,branch_code_A15,1,node_3,node_1,False
top_category_C,branch_code_C01,786,node_3,node_3,True
top_category_C,branch_code_C04,703,node_3,node_4,False
top_category_C,branch_code_C05,381,node_3,node_5,False
top_category_C,branch_code_C06,325,node_3,node_6,False
top_category_C,branch_code_C07,224,node_3,node_7,False
top_category_C,branch_code_C08,254,node_3,node_8,False
top_category_C,branch_code_C09,131,node_3,node_9,False
top_category_C,branch_code_C10,925,node_3,node_10,False
top_category_C,branch_code_C11,271,node_3,node_1,False
top_category_C,branch_code_C12,418,node_3,node_2,False
top_category_C,branch_code_C14,471,node_3,node_3,True
top_category_C,branch_code_C15,307,node_3,node_4,False
top_category_C,branch_code_C16,759,node_3,node_5,False
top_category_C,branch_code_C17,410,node_3,node_6,False
top_category_C,branch_code_C18,354,node_3,node_7,False
top_category_C,branch_code_C19,171,node_3,node_8,False
top_category_C,branch_code_C20,260,node_3,node_9,False
top_category_C,branch_code_C21,5,node_3,node_10,False
top_category_C,branch_code_C22,136,node_3,node_1,False
top_category_C,branch_code_C23,966,node_3,node_2,False
top_category_C,branch_code_C24,25,node_3,node_3,True
top_category_C,branch_code_C25,116,node_3,node_4,False
top_category_C,branch_code_C26,267,node_3,node_5,False
top_category_C,branch_code_D27,1,node_3,node_1,False
top_category_C,branch_code_E01,10,node_3,node_2,False
top_category_C,branch_code_E05,22,node_3,node_6,False
top_category_C,branch_code_F01,49,node_3,node_9,False
top_category_C,branch_code_F02,38,node_3,node_10,False
top_category_C,branch_code_F03,110,node_3,node_1,False
top_category_C,branch_code_G01,15,node_3,node_3,True
top_category_C,branch_code_G02,2,node_3,node_4,False
top_category_C,branch_code_G03,1,node_3,node_5,False
top_category_C,branch_code_G04,1,node_3,node_6,False
top_category_C,branch_code_G05,31,node_3,node_7,False
top_category_C,branch_code_G06,1,node_3,node_8,False
top_category_C,branch_code_G07,13,node_3,node_9,False
top_category_C,branch_code_G08,7,node_3,node_10,False
top_category_C,branch_code_G09,8,node_3,node_1,False
top_category_C,branch_code_G10,6,node_3,node_2,False
top_category_C,branch_code_G11,37,node_3,node_3,True
top_category_C,branch_code_G12,2,node_3,node_4,False
top_category_C,branch_code_G15,1,node_3,node_7,False
top_category_C,branch_code_G16,3,node_3,node_8,False
top_category_C,branch_code_I01,7,node_3,node_2,False
top_category_C,branch_code_I03,2,node_3,node_4,False
top_category_C,branch_code_N04,2,node_3,node_4,False
top_category_C,branch_code_N05,4,node_3,node_5,False
top_category_C,branch_code_N06,11,node_3,node_6,False
top_category_C,subbranch_code_A03.556,1,node_3,node_6,False
top_category_C,subbranch_code_A10.165,4,node_3,node_5,False
top_category_C,subbranch_code_A10.549,1,node_3,node_8,False
top_category_C,subbranch_code_A10.830,1,node_3,node_5,False
top_category_C,subbranch_code_A11.284,4,node_3,node_6,False
top_category_C,subbranch_code_A11.436,1,node_3,node_1,False
top_category_C,subbranch_code_A11.642,1,node_3,node_10,False
top_category_C,subbranch_code_A12.459,1,node_3,node_10,False
top_category_C,subbranch_code_A14.549,3,node_3,node_3,True
top_category_C,subbranch_code_A15.382,1,node_3,node_9,False
top_category_C,subbranch_code_C01,1,node_3,node_1,False
top_category_C,subbranch_code_C01.069,1,node_3,node_2,False
top_category_C,subbranch_code_C01.100,2,node_3,node_3,True
top_category_C,subbranch_code_C01.125,1,node_3,node_4,False
top_category_C,subbranch_code_C01.150,280,node_3,node_5,False
top_category_C,subbranch_code_C01.160,10,node_3,node_6,False
top_category_C,subbranch_code_C01.175,1,node_3,node_7,False
top_category_C,subbranch_code_C01.190,6,node_3,node_8,False
top_category_C,subbranch_code_C01.195,1,node_3,node_9,False
top_category_C,subbranch_code_C01.207,72,node_3,node_10,False
top_category_C,subbranch_code_C01.218,1,node_3,node_1,False
top_category_C,subbranch_code_C01.221,33,node_3,node_2,False
top_category_C,subbranch_code_C01.234,2,node_3,node_3,True
top_category_C,subbranch_code_C01.248,3,node_3,node_4,False
top_category_C,subbranch_code_C01.375,21,node_3,node_5,False
top_category_C,subbranch_code_C01.392,2,node_3,node_6,False
top_category_C,subbranch_code_C01.408,3,node_3,node_7,False
top_category_C,subbranch_code_C01.436,4,node_3,node_8,False
top_category_C,subbranch_code_C01.463,6,node_3,node_9,False
top_category_C,subbranch_code_C01.503,1,node_3,node_10,False
top_category_C,subbranch_code_C01.550,3,node_3,node_1,False
top_category_C,subbranch_code_C01.597,3,node_3,node_2,False
top_category_C,subbranch_code_C01.610,139,node_3,node_3,True
top_category_C,subbranch_code_C01.635,2,node_3,node_4,False
top_category_C,subbranch_code_C01.645,1,node_3,node_5,False
top_category_C,subbranch_code_C01.655,1,node_3,node_6,False
top_category_C,subbranch_code_C01.674,3,node_3,node_7,False
top_category_C,subbranch_code_C01.685,1,node_3,node_8,False
top_category_C,subbranch_code_C01.730,1,node_3,node_9,False
top_category_C,subbranch_code_C01.748,64,node_3,node_10,False
top_category_C,subbranch_code_C01.757,8,node_3,node_1,False
top_category_C,subbranch_code_C01.778,22,node_3,node_2,False
top_category_C,subbranch_code_C01.800,45,node_3,node_3,True
top_category_C,subbranch_code_C01.820,1,node_3,node_4,False
top_category_C,subbranch_code_C01.830,26,node_3,node_5,False
top_category_C,subbranch_code_C01.861,2,node_3,node_6,False
top_category_C,subbranch_code_C01.915,4,node_3,node_7,False
top_category_C,subbranch_code_C01.918,1,node_3,node_8,False
top_category_C,subbranch_code_C01.920,75,node_3,node_9,False
top_category_C,subbranch_code_C01.925,229,node_3,node_10,False
top_category_C,subbranch_code_C01.936,1,node_3,node_1,False
top_category_C,subbranch_code_C01.947,2,node_3,node_2,False
top_category_C,subbranch_code_C01.973,3,node_3,node_3,True
top_category_C,subbranch_code_C04,1,node_3,node_4,False
top_category_C,subbranch_code_C04.182,39,node_3,node_5,False
top_category_C,subbranch_code_C04.445,5,node_3,node_6,False
top_category_C,subbranch_code_C04.557,441,node_3,node_7,False
top_category_C,subbranch_code_C04.588,241,node_3,node_8,False
top_category_C,subbranch_code_C04.619,19,node_3,node_9,False
top_category_C,subbranch_code_C04.626,1,node_3,node_10,False
top_category_C,subbranch_code_C04.651,8,node_3,node_1,False
top_category_C,subbranch_code_C04.666,1,node_3,node_2,False
top_category_C,subbranch_code_C04.682,2,node_3,node_3,True
top_category_C,subbranch_code_C04.692,1,node_3,node_4,False
top_category_C,subbranch_code_C04.697,21,node_3,node_5,False
top_category_C,subbranch_code_C04.700,25,node_3,node_6,False
top_category_C,subbranch_code_C04.730,14,node_3,node_7,False
top_category_C,subbranch_code_C04.834,15,node_3,node_8,False
top_category_C,subbranch_code_C04.850,8,node_3,node_9,False
top_category_C,subbranch_code_C05,1,node_3,node_10,False
top_category_C,subbranch_code_C05.116,164,node_3,node_1,False
top_category_C,subbranch_code_C05.182,10,node_3,node_2,False
top_category_C,subbranch_code_C05.321,3,node_3,node_3,True
top_category_C,subbranch_code_C05.330,18,node_3,node_4,False
top_category_C,subbranch_code_C05.360,7,node_3,node_5,False
top_category_C,subbranch_code_C05.390,3,node_3,node_6,False
top_category_C,subbranch_code_C05.500,30,node_3,node_7,False
top_category_C,subbranch_code_C05.550,76,node_3,node_8,False
top_category_C,subbranch_code_C05.651,77,node_3,node_9,False
top_category_C,subbranch_code_C05.660,68,node_3,node_10,False
top_category_C,subbranch_code_C05.799,21,node_3,node_1,False
top_category_C,subbranch_code_C06,1,node_3,node_2,False
top_category_C,subbranch_code_C06.130,32,node_3,node_3,True
top_category_C,subbranch_code_C06.198,15,node_3,node_4,False
top_category_C,subbranch_code_C06.267,9,node_3,node_5,False
top_category_C,subbranch_code_C06.301,43,node_3,node_6,False
top_category_C,subbranch_code_C06.405,177,node_3,node_7,False
top_category_C,subbranch_code_C06.552,71,node_3,node_8,False
top_category_C,subbranch_code_C06.689,27,node_3,node_9,False
top_category_C,subbranch_code_C06.844,14,node_3,node_10,False
top_category_C,subbranch_code_C07,1,node_3,node_1,False
top_category_C,subbranch_code_C07.160,1,node_3,node_2,False
top_category_C,subbranch_code_C07.320,34,node_3,node_3,True
top_category_C,subbranch_code_C07.465,122,node_3,node_4,False
top_category_C,subbranch_code_C07.550,15,node_3,node_5,False
top_category_C,subbranch_code_C07.650,30,node_3,node_6,False
top_category_C,subbranch_code_C07.678,2,node_3,node_7,False
top_category_C,subbranch_code_C07.793,64,node_3,node_8,False
top_category_C,subbranch_code_C08,1,node_3,node_9,False
top_category_C,subbranch_code_C08.127,27,node_3,node_10,False
top_category_C,subbranch_code_C08.200,2,node_3,node_1,False
top_category_C,subbranch_code_C08.280,2,node_3,node_2,False
top_category_C,subbranch_code_C08.360,21,node_3,node_3,True
top_category_C,subbranch_code_C08.381,111,node_3,node_4,False
top_category_C,subbranch_code_C08.460,27,node_3,node_5,False
top_category_C,subbranch_code_C08.528,15,node_3,node_6,False
top_category_C,subbranch_code_C08.618,41,node_3,node_7,False
top_category_C,subbranch_code_C08.674,18,node_3,node_8,False
top_category_C,subbranch_code_C08.695,9,node_3,node_9,False
top_category_C,subbranch_code_C08.702,3,node_3,node_10,False
top_category_C,subbranch_code_C08.730,65,node_3,node_1,False
top_category_C,subbranch_code_C08.785,17,node_3,node_2,False
top_category_C,subbranch_code_C08.846,6,node_3,node_3,True
top_category_C,subbranch_code_C08.907,8,node_3,node_4,False
top_category_C,subbranch_code_C09,1,node_3,node_5,False
top_category_C,subbranch_code_C09.150,2,node_3,node_6,False
top_category_C,subbranch_code_C09.218,64,node_3,node_7,False
top_category_C,subbranch_code_C09.400,20,node_3,node_8,False
top_category_C,subbranch_code_C09.603,27,node_3,node_9,False
top_category_C,subbranch_code_C09.647,14,node_3,node_10,False
top_category_C,subbranch_code_C09.775,16,node_3,node_1,False
top_category_C,subbranch_code_C10,1,node_3,node_2,False
top_category_C,subbranch_code_C10.114,29,node_3,node_3,True
top_category_C,subbranch_code_C10.177,20,node_3,node_4,False
top_category_C,subbranch_code_C10.228,413,node_3,node_5,False
top_category_C,subbranch_code_C10.281,4,node_3,node_6,False
top_category_C,subbranch_code_C10.292,76,node_3,node_7,False
top_category_C,subbranch_code_C10.314,27,node_3,node_8,False
top_category_C,subbranch_code_C10.500,55,node_3,node_9,False
top_category_C,subbranch_code_C10.551,33,node_3,node_10,False
top_category_C,subbranch_code_C10.562,9,node_3,node_1,False
top_category_C,subbranch_code_C10.574,78,node_3,node_2,False
top_category_C,subbranch_code_C10.586,47,node_3,node_3,True
top_category_C,subbranch_code_C10.597,215,node_3,node_4,False
top_category_C,subbranch_code_C10.668,125,node_3,node_5,False
top_category_C,subbranch_code_C10.720,20,node_3,node_6,False
top_category_C,subbranch_code_C10.803,1,node_3,node_7,False
top_category_C,subbranch_code_C10.886,29,node_3,node_8,False
top_category_C,subbranch_code_C10.900,76,node_3,node_9,False
top_category_C,subbranch_code_C11,1,node_3,node_10,False
top_category_C,subbranch_code_C11.093,1,node_3,node_1,False
top_category_C,subbranch_code_C11.180,1,node_3,node_2,False
top_category_C,subbranch_code_C11.187,17,node_3,node_3,True
top_category_C,subbranch_code_C11.204,24,node_3,node_4,False
top_category_C,subbranch_code_C11.250,16,node_3,node_5,False
top_category_C,subbranch_code_C11.270,39,node_3,node_6,False
top_category_C,subbranch_code_C11.290,5,node_3,node_7,False
top_category_C,subbranch_code_C11.294,25,node_3,node_8,False
top_category_C,subbranch_code_C11.297,5,node_3,node_9,False
top_category_C,subbranch_code_C11.300,4,node_3,node_10,False
top_category_C,subbranch_code_C11.319,11,node_3,node_1,False
top_category_C,subbranch_code_C11.338,14,node_3,node_2,False
top_category_C,subbranch_code_C11.496,8,node_3,node_3,True
top_category_C,subbranch_code_C11.510,8,node_3,node_4,False
top_category_C,subbranch_code_C11.525,7,node_3,node_5,False
top_category_C,subbranch_code_C11.540,1,node_3,node_6,False
top_category_C,subbranch_code_C11.590,21,node_3,node_7,False
top_category_C,subbranch_code_C11.640,17,node_3,node_8,False
top_category_C,subbranch_code_C11.675,11,node_3,node_9,False
top_category_C,subbranch_code_C11.710,7,node_3,node_10,False
top_category_C,subbranch_code_C11.744,9,node_3,node_1,False
top_category_C,subbranch_code_C11.768,44,node_3,node_2,False
top_category_C,subbranch_code_C11.790,2,node_3,node_3,True
top_category_C,subbranch_code_C11.941,37,node_3,node_4,False
top_category_C,subbranch_code_C11.966,17,node_3,node_5,False
top_category_C,subbranch_code_C11.980,1,node_3,node_6,False
top_category_C,subbranch_code_C12,1,node_3,node_7,False
top_category_C,subbranch_code_C12.050,349,node_3,node_8,False
top_category_C,subbranch_code_C12.100,152,node_3,node_9,False
top_category_C,subbranch_code_C12.200,215,node_3,node_10,False
top_category_C,subbranch_code_C12.400,1,node_3,node_1,False
top_category_C,subbranch_code_C12.600,4,node_3,node_2,False
top_category_C,subbranch_code_C12.800,38,node_3,node_3,True
top_category_C,subbranch_code_C12.900,38,node_3,node_4,False
top_category_C,subbranch_code_C12.950,138,node_3,node_5,False
top_category_C,subbranch_code_C14,1,node_3,node_6,False
top_category_C,subbranch_code_C14.240,68,node_3,node_7,False
top_category_C,subbranch_code_C14.260,6,node_3,node_8,False
top_category_C,subbranch_code_C14.280,196,node_3,node_9,False
top_category_C,subbranch_code_C14.583,3,node_3,node_10,False
top_category_C,subbranch_code_C14.907,288,node_3,node_1,False
top_category_C,subbranch_code_C15,1,node_3,node_2,False
top_category_C,subbranch_code_C15.378,217,node_3,node_3,True
top_category_C,subbranch_code_C15.604,111,node_3,node_4,False
top_category_C,subbranch_code_C16,1,node_3,node_5,False
top_category_C,subbranch_code_C16.131,373,node_3,node_6,False
top_category_C,subbranch_code_C16.300,12,node_3,node_7,False
top_category_C,subbranch_code_C16.320,452,node_3,node_8,False
top_category_C,subbranch_code_C16.614,56,node_3,node_9,False
top_category_C,subbranch_code_C17,1,node_3,node_10,False
top_category_C,subbranch_code_C17.300,83,node_3,node_1,False
top_category_C,subbranch_code_C17.800,352,node_3,node_2,False
top_category_C,subbranch_code_C18,1,node_3,node_3,True
top_category_C,subbranch_code_C18.452,307,node_3,node_4,False
top_category_C,subbranch_code_C18.654,55,node_3,node_5,False
top_category_C,subbranch_code_C19,1,node_3,node_6,False
top_category_C,subbranch_code_C19.053,17,node_3,node_7,False
top_category_C,subbranch_code_C19.149,1,node_3,node_8,False
top_category_C,subbranch_code_C19.246,22,node_3,node_9,False
top_category_C,subbranch_code_C19.297,4,node_3,node_10,False
top_category_C,subbranch_code_C19.344,40,node_3,node_1,False
top_category_C,subbranch_code_C19.391,53,node_3,node_2,False
top_category_C,subbranch_code_C19.642,9,node_3,node_3,True
top_category_C,subbranch_code_C19.700,21,node_3,node_4,False
top_category_C,subbranch_code_C19.787,1,node_3,node_5,False
top_category_C,subbranch_code_C19.874,29,node_3,node_6,False
top_category_C,subbranch_code_C19.927,1,node_3,node_7,False
top_category_C,subbranch_code_C20,1,node_3,node_8,False
top_category_C,subbranch_code_C20.111,69,node_3,node_9,False
top_category_C,subbranch_code_C20.306,3,node_3,node_10,False
top_category_C,subbranch_code_C20.425,1,node_3,node_1,False
top_category_C,subbranch_code_C20.452,2,node_3,node_2,False
top_category_C,subbranch_code_C20.543,66,node_3,node_3,True
top_category_C,subbranch_code_C20.608,1,node_3,node_4,False
top_category_C,subbranch_code_C20.673,40,node_3,node_5,False
top_category_C,subbranch_code_C20.683,66,node_3,node_6,False
top_category_C,subbranch_code_C20.762,10,node_3,node_7,False
top_category_C,subbranch_code_C20.841,2,node_3,node_8,False
top_category_C,subbranch_code_C20.920,2,node_3,node_9,False
top_category_C,subbranch_code_C21,1,node_3,node_10,False
top_category_C,subbranch_code_C21.223,3,node_3,node_1,False
top_category_C,subbranch_code_C21.676,1,node_3,node_2,False
top_category_C,subbranch_code_C22,1,node_3,node_3,True
top_category_C,subbranch_code_C22.021,2,node_3,node_4,False
top_category_C,subbranch_code_C22.039,1,node_3,node_5,False
top_category_C,subbranch_code_C22.062,1,node_3,node_6,False
top_category_C,subbranch_code_C22.073,1,node_3,node_7,False
top_category_C,subbranch_code_C22.085,1,node_3,node_8,False
top_category_C,subbranch_code_C22.131,13,node_3,node_9,False
top_category_C,subbranch_code_C22.152,1,node_3,node_10,False
top_category_C,subbranch_code_C22.180,5,node_3,node_1,False
top_category_C,subbranch_code_C22.196,20,node_3,node_2,False
top_category_C,subbranch_code_C22.214,1,node_3,node_3,True
top_category_C,subbranch_code_C22.232,1,node_3,node_4,False
top_category_C,subbranch_code_C22.268,4,node_3,node_5,False
top_category_C,subbranch_code_C22.313,1,node_3,node_6,False
top_category_C,subbranch_code_C22.331,2,node_3,node_7,False
top_category_C,subbranch_code_C22.362,3,node_3,node_8,False
top_category_C,subbranch_code_C22.380,1,node_3,node_9,False
top_category_C,subbranch_code_C22.394,1,node_3,node_10,False
top_category_C,subbranch_code_C22.405,1,node_3,node_1,False
top_category_C,subbranch_code_C22.434,1,node_3,node_2,False
top_category_C,subbranch_code_C22.467,4,node_3,node_3,True
top_category_C,subbranch_code_C22.488,5,node_3,node_4,False
top_category_C,subbranch_code_C22.500,1,node_3,node_5,False
top_category_C,subbranch_code_C22.510,1,node_3,node_6,False
top_category_C,subbranch_code_C22.520,1,node_3,node_7,False
top_category_C,subbranch_code_C22.557,1,node_3,node_8,False
top_category_C,subbranch_code_C22.595,2,node_3,node_9,False
top_category_C,subbranch_code_C22.627,1,node_3,node_10,False
top_category_C,subbranch_code_C22.674,16,node_3,node_1,False
top_category_C,subbranch_code_C22.688,1,node_3,node_2,False
top_category_C,subbranch_code_C22.695,1,node_3,node_3,True
top_category_C,subbranch_code_C22.706,1,node_3,node_4,False
top_category_C,subbranch_code_C22.717,1,node_3,node_5,False
top_category_C,subbranch_code_C22.735,6,node_3,node_6,False
top_category_C,subbranch_code_C22.742,1,node_3,node_7,False
top_category_C,subbranch_code_C22.761,1,node_3,node_8,False
top_category_C,subbranch_code_C22.780,1,node_3,node_9,False
top_category_C,subbranch_code_C22.795,4,node_3,node_10,False
top_category_C,subbranch_code_C22.812,1,node_3,node_1,False
top_category_C,subbranch_code_C22.836,11,node_3,node_2,False
top_category_C,subbranch_code_C22.880,1,node_3,node_3,True
top_category_C,subbranch_code_C22.905,13,node_3,node_4,False
top_category_C,subbranch_code_C22.950,1,node_3,node_5,False
top_category_C,subbranch_code_C22.952,1,node_3,node_6,False
top_category_C,subbranch_code_C22.955,1,node_3,node_7,False
top_category_C,subbranch_code_C22.969,3,node_3,node_8,False
top_category_C,subbranch_code_C23,1,node_3,node_9,False
top_category_C,subbranch_code_C23.149,6,node_3,node_10,False
top_category_C,subbranch_code_C23.300,121,node_3,node_1,False
top_category_C,subbranch_code_C23.550,459,node_3,node_2,False
top_category_C,subbranch_code_C23.888,416,node_3,node_3,True
top_category_C,subbranch_code_C24,1,node_3,node_4,False
top_category_C,subbranch_code_C24.080,4,node_3,node_5,False
top_category_C,subbranch_code_C24.102,1,node_3,node_6,False
top_category_C,subbranch_code_C24.125,1,node_3,node_7,False
top_category_C,subbranch_code_C24.270,1,node_3,node_8,False
top_category_C,subbranch_code_C24.400,1,node_3,node_9,False
top_category_C,subbranch_code_C24.410,1,node_3,node_10,False
top_category_C,subbranch_code_C24.426,1,node_3,node_1,False
top_category_C,subbranch_code_C24.506,1,node_3,node_2,False
top_category_C,subbranch_code_C24.580,2,node_3,node_3,True
top_category_C,subbranch_code_C24.653,1,node_3,node_4,False
top_category_C,subbranch_code_C24.800,9,node_3,node_5,False
top_category_C,subbranch_code_C24.900,1,node_3,node_6,False
top_category_C,subbranch_code_C25,1,node_3,node_7,False
top_category_C,subbranch_code_C25.100,26,node_3,node_8,False
top_category_C,subbranch_code_C25.723,57,node_3,node_9,False
top_category_C,subbranch_code_C25.775,44,node_3,node_10,False
top_category_C,subbranch_code_C26,1,node_3,node_1,False
top_category_C,subbranch_code_C26.017,5,node_3,node_2,False
top_category_C,subbranch_code_C26.040,1,node_3,node_3,True
top_category_C,subbranch_code_C26.062,2,node_3,node_4,False
top_category_C,subbranch_code_C26.088,15,node_3,node_5,False
top_category_C,subbranch_code_C26.103,1,node_3,node_6,False
top_category_C,subbranch_code_C26.115,1,node_3,node_7,False
top_category_C,subbranch_code_C26.117,3,node_3,node_8,False
top_category_C,subbranch_code_C26.120,3,node_3,node_9,False
top_category_C,subbranch_code_C26.141,3,node_3,node_10,False
top_category_C,subbranch_code_C26.176,7,node_3,node_1,False
top_category_C,subbranch_code_C26.200,8,node_3,node_2,False
top_category_C,subbranch_code_C26.212,3,node_3,node_3,True
top_category_C,subbranch_code_C26.224,1,node_3,node_4,False
top_category_C,subbranch_code_C26.257,2,node_3,node_5,False
top_category_C,subbranch_code_C26.289,12,node_3,node_6,False
top_category_C,subbranch_code_C26.304,2,node_3,node_7,False
top_category_C,subbranch_code_C26.324,4,node_3,node_8,False
top_category_C,subbranch_code_C26.348,1,node_3,node_9,False
top_category_C,subbranch_code_C26.371,1,node_3,node_10,False
top_category_C,subbranch_code_C26.392,8,node_3,node_1,False
top_category_C,subbranch_code_C26.404,51,node_3,node_2,False
top_category_C,subbranch_code_C26.411,1,node_3,node_3,True
top_category_C,subbranch_code_C26.417,2,node_3,node_4,False
top_category_C,subbranch_code_C26.448,2,node_3,node_5,False
top_category_C,subbranch_code_C26.522,5,node_3,node_6,False
top_category_C,subbranch_code_C26.531,5,node_3,node_7,False
top_category_C,subbranch_code_C26.540,1,node_3,node_8,False
top_category_C,subbranch_code_C26.558,21,node_3,node_9,False
top_category_C,subbranch_code_C26.599,1,node_3,node_10,False
top_category_C,subbranch_code_C26.640,2,node_3,node_1,False
top_category_C,subbranch_code_C26.670,1,node_3,node_2,False
top_category_C,subbranch_code_C26.700,2,node_3,node_3,True
top_category_C,subbranch_code_C26.716,1,node_3,node_4,False
top_category_C,subbranch_code_C26.733,15,node_3,node_5,False
top_category_C,subbranch_code_C26.741,1,node_3,node_6,False
top_category_C,subbranch_code_C26.748,1,node_3,node_7,False
top_category_C,subbranch_code_C26.761,8,node_3,node_8,False
top_category_C,subbranch_code_C26.780,1,node_3,node_9,False
top_category_C,subbranch_code_C26.797,2,node_3,node_10,False
top_category_C,subbranch_code_C26.803,6,node_3,node_1,False
top_category_C,subbranch_code_C26.808,2,node_3,node_2,False
top_category_C,subbranch_code_C26.819,3,node_3,node_3,True
top_category_C,subbranch_code_C26.844,6,node_3,node_4,False
top_category_C,subbranch_code_C26.859,1,node_3,node_5,False
top_category_C,subbranch_code_C26.874,6,node_3,node_6,False
top_category_C,subbranch_code_C26.891,7,node_3,node_7,False
top_category_C,subbranch_code_C26.900,4,node_3,node_8,False
top_category_C,subbranch_code_C26.915,71,node_3,node_9,False
top_category_C,subbranch_code_C26.930,1,node_3,node_10,False
top_category_C,subbranch_code_C26.940,1,node_3,node_1,False
top_category_C,subbranch_code_C26.946,2,node_3,node_2,False
top_category_C,subbranch_code_C26.974,9,node_3,node_3,True
top_category_C,subbranch_code_C26.986,8,node_3,node_4,False
top_category_C,subbranch_code_D27.505,1,node_3,node_10,False
top_category_C,subbranch_code_E01.370,8,node_3,node_10,False
top_category_C,subbranch_code_E01.599,1,node_3,node_4,False
top_category_C,subbranch_code_E01.789,1,node_3,node_5,False
top_category_C,subbranch_code_E05.041,3,node_3,node_3,True
top_category_C,subbranch_code_E05.318,2,node_3,node_10,False
top_category_C,subbranch_code_E05.325,2,node_3,node_2,False
top_category_C,subbranch_code_E05.598,15,node_3,node_2,False
top_category_C,subbranch_code_E05.599,1,node_3,node_3,True
top_category_C,subbranch_code_F01.100,1,node_3,node_10,False
top_category_C,subbranch_code_F01.145,17,node_3,node_1,False
top_category_C,subbranch_code_F01.470,2,node_3,node_4,False
top_category_C,subbranch_code_F01.700,35,node_3,node_10,False
top_category_C,subbranch_code_F02.463,1,node_3,node_8,False
top_category_C,subbranch_code_F02.830,37,node_3,node_6,False
top_category_C,subbranch_code_F03.388,4,node_3,node_5,False
top_category_C,subbranch_code_F03.400,3,node_3,node_6,False
top_category_C,subbranch_code_F03.600,3,node_3,node_7,False
top_category_C,subbranch_code_F03.615,29,node_3,node_9,False
top_category_C,subbranch_code_F03.625,12,node_3,node_10,False
top_category_C,subbranch_code_F03.700,3,node_3,node_4,False
top_category_C,subbranch_code_F03.835,4,node_3,node_5,False
top_category_C,subbranch_code_F03.870,23,node_3,node_6,False
top_category_C,subbranch_code_F03.900,33,node_3,node_8,False
top_category_C,subbranch_code_G01.750,15,node_3,node_10,False
top_category_C,subbranch_code_G02.111,2,node_3,node_10,False
top_category_C,subbranch_code_G03.191,1,node_3,node_3,True
top_category_C,subbranch_code_G03.197,1,node_3,node_5,False
top_category_C,subbranch_code_G03.295,1,node_3,node_1,False
top_category_C,subbranch_code_G03.493,1,node_3,node_3,True
top_category_C,subbranch_code_G04.270,1,node_3,node_2,False
top_category_C,subbranch_code_G05.113,1,node_3,node_4,False
top_category_C,subbranch_code_G05.200,2,node_3,node_9,False
top_category_C,subbranch_code_G05.360,5,node_3,node_6,False
top_category_C,subbranch_code_G05.365,26,node_3,node_7,False
top_category_C,subbranch_code_G05.370,4,node_3,node_8,False
top_category_C,subbranch_code_G05.380,2,node_3,node_9,False
top_category_C,subbranch_code_G05.420,1,node_3,node_3,True
top_category_C,subbranch_code_G05.558,5,node_3,node_5,False
top_category_C,subbranch_code_G05.700,8,node_3,node_8,False
top_category_C,subbranch_code_G06.920,1,node_3,node_4,False
top_category_C,subbranch_code_G07.100,6,node_3,node_10,False
top_category_C,subbranch_code_G07.345,9,node_3,node_9,False
top_category_C,subbranch_code_G07.690,1,node_3,node_7,False
top_category_C,subbranch_code_G08.686,7,node_3,node_5,False
top_category_C,subbranch_code_G09.188,1,node_3,node_8,False
top_category_C,subbranch_code_G09.330,4,node_3,node_9,False
top_category_C,subbranch_code_G09.772,3,node_3,node_10,False
top_category_C,subbranch_code_G10.261,1,node_3,node_2,False
top_category_C,subbranch_code_G10.549,5,node_3,node_3,True
top_category_C,subbranch_code_G11.427,3,node_3,node_5,False
top_category_C,subbranch_code_G11.561,34,node_3,node_6,False
top_category_C,subbranch_code_G12.122,1,node_3,node_2,False
top_category_C,subbranch_code_G12.450,1,node_3,node_4,False
top_category_C,subbranch_code_G15.630,1,node_3,node_8,False
top_category_C,subbranch_code_G16.762,1,node_3,node_7,False
top_category_C,subbranch_code_G16.767,2,node_3,node_8,False
top_category_C,subbranch_code_I01.076,1,node_3,node_4,False
top_category_C,subbranch_code_I01.198,2,node_3,node_5,False
top_category_C,subbranch_code_I01.880,5,node_3,node_9,False
top_category_C,subbranch_code_I03.883,2,node_3,node_5,False
top_category_C,subbranch_code_N04.761,2,node_3,node_4,False
top_category_C,subbranch_code_N05.300,1,node_3,node_8,False
top_category_C,subbranch_code_N05.700,1,node_3,node_2,False
top_category_C,subbranch_code_N05.715,3,node_3,node_3,True
top_category_C,subbranch_code_N06.230,1,node_3,node_5,False
top_category_C,subbranch_code_N06.850,11,node_3,node_6,False
top_category_D,branch_code_A11,11,node_4,node_7,False
top_category_D,branch_code_A12,5,node_4,node_8,False
top_category_D,branch_code_C25,1,node_4,node_4,True
top_category_D,branch_code_D01,476,node_4,node_6,False
top_category_D,branch_code_D02,2179,node_4,node_7,False
top_category_D,branch_code_D03,1470,node_4,node_8,False
top_category_D,branch_code_D04,565,node_4,node_9,False
top_category_D,branch_code_D05,304,node_4,node_10,False
top_category_D,branch_code_D06,250,node_4,node_1,False
top_category_D,branch_code_D08,1898,node_4,node_2,False
top_category_D,branch_code_D09,687,node_4,node_3,False
top_category_D,branch_code_D10,326,node_4,node_4,True
top_category_D,branch_code_D12,4176,node_4,node_5,False
top_category_D,branch_code_D13,325,node_4,node_6,False
top_category_D,branch_code_D20,278,node_4,node_7,False
top_category_D,branch_code_D23,889,node_4,node_8,False
top_category_D,branch_code_D25,138,node_4,node_9,False
top_category_D,branch_code_D26,129,node_4,node_10,False
top_category_D,branch_code_D27,692,node_4,node_1,False
top_category_D,branch_code_E02,12,node_4,node_3,False
top_category_D,branch_code_E05,2,node_4,node_6,False
top_category_D,branch_code_E06,1,node_4,node_7,False
top_category_D,branch_code_E07,9,node_4,node_8,False
top_category_D,branch_code_G01,5,node_4,node_3,False
top_category_D,branch_code_G02,27,node_4,node_4,True
top_category_D,branch_code_G05,38,node_4,node_7,False
top_category_D,branch_code_G07,55,node_4,node_9,False
top_category_D,branch_code_G12,4,node_4,node_4,True
top_category_D,branch_code_G16,9,node_4,node_8,False
top_category_D,branch_code_J01,158,node_4,node_5,False
top_category_D,branch_code_J02,55,node_4,node_6,False
top_category_D,branch_code_N06,30,node_4,node_6,False
top_category_D,subbranch_code_A11.284,11,node_4,node_6,False
top_category_D,subbranch_code_A12.200,1,node_4,node_7,False
top_category_D,subbranch_code_A12.207,2,node_4,node_8,False
top_category_D,subbranch_code_A12.790,2,node_4,node_3,False
top_category_D,subbranch_code_C25.100,1,node_4,node_8,False
top_category_D,subbranch_code_D01,1,node_4,node_5,False
top_category_D,subbranch_code_D01.029,43,node_4,node_6,False
top_category_D,subbranch_code_D01.045,19,node_4,node_7,False
top_category_D,subbranch_code_D01.056,10,node_4,node_8,False
top_category_D,subbranch_code_D01.075,4,node_4,node_9,False
top_category_D,subbranch_code_D01.103,2,node_4,node_10,False
top_category_D,subbranch_code_D01.132,9,node_4,node_1,False
top_category_D,subbranch_code_D01.139,5,node_4,node_2,False
top_category_D,subbranch_code_D01.142,2,node_4,node_3,False
top_category_D,subbranch_code_D01.146,14,node_4,node_4,True
top_category_D,subbranch_code_D01.200,12,node_4,node_5,False
top_category_D,subbranch_code_D01.210,19,node_4,node_6,False
top_category_D,subbranch_code_D01.220,5,node_4,node_7,False
top_category_D,subbranch_code_D01.234,1,node_4,node_8,False
top_category_D,subbranch_code_D01.248,68,node_4,node_9,False
top_category_D,subbranch_code_D01.268,174,node_4,node_10,False
top_category_D,subbranch_code_D01.303,9,node_4,node_1,False
top_category_D,subbranch_code_D01.339,24,node_4,node_2,False
top_category_D,subbranch_code_D01.362,37,node_4,node_3,False
top_category_D,subbranch_code_D01.379,5,node_4,node_4,True
top_category_D,subbranch_code_D01.475,8,node_4,node_5,False
top_category_D,subbranch_code_D01.490,12,node_4,node_6,False
top_category_D,subbranch_code_D01.496,89,node_4,node_7,False
top_category_D,subbranch_code_D01.510,3,node_4,node_8,False
top_category_D,subbranch_code_D01.524,10,node_4,node_9,False
top_category_D,subbranch_code_D01.530,2,node_4,node_10,False
top_category_D,subbranch_code_D01.538,2,node_4,node_1,False
top_category_D,subbranch_code_D01.552,126,node_4,node_2,False
top_category_D,subbranch_code_D01.578,27,node_4,node_3,False
top_category_D,subbranch_code_D01.625,34,node_4,node_4,True
top_category_D,subbranch_code_D01.640,2,node_4,node_5,False
top_category_D,subbranch_code_D01.650,46,node_4,node_6,False
top_category_D,subbranch_code_D01.695,23,node_4,node_7,False
top_category_D,subbranch_code_D01.710,2,node_4,node_8,False
top_category_D,subbranch_code_D01.745,8,node_4,node_9,False
top_category_D,subbranch_code_D01.765,2,node_4,node_10,False
top_category_D,subbranch_code_D01.786,1,node_4,node_1,False
top_category_D,subbranch_code_D01.810,5,node_4,node_2,False
top_category_D,subbranch_code_D01.837,21,node_4,node_3,False
top_category_D,subbranch_code_D01.847,2,node_4,node_4,True
top_category_D,subbranch_code_D01.857,15,node_4,node_5,False
top_category_D,subbranch_code_D01.875,28,node_4,node_6,False
top_category_D,subbranch_code_D01.925,4,node_4,node_7,False
top_category_D,subbranch_code_D01.928,1,node_4,node_8,False
top_category_D,subbranch_code_D01.930,2,node_4,node_9,False
top_category_D,subbranch_code_D01.935,3,node_4,node_10,False
top_category_D,subbranch_code_D01.940,2,node_4,node_1,False
top_category_D,subbranch_code_D01.950,2,node_4,node_2,False
top_category_D,subbranch_code_D01.960,2,node_4,node_3,False
top_category_D,subbranch_code_D01.975,3,node_4,node_4,True
top_category_D,subbranch_code_D02,1,node_4,node_5,False
top_category_D,subbranch_code_D02.033,177,node_4,node_6,False
top_category_D,subbranch_code_D02.047,19,node_4,node_7,False
top_category_D,subbranch_code_D02.065,267,node_4,node_8,False
top_category_D,subbranch_code_D02.078,33,node_4,node_9,False
top_category_D,subbranch_code_D02.092,350,node_4,node_10,False
top_category_D,subbranch_code_D02.113,7,node_4,node_1,False
top_category_D,subbranch_code_D02.121,1,node_4,node_2,False
top_category_D,subbranch_code_D02.125,1,node_4,node_3,False
top_category_D,subbranch_code_D02.129,9,node_4,node_4,True
top_category_D,subbranch_code_D02.145,22,node_4,node_5,False
top_category_D,subbranch_code_D02.159,1,node_4,node_6,False
top_category_D,subbranch_code_D02.172,19,node_4,node_7,False
top_category_D,subbranch_code_D02.203,10,node_4,node_8,False
top_category_D,subbranch_code_D02.241,394,node_4,node_9,False
top_category_D,subbranch_code_D02.251,2,node_4,node_10,False
top_category_D,subbranch_code_D02.257,8,node_4,node_1,False
top_category_D,subbranch_code_D02.262,2,node_4,node_2,False
top_category_D,subbranch_code_D02.309,8,node_4,node_3,False
top_category_D,subbranch_code_D02.332,1,node_4,node_4,True
top_category_D,subbranch_code_D02.355,55,node_4,node_5,False
top_category_D,subbranch_code_D02.389,24,node_4,node_6,False
top_category_D,subbranch_code_D02.442,17,node_4,node_7,False
top_category_D,subbranch_code_D02.455,798,node_4,node_8,False
top_category_D,subbranch_code_D02.478,13,node_4,node_9,False
top_category_D,subbranch_code_D02.491,17,node_4,node_10,False
top_category_D,subbranch_code_D02.500,7,node_4,node_1,False
top_category_D,subbranch_code_D02.522,47,node_4,node_2,False
top_category_D,subbranch_code_D02.540,63,node_4,node_3,False
top_category_D,subbranch_code_D02.561,1,node_4,node_4,True
top_category_D,subbranch_code_D02.572,1,node_4,node_5,False
top_category_D,subbranch_code_D02.578,2,node_4,node_6,False
top_category_D,subbranch_code_D02.583,3,node_4,node_7,False
top_category_D,subbranch_code_D02.626,23,node_4,node_8,False
top_category_D,subbranch_code_D02.633,2,node_4,node_9,False
top_category_D,subbranch_code_D02.640,48,node_4,node_10,False
top_category_D,subbranch_code_D02.654,21,node_4,node_1,False
top_category_D,subbranch_code_D02.675,51,node_4,node_2,False
top_category_D,subbranch_code_D02.691,45,node_4,node_3,False
top_category_D,subbranch_code_D02.705,77,node_4,node_4,True
top_category_D,subbranch_code_D02.731,3,node_4,node_5,False
top_category_D,subbranch_code_D02.756,10,node_4,node_6,False
top_category_D,subbranch_code_D02.806,26,node_4,node_7,False
top_category_D,subbranch_code_D02.825,1,node_4,node_8,False
top_category_D,subbranch_code_D02.845,6,node_4,node_9,False
top_category_D,subbranch_code_D02.886,442,node_4,node_10,False
top_category_D,subbranch_code_D02.925,4,node_4,node_1,False
top_category_D,subbranch_code_D02.974,1,node_4,node_2,False
top_category_D,subbranch_code_D03,1,node_4,node_3,False
top_category_D,subbranch_code_D03.066,43,node_4,node_4,True
top_category_D,subbranch_code_D03.132,159,node_4,node_5,False
top_category_D,subbranch_code_D03.258,1,node_4,node_6,False
top_category_D,subbranch_code_D03.383,789,node_4,node_7,False
top_category_D,subbranch_code_D03.605,53,node_4,node_8,False
top_category_D,subbranch_code_D03.633,802,node_4,node_9,False
top_category_D,subbranch_code_D03.661,7,node_4,node_10,False
top_category_D,subbranch_code_D04,1,node_4,node_1,False
top_category_D,subbranch_code_D04.075,7,node_4,node_2,False
top_category_D,subbranch_code_D04.210,270,node_4,node_3,False
top_category_D,subbranch_code_D04.345,117,node_4,node_4,True
top_category_D,subbranch_code_D04.615,149,node_4,node_5,False
top_category_D,subbranch_code_D04.663,6,node_4,node_6,False
top_category_D,subbranch_code_D04.711,17,node_4,node_7,False
top_category_D,subbranch_code_D05,1,node_4,node_8,False
top_category_D,subbranch_code_D05.374,1,node_4,node_9,False
top_category_D,subbranch_code_D05.500,91,node_4,node_10,False
top_category_D,subbranch_code_D05.750,212,node_4,node_1,False
top_category_D,subbranch_code_D05.875,1,node_4,node_2,False
top_category_D,subbranch_code_D05.937,3,node_4,node_3,False
top_category_D,subbranch_code_D06,1,node_4,node_4,True
top_category_D,subbranch_code_D06.347,15,node_4,node_5,False
top_category_D,subbranch_code_D06.472,234,node_4,node_6,False
top_category_D,subbranch_code_D08,1,node_4,node_7,False
top_category_D,subbranch_code_D08.211,29,node_4,node_8,False
top_category_D,subbranch_code_D08.244,71,node_4,node_9,False
top_category_D,subbranch_code_D08.622,18,node_4,node_10,False
top_category_D,subbranch_code_D08.811,1838,node_4,node_1,False
top_category_D,subbranch_code_D09,1,node_4,node_2,False
top_category_D,subbranch_code_D09.067,18,node_4,node_3,False
top_category_D,subbranch_code_D09.161,1,node_4,node_4,True
top_category_D,subbranch_code_D09.254,6,node_4,node_5,False
top_category_D,subbranch_code_D09.301,18,node_4,node_6,False
top_category_D,subbranch_code_D09.400,359,node_4,node_7,False
top_category_D,subbranch_code_D09.408,117,node_4,node_8,False
top_category_D,subbranch_code_D09.553,4,node_4,node_9,False
top_category_D,subbranch_code_D09.698,109,node_4,node_10,False
top_category_D,subbranch_code_D09.811,28,node_4,node_1,False
top_category_D,subbranch_code_D09.853,28,node_4,node_2,False
top_category_D,subbranch_code_D09.894,24,node_4,node_3,False
top_category_D,subbranch_code_D09.947,36,node_4,node_4,True
top_category_D,subbranch_code_D09.973,1,node_4,node_5,False
top_category_D,subbranch_code_D10,1,node_4,node_6,False
top_category_D,subbranch_code_D10.150,1,node_4,node_7,False
top_category_D,subbranch_code_D10.212,28,node_4,node_8,False
top_category_D,subbranch_code_D10.251,127,node_4,node_9,False
top_category_D,subbranch_code_D10.289,23,node_4,node_10,False
top_category_D,subbranch_code_D10.351,6,node_4,node_1,False
top_category_D,subbranch_code_D10.390,25,node_4,node_2,False
top_category_D,subbranch_code_D10.440,1,node_4,node_3,False
top_category_D,subbranch_code_D10.460,1,node_4,node_4,True
top_category_D,subbranch_code_D10.477,7,node_4,node_5,False
top_category_D,subbranch_code_D10.494,3,node_4,node_6,False
top_category_D,subbranch_code_D10.532,38,node_4,node_7,False
top_category_D,subbranch_code_D10.570,79,node_4,node_8,False
top_category_D,subbranch_code_D10.627,27,node_4,node_9,False
top_category_D,subbranch_code_D10.751,2,node_4,node_10,False
top_category_D,subbranch_code_D10.945,2,node_4,node_1,False
top_category_D,subbranch_code_D12,1,node_4,node_2,False
top_category_D,subbranch_code_D12.125,160,node_4,node_3,False
top_category_D,subbranch_code_D12.644,819,node_4,node_4,True
top_category_D,subbranch_code_D12.776,3851,node_4,node_5,False
top_category_D,subbranch_code_D12.888,1,node_4,node_6,False
top_category_D,subbranch_code_D13,1,node_4,node_7,False
top_category_D,subbranch_code_D13.150,10,node_4,node_8,False
top_category_D,subbranch_code_D13.400,2,node_4,node_9,False
top_category_D,subbranch_code_D13.444,140,node_4,node_10,False
top_category_D,subbranch_code_D13.570,72,node_4,node_1,False
top_category_D,subbranch_code_D13.695,117,node_4,node_2,False
top_category_D,subbranch_code_D20,1,node_4,node_3,False
top_category_D,subbranch_code_D20.050,1,node_4,node_4,True
top_category_D,subbranch_code_D20.065,1,node_4,node_5,False
top_category_D,subbranch_code_D20.080,1,node_4,node_6,False
top_category_D,subbranch_code_D20.147,1,node_4,node_7,False
top_category_D,subbranch_code_D20.215,167,node_4,node_8,False
top_category_D,subbranch_code_D20.280,14,node_4,node_9,False
top_category_D,subbranch_code_D20.313,1,node_4,node_10,False
top_category_D,subbranch_code_D20.345,8,node_4,node_1,False
top_category_D,subbranch_code_D20.475,1,node_4,node_2,False
top_category_D,subbranch_code_D20.538,1,node_4,node_3,False
top_category_D,subbranch_code_D20.601,1,node_4,node_4,True
top_category_D,subbranch_code_D20.633,8,node_4,node_5,False
top_category_D,subbranch_code_D20.693,6,node_4,node_6,False
top_category_D,subbranch_code_D20.721,4,node_4,node_7,False
top_category_D,subbranch_code_D20.749,3,node_4,node_8,False
top_category_D,subbranch_code_D20.777,9,node_4,node_9,False
top_category_D,subbranch_code_D20.832,1,node_4,node_10,False
top_category_D,subbranch_code_D20.888,38,node_4,node_1,False
top_category_D,subbranch_code_D20.944,12,node_4,node_2,False
top_category_D,subbranch_code_D23,1,node_4,node_3,False
top_category_D,subbranch_code_D23.050,308,node_4,node_4,True
top_category_D,subbranch_code_D23.063,1,node_4,node_5,False
top_category_D,subbranch_code_D23.101,75,node_4,node_6,False
top_category_D,subbranch_code_D23.113,5,node_4,node_7,False
top_category_D,subbranch_code_D23.119,39,node_4,node_8,False
top_category_D,subbranch_code_D23.125,45,node_4,node_9,False
top_category_D,subbranch_code_D23.297,2,node_4,node_10,False
top_category_D,subbranch_code_D23.383,1,node_4,node_1,False
top_category_D,subbranch_code_D23.469,108,node_4,node_2,False
top_category_D,subbranch_code_D23.529,279,node_4,node_3,False
top_category_D,subbranch_code_D23.585,1,node_4,node_4,True
top_category_D,subbranch_code_D23.641,4,node_4,node_5,False
top_category_D,subbranch_code_D23.704,7,node_4,node_6,False
top_category_D,subbranch_code_D23.767,67,node_4,node_7,False
top_category_D,subbranch_code_D23.946,116,node_4,node_8,False
top_category_D,subbranch_code_D25,1,node_4,node_9,False
top_category_D,subbranch_code_D25.058,9,node_4,node_10,False
top_category_D,subbranch_code_D25.130,5,node_4,node_1,False
top_category_D,subbranch_code_D25.187,1,node_4,node_2,False
top_category_D,subbranch_code_D25.223,5,node_4,node_3,False
top_category_D,subbranch_code_D25.339,32,node_4,node_4,True
top_category_D,subbranch_code_D25.376,3,node_4,node_5,False
top_category_D,subbranch_code_D25.479,5,node_4,node_6,False
top_category_D,subbranch_code_D25.583,2,node_4,node_7,False
top_category_D,subbranch_code_D25.651,1,node_4,node_8,False
top_category_D,subbranch_code_D25.720,84,node_4,node_9,False
top_category_D,subbranch_code_D25.800,1,node_4,node_10,False
top_category_D,subbranch_code_D25.860,3,node_4,node_1,False
top_category_D,subbranch_code_D25.919,4,node_4,node_2,False
top_category_D,subbranch_code_D26,1,node_4,node_3,False
top_category_D,subbranch_code_D26.025,1,node_4,node_4,True
top_category_D,subbranch_code_D26.049,1,node_4,node_5,False
top_category_D,subbranch_code_D26.074,1,node_4,node_6,False
top_category_D,subbranch_code_D26.255,37,node_4,node_7,False
top_category_D,subbranch_code_D26.310,30,node_4,node_8,False
top_category_D,subbranch_code_D26.335,1,node_4,node_9,False
top_category_D,subbranch_code_D26.355,1,node_4,node_10,False
top_category_D,subbranch_code_D26.360,1,node_4,node_1,False
top_category_D,subbranch_code_D26.371,1,node_4,node_2,False
top_category_D,subbranch_code_D26.526,1,node_4,node_3,False
top_category_D,subbranch_code_D26.528,1,node_4,node_4,True
top_category_D,subbranch_code_D26.530,2,node_4,node_5,False
top_category_D,subbranch_code_D26.593,1,node_4,node_6,False
top_category_D,subbranch_code_D26.650,11,node_4,node_7,False
top_category_D,subbranch_code_D26.655,1,node_4,node_8,False
top_category_D,subbranch_code_D26.660,1,node_4,node_9,False
top_category_D,subbranch_code_D26.667,4,node_4,node_10,False
top_category_D,subbranch_code_D26.670,1,node_4,node_1,False
top_category_D,subbranch_code_D26.675,2,node_4,node_2,False
top_category_D,subbranch_code_D26.776,22,node_4,node_3,False
top_category_D,subbranch_code_D26.878,2,node_4,node_4,True
top_category_D,subbranch_code_D26.894,2,node_4,node_5,False
top_category_D,subbranch_code_D26.909,2,node_4,node_6,False
top_category_D,subbranch_code_D26.939,1,node_4,node_7,False
top_category_D,subbranch_code_D26.969,1,node_4,node_8,False
top_category_D,subbranch_code_D27,1,node_4,node_9,False
top_category_D,subbranch_code_D27.505,539,node_4,node_10,False
top_category_D,subbranch_code_D27.720,177,node_4,node_1,False
top_category_D,subbranch_code_D27.888,59,node_4,node_2,False
top_category_D,subbranch_code_E02.319,10,node_4,node_1,False
top_category_D,subbranch_code_E02.785,1,node_4,node_9,False
top_category_D,subbranch_code_E02.980,1,node_4,node_4,True
top_category_D,subbranch_code_E05.916,2,node_4,node_9,False
top_category_D,subbranch_code_E06.780,1,node_4,node_4,True
top_category_D,subbranch_code_E07.206,3,node_4,node_9,False
top_category_D,subbranch_code_E07.357,2,node_4,node_9,False
top_category_D,subbranch_code_E07.695,1,node_4,node_10,False
top_category_D,subbranch_code_E07.720,2,node_4,node_5,False
top_category_D,subbranch_code_E07.858,1,node_4,node_8,False
top_category_D,subbranch_code_G01.060,1,node_4,node_4,True
top_category_D,subbranch_code_G01.249,1,node_4,node_9,False
top_category_D,subbranch_code_G01.311,3,node_4,node_1,False
top_category_D,subbranch_code_G02.111,27,node_4,node_10,False
top_category_D,subbranch_code_G05.200,2,node_4,node_9,False
top_category_D,subbranch_code_G05.360,35,node_4,node_6,False
top_category_D,subbranch_code_G05.365,1,node_4,node_7,False
top_category_D,subbranch_code_G05.695,1,node_4,node_7,False
top_category_D,subbranch_code_G07.203,55,node_4,node_4,True
top_category_D,subbranch_code_G12.500,4,node_4,node_8,False
top_category_D,subbranch_code_G16.500,8,node_4,node_7,False
top_category_D,subbranch_code_G16.505,1,node_4,node_8,False
top_category_D,subbranch_code_J01.516,5,node_4,node_5,False
top_category_D,subbranch_code_J01.576,1,node_4,node_6,False
top_category_D,subbranch_code_J01.637,152,node_4,node_7,False
top_category_D,subbranch_code_J02.200,6,node_4,node_5,False
top_category_D,subbranch_code_J02.350,1,node_4,node_6,False
top_category_D,subbranch_code_J02.500,49,node_4,node_7,False
top_category_D,subbranch_code_N06.230,16,node_4,node_5,False
top_category_D,subbranch_code_N06.850,15,node_4,node_6,False
top_category_E,branch_code_A02,1,node_5,node_8,False
top_category_E,branch_code_A07,1,node_5,node_3,False
top_category_E,branch_code_A09,1,node_5,node_5,True
top_category_E,branch_code_A10,11,node_5,node_6,False
top_category_E,branch_code_C04,6,node_5,node_4,False
top_category_E,branch_code_C05,1,node_5,node_5,True
top_category_E,branch_code_C06,2,node_5,node_6,False
top_category_E,branch_code_C10,5,node_5,node_10,False
top_category_E,branch_code_C15,1,node_5,node_4,False
top_category_E,branch_code_C18,2,node_5,node_7,False
top_category_E,branch_code_C19,1,node_5,node_8,False
top_category_E,branch_code_C20,4,node_5,node_9,False
top_category_E,branch_code_C22,1,node_5,node_1,False
top_category_E,branch_code_C23,14,node_5,node_2,False
top_category_E,branch_code_C26,2,node_5,node_5,True
top_category_E,branch_code_D05,3,node_5,node_10,False
top_category_E,branch_code_D09,1,node_5,node_3,False
top_category_E,branch_code_D12,1,node_5,node_5,True
top_category_E,branch_code_D20,1,node_5,node_7,False
top_category_E,branch_code_D25,2,node_5,node_9,False
top_category_E,branch_code_D26,12,node_5,node_10,False
top_category_E,branch_code_D27,9,node_5,node_1,False
top_category_E,branch_code_E01,784,node_5,node_2,False
top_category_E,branch_code_E02,744,node_5,node_3,False
top_category_E,branch_code_E03,47,node_5,node_4,False
top_category_E,branch_code_E04,582,node_5,node_5,True
top_category_E,branch_code_E05,1213,node_5,node_6,False
top_category_E,branch_code_E06,203,node_5,node_7,False
top_category_E,branch_code_E07,345,node_5,node_8,False
top_category_E,branch_code_F01,11,node_5,node_9,False
top_category_E,branch_code_F02,15,node_5,node_10,False
top_category_E,branch_code_F04,36,node_5,node_2,False
top_category_E,branch_code_G01,13,node_5,node_3,False
top_category_E,branch_code_G02,21,node_5,node_4,False
top_category_E,branch_code_G03,7,node_5,node_5,True
top_category_E,branch_code_G04,14,node_5,node_6,False
top_category_E,branch_code_G05,12,node_5,node_7,False
top_category_E,branch_code_G06,5,node_5,node_8,False
top_category_E,branch_code_G07,65,node_5,node_9,False
top_category_E,branch_code_G08,10,node_5,node_10,False
top_category_E,branch_code_G09,55,node_5,node_1,False
top_category_E,branch_code_G10,2,node_5,node_2,False
top_category_E,branch_code_G11,31,node_5,node_3,False
top_category_E,branch_code_G12,6,node_5,node_4,False
top_category_E,branch_code_G13,2,node_5,node_5,True
top_category_E,branch_code_G14,5,node_5,node_6,False
top_category_E,branch_code_G15,1,node_5,node_7,False
top_category_E,branch_code_G16,3,node_5,node_8,False
top_category_E,branch_code_G17,21,node_5,node_9,False
top_category_E,branch_code_H01,26,node_5,node_10,False
top_category_E,branch_code_H02,30,node_5,node_1,False
top_category_E,branch_code_I01,35,node_5,node_2,False
top_category_E,branch_code_I02,1,node_5,node_3,False
top_category_E,branch_code_I03,10,node_5,node_4,False
top_category_E,branch_code_J01,58,node_5,node_5,True
top_category_E,branch_code_J02,1,node_5,node_6,False
top_category_E,branch_code_J03,1,node_5,node_7,False
top_category_E,branch_code_K01,4,node_5,node_8,False
top_category_E,branch_code_L01,61,node_5,node_9,False
top_category_E,branch_code_N01,27,node_5,node_1,False
top_category_E,branch_code_N02,126,node_5,node_2,False
top_category_E,branch_code_N03,5,node_5,node_3,False
top_category_E,branch_code_N04,67,node_5,node_4,False
top_category_E,branch_code_N05,209,node_5,node_5,True
top_category_E,branch_code_N06,250,node_5,node_6,False
top_category_E,subbranch_code_A02.835,1,node_5,node_2,False
top_category_E,subbranch_code_A07.015,1,node_5,node_6,False
top_category_E,subbranch_code_A09.371,1,node_5,node_9,False
top_category_E,subbranch_code_A10.165,1,node_5,node_5,True
top_category_E,subbranch_code_A10.802,1,node_5,node_2,False
top_category_E,subbranch_code_A10.850,9,node_5,node_6,False
top_category_E,subbranch_code_C04.557,3,node_5,node_7,False
top_category_E,subbranch_code_C04.588,2,node_5,node_8,False
top_category_E,subbranch_code_C04.619,6,node_5,node_9,False
top_category_E,subbranch_code_C05.550,1,node_5,node_8,False
top_category_E,subbranch_code_C06.301,1,node_5,node_6,False
top_category_E,subbranch_code_C06.552,2,node_5,node_8,False
top_category_E,subbranch_code_C10.114,4,node_5,node_3,False
top_category_E,subbranch_code_C10.228,1,node_5,node_5,True
top_category_E,subbranch_code_C10.314,1,node_5,node_8,False
top_category_E,subbranch_code_C10.597,1,node_5,node_4,False
top_category_E,subbranch_code_C10.668,2,node_5,node_5,True
top_category_E,subbranch_code_C15.378,1,node_5,node_3,False
top_category_E,subbranch_code_C18.452,1,node_5,node_4,False
top_category_E,subbranch_code_C18.654,1,node_5,node_5,True
top_category_E,subbranch_code_C19.246,1,node_5,node_9,False
top_category_E,subbranch_code_C20.111,4,node_5,node_9,False
top_category_E,subbranch_code_C22.232,1,node_5,node_4,False
top_category_E,subbranch_code_C23.550,6,node_5,node_2,False
top_category_E,subbranch_code_C23.888,8,node_5,node_3,False
top_category_E,subbranch_code_C26.392,1,node_5,node_1,False
top_category_E,subbranch_code_C26.733,1,node_5,node_5,True
top_category_E,subbranch_code_D05.750,3,node_5,node_1,False
top_category_E,subbranch_code_D09.698,1,node_5,node_10,False
top_category_E,subbranch_code_D12.776,1,node_5,node_5,True
top_category_E,subbranch_code_D20.215,1,node_5,node_8,False
top_category_E,subbranch_code_D25.339,1,node_5,node_4,False
top_category_E,subbranch_code_D25.919,1,node_5,node_2,False
top_category_E,subbranch_code_D26.255,10,node_5,node_7,False
top_category_E,subbranch_code_D26.650,1,node_5,node_7,False
top_category_E,subbranch_code_D26.660,1,node_5,node_9,False
top_category_E,subbranch_code_D27.505,3,node_5,node_10,False
top_category_E,subbranch_code_D27.720,8,node_5,node_1,False
top_category_E,subbranch_code_E01,1,node_5,node_3,False
top_category_E,subbranch_code_E01.055,3,node_5,node_4,False
top_category_E,subbranch_code_E01.110,1,node_5,node_5,True
top_category_E,subbranch_code_E01.158,3,node_5,node_6,False
top_category_E,subbranch_code_E01.171,1,node_5,node_7,False
top_category_E,subbranch_code_E01.190,1,node_5,node_8,False
top_category_E,subbranch_code_E01.354,4,node_5,node_9,False
top_category_E,subbranch_code_E01.370,748,node_5,node_10,False
top_category_E,subbranch_code_E01.390,2,node_5,node_1,False
top_category_E,subbranch_code_E01.410,1,node_5,node_2,False
top_category_E,subbranch_code_E01.505,1,node_5,node_3,False
top_category_E,subbranch_code_E01.599,1,node_5,node_4,False
top_category_E,subbranch_code_E01.789,18,node_5,node_5,True
top_category_E,subbranch_code_E01.894,1,node_5,node_6,False
top_category_E,subbranch_code_E02,1,node_5,node_7,False
top_category_E,subbranch_code_E02.037,1,node_5,node_8,False
top_category_E,subbranch_code_E02.041,19,node_5,node_9,False
top_category_E,subbranch_code_E02.046,1,node_5,node_10,False
top_category_E,subbranch_code_E02.056,5,node_5,node_1,False
top_category_E,subbranch_code_E02.075,1,node_5,node_2,False
top_category_E,subbranch_code_E02.085,2,node_5,node_3,False
top_category_E,subbranch_code_E02.095,65,node_5,node_4,False
top_category_E,subbranch_code_E02.120,8,node_5,node_5,True
top_category_E,subbranch_code_E02.134,2,node_5,node_6,False
top_category_E,subbranch_code_E02.148,19,node_5,node_7,False
top_category_E,subbranch_code_E02.154,3,node_5,node_8,False
top_category_E,subbranch_code_E02.168,2,node_5,node_9,False
top_category_E,subbranch_code_E02.175,1,node_5,node_10,False
top_category_E,subbranch_code_E02.183,4,node_5,node_1,False
top_category_E,subbranch_code_E02.185,1,node_5,node_2,False
top_category_E,subbranch_code_E02.186,11,node_5,node_3,False
top_category_E,subbranch_code_E02.190,85,node_5,node_4,False
top_category_E,subbranch_code_E02.197,1,node_5,node_5,True
top_category_E,subbranch_code_E02.208,3,node_5,node_6,False
top_category_E,subbranch_code_E02.218,20,node_5,node_7,False
top_category_E,subbranch_code_E02.258,3,node_5,node_8,False
top_category_E,subbranch_code_E02.278,2,node_5,node_9,False
top_category_E,subbranch_code_E02.309,5,node_5,node_10,False
top_category_E,subbranch_code_E02.319,121,node_5,node_1,False
top_category_E,subbranch_code_E02.331,11,node_5,node_2,False
top_category_E,subbranch_code_E02.348,3,node_5,node_3,False
top_category_E,subbranch_code_E02.365,11,node_5,node_4,False
top_category_E,subbranch_code_E02.421,7,node_5,node_5,True
top_category_E,subbranch_code_E02.467,4,node_5,node_6,False
top_category_E,subbranch_code_E02.479,1,node_5,node_7,False
top_category_E,subbranch_code_E02.491,1,node_5,node_8,False
top_category_E,subbranch_code_E02.514,1,node_5,node_9,False
top_category_E,subbranch_code_E02.520,14,node_5,node_10,False
top_category_E,subbranch_code_E02.534,1,node_5,node_1,False
top_category_E,subbranch_code_E02.547,5,node_5,node_2,False
top_category_E,subbranch_code_E02.565,11,node_5,node_3,False
top_category_E,subbranch_code_E02.583,1,node_5,node_4,False
top_category_E,subbranch_code_E02.585,5,node_5,node_5,True
top_category_E,subbranch_code_E02.587,1,node_5,node_6,False
top_category_E,subbranch_code_E02.592,2,node_5,node_7,False
top_category_E,subbranch_code_E02.594,10,node_5,node_8,False
top_category_E,subbranch_code_E02.596,1,node_5,node_9,False
top_category_E,subbranch_code_E02.600,2,node_5,node_10,False
top_category_E,subbranch_code_E02.611,1,node_5,node_1,False
top_category_E,subbranch_code_E02.621,2,node_5,node_2,False
top_category_E,subbranch_code_E02.631,1,node_5,node_3,False
top_category_E,subbranch_code_E02.637,1,node_5,node_4,False
top_category_E,subbranch_code_E02.642,27,node_5,node_5,True
top_category_E,subbranch_code_E02.650,8,node_5,node_6,False
top_category_E,subbranch_code_E02.662,1,node_5,node_7,False
top_category_E,subbranch_code_E02.674,1,node_5,node_8,False
top_category_E,subbranch_code_E02.706,1,node_5,node_9,False
top_category_E,subbranch_code_E02.718,19,node_5,node_10,False
top_category_E,subbranch_code_E02.730,1,node_5,node_1,False
top_category_E,subbranch_code_E02.745,1,node_5,node_2,False
top_category_E,subbranch_code_E02.760,103,node_5,node_3,False
top_category_E,subbranch_code_E02.765,1,node_5,node_4,False
top_category_E,subbranch_code_E02.770,1,node_5,node_5,True
top_category_E,subbranch_code_E02.774,12,node_5,node_6,False
top_category_E,subbranch_code_E02.779,42,node_5,node_7,False
top_category_E,subbranch_code_E02.782,1,node_5,node_8,False
top_category_E,subbranch_code_E02.785,1,node_5,node_9,False
top_category_E,subbranch_code_E02.792,14,node_5,node_10,False
top_category_E,subbranch_code_E02.794,2,node_5,node_1,False
top_category_E,subbranch_code_E02.800,11,node_5,node_2,False
top_category_E,subbranch_code_E02.808,6,node_5,node_3,False
top_category_E,subbranch_code_E02.815,29,node_5,node_4,False
top_category_E,subbranch_code_E02.831,62,node_5,node_5,True
top_category_E,subbranch_code_E02.849,1,node_5,node_6,False
top_category_E,subbranch_code_E02.860,2,node_5,node_7,False
top_category_E,subbranch_code_E02.870,12,node_5,node_8,False
top_category_E,subbranch_code_E02.875,37,node_5,node_9,False
top_category_E,subbranch_code_E02.880,17,node_5,node_10,False
top_category_E,subbranch_code_E02.887,2,node_5,node_1,False
top_category_E,subbranch_code_E02.891,1,node_5,node_2,False
top_category_E,subbranch_code_E02.895,1,node_5,node_3,False
top_category_E,subbranch_code_E02.897,1,node_5,node_4,False
top_category_E,subbranch_code_E02.900,5,node_5,node_5,True
top_category_E,subbranch_code_E02.906,3,node_5,node_6,False
top_category_E,subbranch_code_E02.912,10,node_5,node_7,False
top_category_E,subbranch_code_E02.919,1,node_5,node_8,False
top_category_E,subbranch_code_E02.921,1,node_5,node_9,False
top_category_E,subbranch_code_E02.926,7,node_5,node_10,False
top_category_E,subbranch_code_E02.931,2,node_5,node_1,False
top_category_E,subbranch_code_E02.950,2,node_5,node_2,False
top_category_E,subbranch_code_E02.960,1,node_5,node_3,False
top_category_E,subbranch_code_E02.980,2,node_5,node_4,False
top_category_E,subbranch_code_E02.990,1,node_5,node_5,True
top_category_E,subbranch_code_E03,1,node_5,node_6,False
top_category_E,subbranch_code_E03.091,11,node_5,node_7,False
top_category_E,subbranch_code_E03.155,29,node_5,node_8,False
top_category_E,subbranch_code_E03.160,1,node_5,node_9,False
top_category_E,subbranch_code_E03.250,2,node_5,node_10,False
top_category_E,subbranch_code_E03.340,1,node_5,node_1,False
top_category_E,subbranch_code_E03.545,1,node_5,node_2,False
top_category_E,subbranch_code_E03.706,1,node_5,node_3,False
top_category_E,subbranch_code_E03.806,1,node_5,node_4,False
top_category_E,subbranch_code_E04,1,node_5,node_5,True
top_category_E,subbranch_code_E04.014,23,node_5,node_6,False
top_category_E,subbranch_code_E04.030,1,node_5,node_7,False
top_category_E,subbranch_code_E04.035,26,node_5,node_8,False
top_category_E,subbranch_code_E04.043,1,node_5,node_9,False
top_category_E,subbranch_code_E04.050,4,node_5,node_10,False
top_category_E,subbranch_code_E04.062,6,node_5,node_1,False
top_category_E,subbranch_code_E04.074,12,node_5,node_2,False
top_category_E,subbranch_code_E04.079,1,node_5,node_3,False
top_category_E,subbranch_code_E04.085,5,node_5,node_4,False
top_category_E,subbranch_code_E04.100,63,node_5,node_5,True
top_category_E,subbranch_code_E04.157,3,node_5,node_6,False
top_category_E,subbranch_code_E04.166,1,node_5,node_7,False
top_category_E,subbranch_code_E04.176,1,node_5,node_8,False
top_category_E,subbranch_code_E04.188,6,node_5,node_9,False
top_category_E,subbranch_code_E04.190,1,node_5,node_10,False
top_category_E,subbranch_code_E04.199,4,node_5,node_1,False
top_category_E,subbranch_code_E04.210,59,node_5,node_2,False
top_category_E,subbranch_code_E04.221,2,node_5,node_3,False
top_category_E,subbranch_code_E04.237,4,node_5,node_4,False
top_category_E,subbranch_code_E04.249,1,node_5,node_5,True
top_category_E,subbranch_code_E04.262,1,node_5,node_6,False
top_category_E,subbranch_code_E04.270,12,node_5,node_7,False
top_category_E,subbranch_code_E04.292,15,node_5,node_8,False
top_category_E,subbranch_code_E04.321,1,node_5,node_9,False
top_category_E,subbranch_code_E04.350,4,node_5,node_10,False
top_category_E,subbranch_code_E04.378,5,node_5,node_1,False
top_category_E,subbranch_code_E04.406,1,node_5,node_2,False
top_category_E,subbranch_code_E04.426,1,node_5,node_3,False
top_category_E,subbranch_code_E04.446,3,node_5,node_4,False
top_category_E,subbranch_code_E04.466,8,node_5,node_5,True
top_category_E,subbranch_code_E04.480,1,node_5,node_6,False
top_category_E,subbranch_code_E04.494,4,node_5,node_7,False
top_category_E,subbranch_code_E04.502,61,node_5,node_8,False
top_category_E,subbranch_code_E04.506,1,node_5,node_9,False
top_category_E,subbranch_code_E04.510,2,node_5,node_10,False
top_category_E,subbranch_code_E04.515,7,node_5,node_1,False
top_category_E,subbranch_code_E04.520,25,node_5,node_2,False
top_category_E,subbranch_code_E04.525,41,node_5,node_3,False
top_category_E,subbranch_code_E04.540,31,node_5,node_4,False
top_category_E,subbranch_code_E04.545,29,node_5,node_5,True
top_category_E,subbranch_code_E04.555,51,node_5,node_6,False
top_category_E,subbranch_code_E04.579,19,node_5,node_7,False
top_category_E,subbranch_code_E04.580,27,node_5,node_8,False
top_category_E,subbranch_code_E04.582,1,node_5,node_9,False
top_category_E,subbranch_code_E04.584,1,node_5,node_10,False
top_category_E,subbranch_code_E04.604,8,node_5,node_1,False
top_category_E,subbranch_code_E04.614,6,node_5,node_2,False
top_category_E,subbranch_code_E04.617,41,node_5,node_3,False
top_category_E,subbranch_code_E04.620,1,node_5,node_4,False
top_category_E,subbranch_code_E04.625,2,node_5,node_5,True
top_category_E,subbranch_code_E04.650,28,node_5,node_6,False
top_category_E,subbranch_code_E04.665,15,node_5,node_7,False
top_category_E,subbranch_code_E04.690,1,node_5,node_8,False
top_category_E,subbranch_code_E04.708,1,node_5,node_9,False
top_category_E,subbranch_code_E04.726,1,node_5,node_10,False
top_category_E,subbranch_code_E04.749,3,node_5,node_1,False
top_category_E,subbranch_code_E04.910,1,node_5,node_2,False
top_category_E,subbranch_code_E04.928,47,node_5,node_3,False
top_category_E,subbranch_code_E04.936,46,node_5,node_4,False
top_category_E,subbranch_code_E04.943,5,node_5,node_5,True
top_category_E,subbranch_code_E04.950,52,node_5,node_6,False
top_category_E,subbranch_code_E04.987,8,node_5,node_7,False
top_category_E,subbranch_code_E05,1,node_5,node_8,False
top_category_E,subbranch_code_E05.003,2,node_5,node_9,False
top_category_E,subbranch_code_E05.008,1,node_5,node_10,False
top_category_E,subbranch_code_E05.017,5,node_5,node_1,False
top_category_E,subbranch_code_E05.035,1,node_5,node_2,False
top_category_E,subbranch_code_E05.041,24,node_5,node_3,False
top_category_E,subbranch_code_E05.047,1,node_5,node_4,False
top_category_E,subbranch_code_E05.059,1,node_5,node_5,True
top_category_E,subbranch_code_E05.064,1,node_5,node_6,False
top_category_E,subbranch_code_E05.070,2,node_5,node_7,False
top_category_E,subbranch_code_E05.091,2,node_5,node_8,False
top_category_E,subbranch_code_E05.104,2,node_5,node_9,False
top_category_E,subbranch_code_E05.111,1,node_5,node_10,False
top_category_E,subbranch_code_E05.114,1,node_5,node_1,False
top_category_E,subbranch_code_E05.118,1,node_5,node_2,False
top_category_E,subbranch_code_E05.157,19,node_5,node_3,False
top_category_E,subbranch_code_E05.170,1,node_5,node_4,False
top_category_E,subbranch_code_E05.181,5,node_5,node_5,True
top_category_E,subbranch_code_E05.196,171,node_5,node_6,False
top_category_E,subbranch_code_E05.197,8,node_5,node_7,False
top_category_E,subbranch_code_E05.198,1,node_5,node_8,False
top_category_E,subbranch_code_E05.200,256,node_5,node_9,False
top_category_E,subbranch_code_E05.225,1,node_5,node_10,False
top_category_E,subbranch_code_E05.235,1,node_5,node_1,False
top_category_E,subbranch_code_E05.242,70,node_5,node_2,False
top_category_E,subbranch_code_E05.245,5,node_5,node_3,False
top_category_E,subbranch_code_E05.284,1,node_5,node_4,False
top_category_E,subbranch_code_E05.290,11,node_5,node_5,True
top_category_E,subbranch_code_E05.298,1,node_5,node_6,False
top_category_E,subbranch_code_E05.301,40,node_5,node_7,False
top_category_E,subbranch_code_E05.313,2,node_5,node_8,False
top_category_E,subbranch_code_E05.315,1,node_5,node_9,False
top_category_E,subbranch_code_E05.318,240,node_5,node_10,False
top_category_E,subbranch_code_E05.320,5,node_5,node_1,False
top_category_E,subbranch_code_E05.325,6,node_5,node_2,False
top_category_E,subbranch_code_E05.328,1,node_5,node_3,False
top_category_E,subbranch_code_E05.330,1,node_5,node_4,False
top_category_E,subbranch_code_E05.333,2,node_5,node_5,True
top_category_E,subbranch_code_E05.335,1,node_5,node_6,False
top_category_E,subbranch_code_E05.337,26,node_5,node_7,False
top_category_E,subbranch_code_E05.349,1,node_5,node_8,False
top_category_E,subbranch_code_E05.355,1,node_5,node_9,False
top_category_E,subbranch_code_E05.362,1,node_5,node_10,False
top_category_E,subbranch_code_E05.377,1,node_5,node_1,False
top_category_E,subbranch_code_E05.385,2,node_5,node_2,False
top_category_E,subbranch_code_E05.393,118,node_5,node_3,False
top_category_E,subbranch_code_E05.445,4,node_5,node_4,False
top_category_E,subbranch_code_E05.466,1,node_5,node_5,True
top_category_E,subbranch_code_E05.472,3,node_5,node_6,False
top_category_E,subbranch_code_E05.478,94,node_5,node_7,False
top_category_E,subbranch_code_E05.481,17,node_5,node_8,False
top_category_E,subbranch_code_E05.484,4,node_5,node_9,False
top_category_E,subbranch_code_E05.490,4,node_5,node_10,False
top_category_E,subbranch_code_E05.497,5,node_5,node_1,False
top_category_E,subbranch_code_E05.516,2,node_5,node_2,False
top_category_E,subbranch_code_E05.519,1,node_5,node_3,False
top_category_E,subbranch_code_E05.522,1,node_5,node_4,False
top_category_E,subbranch_code_E05.540,3,node_5,node_5,True
top_category_E,subbranch_code_E05.559,2,node_5,node_6,False
top_category_E,subbranch_code_E05.570,3,node_5,node_7,False
top_category_E,subbranch_code_E05.581,11,node_5,node_8,False
top_category_E,subbranch_code_E05.588,7,node_5,node_9,False
top_category_E,subbranch_code_E05.591,5,node_5,node_10,False
top_category_E,subbranch_code_E05.595,34,node_5,node_1,False
top_category_E,subbranch_code_E05.598,17,node_5,node_2,False
top_category_E,subbranch_code_E05.599,40,node_5,node_3,False
top_category_E,subbranch_code_E05.601,31,node_5,node_4,False
top_category_E,subbranch_code_E05.613,1,node_5,node_5,True
top_category_E,subbranch_code_E05.624,3,node_5,node_6,False
top_category_E,subbranch_code_E05.629,15,node_5,node_7,False
top_category_E,subbranch_code_E05.635,1,node_5,node_8,False
top_category_E,subbranch_code_E05.638,1,node_5,node_9,False
top_category_E,subbranch_code_E05.642,6,node_5,node_10,False
top_category_E,subbranch_code_E05.650,1,node_5,node_1,False
top_category_E,subbranch_code_E05.654,1,node_5,node_2,False
top_category_E,subbranch_code_E05.657,1,node_5,node_3,False
top_category_E,subbranch_code_E05.660,2,node_5,node_4,False
top_category_E,subbranch_code_E05.680,3,node_5,node_5,True
top_category_E,subbranch_code_E05.696,1,node_5,node_6,False
top_category_E,subbranch_code_E05.712,3,node_5,node_7,False
top_category_E,subbranch_code_E05.723,6,node_5,node_8,False
top_category_E,subbranch_code_E05.734,1,node_5,node_9,False
top_category_E,subbranch_code_E05.760,14,node_5,node_10,False
top_category_E,subbranch_code_E05.796,6,node_5,node_1,False
top_category_E,subbranch_code_E05.799,18,node_5,node_2,False
top_category_E,subbranch_code_E05.820,34,node_5,node_3,False
top_category_E,subbranch_code_E05.830,6,node_5,node_4,False
top_category_E,subbranch_code_E05.848,1,node_5,node_5,True
top_category_E,subbranch_code_E05.855,1,node_5,node_6,False
top_category_E,subbranch_code_E05.873,3,node_5,node_7,False
top_category_E,subbranch_code_E05.885,1,node_5,node_8,False
top_category_E,subbranch_code_E05.916,13,node_5,node_9,False
top_category_E,subbranch_code_E05.920,2,node_5,node_10,False
top_category_E,subbranch_code_E05.925,3,node_5,node_1,False
top_category_E,subbranch_code_E05.927,8,node_5,node_2,False
top_category_E,subbranch_code_E05.933,2,node_5,node_3,False
top_category_E,subbranch_code_E05.940,14,node_5,node_4,False
top_category_E,subbranch_code_E05.944,5,node_5,node_5,True
top_category_E,subbranch_code_E05.952,4,node_5,node_6,False
top_category_E,subbranch_code_E05.956,1,node_5,node_7,False
top_category_E,subbranch_code_E05.959,1,node_5,node_8,False
top_category_E,subbranch_code_E05.974,1,node_5,node_9,False
top_category_E,subbranch_code_E05.977,2,node_5,node_10,False
top_category_E,subbranch_code_E05.978,10,node_5,node_1,False
top_category_E,subbranch_code_E05.979,1,node_5,node_2,False
top_category_E,subbranch_code_E05.980,1,node_5,node_3,False
top_category_E,subbranch_code_E06,1,node_5,node_4,False
top_category_E,subbranch_code_E06.020,1,node_5,node_5,True
top_category_E,subbranch_code_E06.045,2,node_5,node_6,False
top_category_E,subbranch_code_E06.070,1,node_5,node_7,False
top_category_E,subbranch_code_E06.095,4,node_5,node_8,False
top_category_E,subbranch_code_E06.170,5,node_5,node_9,False
top_category_E,subbranch_code_E06.178,1,node_5,node_10,False
top_category_E,subbranch_code_E06.186,8,node_5,node_1,False
top_category_E,subbranch_code_E06.208,6,node_5,node_2,False
top_category_E,subbranch_code_E06.216,1,node_5,node_3,False
top_category_E,subbranch_code_E06.276,5,node_5,node_4,False
top_category_E,subbranch_code_E06.292,1,node_5,node_5,True
top_category_E,subbranch_code_E06.298,1,node_5,node_6,False
top_category_E,subbranch_code_E06.308,1,node_5,node_7,False
top_category_E,subbranch_code_E06.342,11,node_5,node_8,False
top_category_E,subbranch_code_E06.377,1,node_5,node_9,False
top_category_E,subbranch_code_E06.397,14,node_5,node_10,False
top_category_E,subbranch_code_E06.420,3,node_5,node_1,False
top_category_E,subbranch_code_E06.470,1,node_5,node_2,False
top_category_E,subbranch_code_E06.520,2,node_5,node_3,False
top_category_E,subbranch_code_E06.570,1,node_5,node_4,False
top_category_E,subbranch_code_E06.584,1,node_5,node_5,True
top_category_E,subbranch_code_E06.603,1,node_5,node_6,False
top_category_E,subbranch_code_E06.623,2,node_5,node_7,False
top_category_E,subbranch_code_E06.640,1,node_5,node_8,False
top_category_E,subbranch_code_E06.645,34,node_5,node_9,False
top_category_E,subbranch_code_E06.658,25,node_5,node_10,False
top_category_E,subbranch_code_E06.685,1,node_5,node_1,False
top_category_E,subbranch_code_E06.721,13,node_5,node_2,False
top_category_E,subbranch_code_E06.761,10,node_5,node_3,False
top_category_E,subbranch_code_E06.780,52,node_5,node_4,False
top_category_E,subbranch_code_E06.892,2,node_5,node_5,True
top_category_E,subbranch_code_E06.912,13,node_5,node_6,False
top_category_E,subbranch_code_E06.931,6,node_5,node_7,False
top_category_E,subbranch_code_E06.950,1,node_5,node_8,False
top_category_E,subbranch_code_E07,1,node_5,node_9,False
top_category_E,subbranch_code_E07.039,1,node_5,node_10,False
top_category_E,subbranch_code_E07.079,1,node_5,node_1,False
top_category_E,subbranch_code_E07.101,7,node_5,node_2,False
top_category_E,subbranch_code_E07.108,1,node_5,node_3,False
top_category_E,subbranch_code_E07.115,2,node_5,node_4,False
top_category_E,subbranch_code_E07.123,1,node_5,node_5,True
top_category_E,subbranch_code_E07.132,8,node_5,node_6,False
top_category_E,subbranch_code_E07.161,1,node_5,node_7,False
top_category_E,subbranch_code_E07.190,8,node_5,node_8,False
top_category_E,subbranch_code_E07.206,4,node_5,node_9,False
top_category_E,subbranch_code_E07.222,8,node_5,node_10,False
top_category_E,subbranch_code_E07.230,36,node_5,node_1,False
top_category_E,subbranch_code_E07.241,1,node_5,node_2,False
top_category_E,subbranch_code_E07.252,1,node_5,node_3,False
top_category_E,subbranch_code_E07.278,1,node_5,node_4,False
top_category_E,subbranch_code_E07.305,31,node_5,node_5,True
top_category_E,subbranch_code_E07.315,1,node_5,node_6,False
top_category_E,subbranch_code_E07.325,17,node_5,node_7,False
top_category_E,subbranch_code_E07.341,1,node_5,node_8,False
top_category_E,subbranch_code_E07.357,3,node_5,node_9,False
top_category_E,subbranch_code_E07.420,1,node_5,node_10,False
top_category_E,subbranch_code_E07.427,1,node_5,node_1,False
top_category_E,subbranch_code_E07.430,1,node_5,node_2,False
top_category_E,subbranch_code_E07.440,1,node_5,node_3,False
top_category_E,subbranch_code_E07.451,1,node_5,node_4,False
top_category_E,subbranch_code_E07.461,2,node_5,node_5,True
top_category_E,subbranch_code_E07.490,3,node_5,node_6,False
top_category_E,subbranch_code_E07.505,3,node_5,node_7,False
top_category_E,subbranch_code_E07.515,1,node_5,node_8,False
top_category_E,subbranch_code_E07.546,1,node_5,node_9,False
top_category_E,subbranch_code_E07.553,1,node_5,node_10,False
top_category_E,subbranch_code_E07.560,1,node_5,node_1,False
top_category_E,subbranch_code_E07.565,1,node_5,node_2,False
top_category_E,subbranch_code_E07.595,1,node_5,node_3,False
top_category_E,subbranch_code_E07.605,4,node_5,node_4,False
top_category_E,subbranch_code_E07.612,1,node_5,node_5,True
top_category_E,subbranch_code_E07.632,17,node_5,node_6,False
top_category_E,subbranch_code_E07.652,2,node_5,node_7,False
top_category_E,subbranch_code_E07.671,1,node_5,node_8,False
top_category_E,subbranch_code_E07.683,1,node_5,node_9,False
top_category_E,subbranch_code_E07.695,88,node_5,node_10,False
top_category_E,subbranch_code_E07.700,19,node_5,node_1,False
top_category_E,subbranch_code_E07.705,1,node_5,node_2,False
top_category_E,subbranch_code_E07.710,15,node_5,node_3,False
top_category_E,subbranch_code_E07.715,1,node_5,node_4,False
top_category_E,subbranch_code_E07.720,2,node_5,node_5,True
top_category_E,subbranch_code_E07.796,4,node_5,node_6,False
top_category_E,subbranch_code_E07.814,4,node_5,node_7,False
top_category_E,subbranch_code_E07.858,83,node_5,node_8,False
top_category_E,subbranch_code_E07.862,9,node_5,node_9,False
top_category_E,subbranch_code_E07.877,1,node_5,node_10,False
top_category_E,subbranch_code_E07.900,1,node_5,node_1,False
top_category_E,subbranch_code_E07.913,1,node_5,node_2,False
top_category_E,subbranch_code_E07.926,1,node_5,node_3,False
top_category_E,subbranch_code_E07.935,1,node_5,node_4,False
top_category_E,subbranch_code_E07.950,2,node_5,node_5,True
top_category_E,subbranch_code_E07.960,1,node_5,node_6,False
top_category_E,subbranch_code_E07.970,1,node_5,node_7,False
top_category_E,subbranch_code_F01.145,9,node_5,node_1,False
top_category_E,subbranch_code_F01.490,1,node_5,node_5,True
top_category_E,subbranch_code_F01.752,1,node_5,node_1,False
top_category_E,subbranch_code_F02.463,7,node_5,node_8,False
top_category_E,subbranch_code_F02.694,1,node_5,node_2,False
top_category_E,subbranch_code_F02.784,1,node_5,node_4,False
top_category_E,subbranch_code_F02.830,7,node_5,node_6,False
top_category_E,subbranch_code_F02.985,1,node_5,node_10,False
top_category_E,subbranch_code_F04.047,1,node_5,node_1,False
top_category_E,subbranch_code_F04.096,4,node_5,node_2,False
top_category_E,subbranch_code_F04.570,3,node_5,node_5,True
top_category_E,subbranch_code_F04.669,8,node_5,node_7,False
top_category_E,subbranch_code_F04.711,1,node_5,node_8,False
top_category_E,subbranch_code_F04.754,21,node_5,node_9,False
top_category_E,subbranch_code_G01.154,2,node_5,node_5,True
top_category_E,subbranch_code_G01.280,2,node_5,node_10,False
top_category_E,subbranch_code_G01.374,1,node_5,node_4,False
top_category_E,subbranch_code_G01.590,1,node_5,node_7,False
top_category_E,subbranch_code_G01.750,3,node_5,node_10,False
top_category_E,subbranch_code_G01.867,4,node_5,node_2,False
top_category_E,subbranch_code_G02.111,11,node_5,node_10,False
top_category_E,subbranch_code_G02.159,2,node_5,node_2,False
top_category_E,subbranch_code_G02.171,1,node_5,node_4,False
top_category_E,subbranch_code_G02.176,1,node_5,node_5,True
top_category_E,subbranch_code_G02.186,1,node_5,node_6,False
top_category_E,subbranch_code_G02.263,2,node_5,node_2,False
top_category_E,subbranch_code_G02.300,1,node_5,node_4,False
top_category_E,subbranch_code_G02.551,1,node_5,node_10,False
top_category_E,subbranch_code_G02.691,1,node_5,node_3,False
top_category_E,subbranch_code_G02.723,1,node_5,node_6,False
top_category_E,subbranch_code_G02.965,1,node_5,node_7,False
top_category_E,subbranch_code_G03.143,1,node_5,node_8,False
top_category_E,subbranch_code_G03.162,1,node_5,node_9,False
top_category_E,subbranch_code_G03.180,2,node_5,node_1,False
top_category_E,subbranch_code_G03.490,1,node_5,node_2,False
top_category_E,subbranch_code_G03.680,1,node_5,node_8,False
top_category_E,subbranch_code_G03.787,1,node_5,node_1,False
top_category_E,subbranch_code_G04.140,10,node_5,node_10,False
top_category_E,subbranch_code_G04.155,1,node_5,node_5,True
top_category_E,subbranch_code_G04.198,1,node_5,node_10,False
top_category_E,subbranch_code_G04.325,1,node_5,node_4,False
top_category_E,subbranch_code_G04.712,1,node_5,node_5,True
top_category_E,subbranch_code_G05.090,5,node_5,node_3,False
top_category_E,subbranch_code_G05.365,1,node_5,node_7,False
top_category_E,subbranch_code_G05.380,1,node_5,node_9,False
top_category_E,subbranch_code_G05.558,2,node_5,node_5,True
top_category_E,subbranch_code_G05.627,1,node_5,node_6,False
top_category_E,subbranch_code_G05.728,3,node_5,node_9,False
top_category_E,subbranch_code_G06.099,2,node_5,node_1,False
top_category_E,subbranch_code_G06.920,3,node_5,node_4,False
top_category_E,subbranch_code_G07.100,24,node_5,node_10,False
top_category_E,subbranch_code_G07.110,1,node_5,node_1,False
top_category_E,subbranch_code_G07.203,21,node_5,node_4,False
top_category_E,subbranch_code_G07.225,2,node_5,node_5,True
top_category_E,subbranch_code_G07.265,10,node_5,node_6,False
top_category_E,subbranch_code_G07.345,7,node_5,node_9,False
top_category_E,subbranch_code_G07.690,6,node_5,node_7,False
top_category_E,subbranch_code_G07.738,1,node_5,node_8,False
top_category_E,subbranch_code_G07.888,2,node_5,node_2,False
top_category_E,subbranch_code_G08.686,9,node_5,node_5,True
top_category_E,subbranch_code_G08.852,1,node_5,node_6,False
top_category_E,subbranch_code_G09.188,20,node_5,node_8,False
top_category_E,subbranch_code_G09.330,10,node_5,node_9,False
top_category_E,subbranch_code_G09.772,27,node_5,node_10,False
top_category_E,subbranch_code_G10.261,1,node_5,node_2,False
top_category_E,subbranch_code_G10.549,1,node_5,node_3,False
top_category_E,subbranch_code_G11.427,13,node_5,node_5,True
top_category_E,subbranch_code_G11.561,18,node_5,node_6,False
top_category_E,subbranch_code_G12.122,1,node_5,node_2,False
top_category_E,subbranch_code_G12.248,1,node_5,node_5,True
top_category_E,subbranch_code_G12.300,1,node_5,node_9,False
top_category_E,subbranch_code_G12.450,1,node_5,node_4,False
top_category_E,subbranch_code_G12.513,1,node_5,node_9,False
top_category_E,subbranch_code_G12.535,1,node_5,node_1,False
top_category_E,subbranch_code_G12.565,1,node_5,node_2,False
top_category_E,subbranch_code_G13.750,2,node_5,node_5,True
top_category_E,subbranch_code_G14.370,1,node_5,node_6,False
top_category_E,subbranch_code_G14.760,1,node_5,node_2,False
top_category_E,subbranch_code_G14.940,3,node_5,node_5,True
top_category_E,subbranch_code_G15.698,1,node_5,node_1,False
top_category_E,subbranch_code_G16.500,1,node_5,node_7,False
top_category_E,subbranch_code_G16.690,2,node_5,node_5,True
top_category_E,subbranch_code_G17.035,3,node_5,node_3,False
top_category_E,subbranch_code_G17.226,1,node_5,node_5,True
top_category_E,subbranch_code_G17.290,1,node_5,node_6,False
top_category_E,subbranch_code_G17.582,1,node_5,node_9,False
top_category_E,subbranch_code_G17.680,4,node_5,node_10,False
top_category_E,subbranch_code_G17.800,2,node_5,node_1,False
top_category_E,subbranch_code_G17.820,5,node_5,node_2,False
top_category_E,subbranch_code_G17.830,3,node_5,node_3,False
top_category_E,subbranch_code_G17.915,1,node_5,node_4,False
top_category_E,subbranch_code_H01.158,4,node_5,node_6,False
top_category_E,subbranch_code_H01.181,5,node_5,node_7,False
top_category_E,subbranch_code_H01.548,5,node_5,node_1,False
top_category_E,subbranch_code_H01.603,1,node_5,node_3,False
top_category_E,subbranch_code_H01.671,4,node_5,node_4,False
top_category_E,subbranch_code_H01.770,10,node_5,node_5,True
top_category_E,subbranch_code_H02.010,4,node_5,node_8,False
top_category_E,subbranch_code_H02.163,11,node_5,node_1,False
top_category_E,subbranch_code_H02.403,15,node_5,node_7,False
top_category_E,subbranch_code_H02.478,1,node_5,node_9,False
top_category_E,subbranch_code_H02.573,1,node_5,node_3,False
top_category_E,subbranch_code_I01.076,18,node_5,node_4,False
top_category_E,subbranch_code_I01.198,6,node_5,node_5,True
top_category_E,subbranch_code_I01.240,1,node_5,node_6,False
top_category_E,subbranch_code_I01.320,1,node_5,node_9,False
top_category_E,subbranch_code_I01.880,9,node_5,node_9,False
top_category_E,subbranch_code_I02.903,1,node_5,node_9,False
top_category_E,subbranch_code_I03.050,2,node_5,node_1,False
top_category_E,subbranch_code_I03.350,6,node_5,node_5,True
top_category_E,subbranch_code_I03.450,1,node_5,node_7,False
top_category_E,subbranch_code_I03.733,1,node_5,node_1,False
top_category_E,subbranch_code_J01.293,5,node_5,node_3,False
top_category_E,subbranch_code_J01.494,3,node_5,node_4,False
top_category_E,subbranch_code_J01.516,1,node_5,node_5,True
top_category_E,subbranch_code_J01.576,3,node_5,node_6,False
top_category_E,subbranch_code_J01.637,24,node_5,node_7,False
top_category_E,subbranch_code_J01.780,1,node_5,node_10,False
top_category_E,subbranch_code_J01.897,21,node_5,node_2,False
top_category_E,subbranch_code_J02.500,1,node_5,node_7,False
top_category_E,subbranch_code_J03.540,1,node_5,node_10,False
top_category_E,subbranch_code_K01.752,2,node_5,node_5,True
top_category_E,subbranch_code_K01.844,2,node_5,node_6,False
top_category_E,subbranch_code_L01.143,3,node_5,node_1,False
top_category_E,subbranch_code_L01.224,17,node_5,node_2,False
top_category_E,subbranch_code_L01.280,2,node_5,node_3,False
top_category_E,subbranch_code_L01.313,19,node_5,node_6,False
top_category_E,subbranch_code_L01.399,13,node_5,node_7,False
top_category_E,subbranch_code_L01.462,8,node_5,node_8,False
top_category_E,subbranch_code_L01.470,2,node_5,node_9,False
top_category_E,subbranch_code_L01.559,1,node_5,node_2,False
top_category_E,subbranch_code_L01.906,1,node_5,node_6,False
top_category_E,subbranch_code_N01.224,25,node_5,node_5,True
top_category_E,subbranch_code_N01.400,2,node_5,node_6,False
top_category_E,subbranch_code_N02.360,1,node_5,node_4,False
top_category_E,subbranch_code_N02.421,125,node_5,node_5,True
top_category_E,subbranch_code_N03.349,4,node_5,node_3,False
top_category_E,subbranch_code_N03.706,1,node_5,node_6,False
top_category_E,subbranch_code_N04.452,33,node_5,node_2,False
top_category_E,subbranch_code_N04.590,19,node_5,node_3,False
top_category_E,subbranch_code_N04.761,17,node_5,node_4,False
top_category_E,subbranch_code_N05.300,6,node_5,node_8,False
top_category_E,subbranch_code_N05.425,3,node_5,node_10,False
top_category_E,subbranch_code_N05.700,1,node_5,node_2,False
top_category_E,subbranch_code_N05.715,202,node_5,node_3,False
top_category_E,subbranch_code_N06.230,4,node_5,node_5,True
top_category_E,subbranch_code_N06.850,246,node_5,node_6,False
top_category_E,subbranch_code_N06.890,7,node_5,node_7,False
top_category_F,branch_code_C01,2,node_6,node_3,False
top_category_F,branch_code_C05,5,node_6,node_5,False
top_category_F,branch_code_C06,1,node_6,node_6,True
top_category_F,branch_code_C07,3,node_6,node_7,False
top_category_F,branch_code_C09,3,node_6,node_9,False
top_category_F,branch_code_C10,92,node_6,node_10,False
top_category_F,branch_code_C11,1,node_6,node_1,False
top_category_F,branch_code_C12,9,node_6,node_2,False
top_category_F,branch_code_C14,3,node_6,node_3,False
top_category_F,branch_code_C16,3,node_6,node_5,False
top_category_F,branch_code_C17,1,node_6,node_6,True
top_category_F,branch_code_C18,4,node_6,node_7,False
top_category_F,branch_code_C20,1,node_6,node_9,False
top_category_F,branch_code_C23,94,node_6,node_2,False
top_category_F,branch_code_C24,3,node_6,node_3,False
top_category_F,branch_code_C25,34,node_6,node_4,False
top_category_F,branch_code_C26,1,node_6,node_5,False
top_category_F,branch_code_E01,14,node_6,node_2,False
top_category_F,branch_code_E02,29,node_6,node_3,False
top_category_F,branch_code_E04,1,node_6,node_5,False
top_category_F,branch_code_E05,12,node_6,node_6,True
top_category_F,branch_code_F01,573,node_6,node_9,False
top_category_F,branch_code_F02,350,node_6,node_10,False
top_category_F,branch_code_F03,235,node_6,node_1,False
top_category_F,branch_code_F04,216,node_6,node_2,False
top_category_F,branch_code_G02,1,node_6,node_4,False
top_category_F,branch_code_G04,2,node_6,node_6,True
top_category_F,branch_code_G07,41,node_6,node_9,False
top_category_F,branch_code_G08,10,node_6,node_10,False
top_category_F,branch_code_G10,3,node_6,node_2,False
top_category_F,branch_code_G11,79,node_6,node_3,False
top_category_F,branch_code_G13,2,node_6,node_5,False
top_category_F,branch_code_G14,16,node_6,node_6,True
top_category_F,branch_code_G16,3,node_6,node_8,False
top_category_F,branch_code_G17,1,node_6,node_9,False
top_category_F,branch_code_H01,10,node_6,node_10,False
top_category_F,branch_code_H02,17,node_6,node_1,False
top_category_F,branch_code_I01,86,node_6,node_2,False
top_category_F,branch_code_I02,5,node_6,node_3,False
top_category_F,branch_code_I03,5,node_6,node_4,False
top_category_F,branch_code_J01,3,node_6,node_5,False
top_category_F,branch_code_K01,16,node_6,node_8,False
top_category_F,branch_code_L01,20,node_6,node_9,False
top_category_F,branch_code_M01,16,node_6,node_10,False
top_category_F,branch_code_N01,16,node_6,node_1,False
top_category_F,branch_code_N02,14,node_6,node_2,False
top_category_F,branch_code_N03,19,node_6,node_3,False
top_category_F,branch_code_N04,13,node_6,node_4,False
top_category_F,branch_code_N05,30,node_6,node_5,False
top_category_F,branch_code_N06,13,node_6,node_6,True
top_category_F,subbranch_code_C01.207,1,node_6,node_10,False
top_category_F,subbranch_code_C01.221,1,node_6,node_2,False
top_category_F,subbranch_code_C01.778,1,node_6,node_2,False
top_category_F,subbranch_code_C01.925,1,node_6,node_10,False
top_category_F,subbranch_code_C05.360,1,node_6,node_5,False
top_category_F,subbranch_code_C05.550,3,node_6,node_8,False
top_category_F,subbranch_code_C05.651,2,node_6,node_9,False
top_category_F,subbranch_code_C06.405,1,node_6,node_7,False
top_category_F,subbranch_code_C07.465,1,node_6,node_4,False
top_category_F,subbranch_code_C07.793,2,node_6,node_8,False
top_category_F,subbranch_code_C09.218,3,node_6,node_7,False
top_category_F,subbranch_code_C10.228,23,node_6,node_5,False
top_category_F,subbranch_code_C10.281,2,node_6,node_6,True
top_category_F,subbranch_code_C10.574,8,node_6,node_2,False
top_category_F,subbranch_code_C10.597,47,node_6,node_4,False
top_category_F,subbranch_code_C10.668,2,node_6,node_5,False
top_category_F,subbranch_code_C10.720,3,node_6,node_6,True
top_category_F,subbranch_code_C10.803,1,node_6,node_7,False
top_category_F,subbranch_code_C10.886,23,node_6,node_8,False
top_category_F,subbranch_code_C11.300,1,node_6,node_10,False
top_category_F,subbranch_code_C12.050,6,node_6,node_8,False
top_category_F,subbranch_code_C12.100,5,node_6,node_9,False
top_category_F,subbranch_code_C12.200,6,node_6,node_10,False
top_category_F,subbranch_code_C12.950,3,node_6,node_5,False
top_category_F,subbranch_code_C14.907,3,node_6,node_1,False
top_category_F,subbranch_code_C16.320,2,node_6,node_8,False
top_category_F,subbranch_code_C16.614,1,node_6,node_9,False
top_category_F,subbranch_code_C17.800,1,node_6,node_2,False
top_category_F,subbranch_code_C18.452,4,node_6,node_4,False
top_category_F,subbranch_code_C18.654,1,node_6,node_5,False
top_category_F,subbranch_code_C20.673,1,node_6,node_5,False
top_category_F,subbranch_code_C23.550,7,node_6,node_2,False
top_category_F,subbranch_code_C23.888,91,node_6,node_3,False
top_category_F,subbranch_code_C24.580,2,node_6,node_3,False
top_category_F,subbranch_code_C24.900,1,node_6,node_6,True
top_category_F,subbranch_code_C25.100,1,node_6,node_8,False
top_category_F,subbranch_code_C25.723,5,node_6,node_9,False
top_category_F,subbranch_code_C25.775,33,node_6,node_10,False
top_category_F,subbranch_code_C26.780,1,node_6,node_9,False
top_category_F,subbranch_code_E01.370,13,node_6,node_10,False
top_category_F,subbranch_code_E01.789,1,node_6,node_5,False
top_category_F,subbranch_code_E02.085,1,node_6,node_3,False
top_category_F,subbranch_code_E02.190,18,node_6,node_4,False
top_category_F,subbranch_code_E02.319,1,node_6,node_1,False
top_category_F,subbranch_code_E02.331,1,node_6,node_2,False
top_category_F,subbranch_code_E02.421,1,node_6,node_5,False
top_category_F,subbranch_code_E02.760,9,node_6,node_3,False
top_category_F,subbranch_code_E02.774,1,node_6,node_6,True
top_category_F,subbranch_code_E02.779,3,node_6,node_7,False
top_category_F,subbranch_code_E02.831,7,node_6,node_5,False
top_category_F,subbranch_code_E02.875,1,node_6,node_9,False
top_category_F,subbranch_code_E04.525,1,node_6,node_3,False
top_category_F,subbranch_code_E05.318,3,node_6,node_10,False
top_category_F,subbranch_code_E05.599,2,node_6,node_3,False
top_category_F,subbranch_code_E05.723,1,node_6,node_8,False
top_category_F,subbranch_code_E05.796,6,node_6,node_1,False
top_category_F,subbranch_code_F01,1,node_6,node_8,False
top_category_F,subbranch_code_F01.058,10,node_6,node_9,False
top_category_F,subbranch_code_F01.100,27,node_6,node_10,False
top_category_F,subbranch_code_F01.145,285,node_6,node_1,False
top_category_F,subbranch_code_F01.318,2,node_6,node_2,False
top_category_F,subbranch_code_F01.393,22,node_6,node_3,False
top_category_F,subbranch_code_F01.470,45,node_6,node_4,False
top_category_F,subbranch_code_F01.490,2,node_6,node_5,False
top_category_F,subbranch_code_F01.510,1,node_6,node_6,True
top_category_F,subbranch_code_F01.525,6,node_6,node_7,False
top_category_F,subbranch_code_F01.590,1,node_6,node_8,False
top_category_F,subbranch_code_F01.658,19,node_6,node_9,False
top_category_F,subbranch_code_F01.700,35,node_6,node_10,False
top_category_F,subbranch_code_F01.752,54,node_6,node_1,False
top_category_F,subbranch_code_F01.829,117,node_6,node_2,False
top_category_F,subbranch_code_F01.872,1,node_6,node_3,False
top_category_F,subbranch_code_F01.914,1,node_6,node_4,False
top_category_F,subbranch_code_F02,1,node_6,node_5,False
top_category_F,subbranch_code_F02.410,1,node_6,node_6,True
top_category_F,subbranch_code_F02.418,1,node_6,node_7,False
top_category_F,subbranch_code_F02.463,174,node_6,node_8,False
top_category_F,subbranch_code_F02.550,2,node_6,node_9,False
top_category_F,subbranch_code_F02.600,1,node_6,node_10,False
top_category_F,subbranch_code_F02.647,1,node_6,node_1,False
top_category_F,subbranch_code_F02.694,3,node_6,node_2,False
top_category_F,subbranch_code_F02.739,29,node_6,node_3,False
top_category_F,subbranch_code_F02.784,42,node_6,node_4,False
top_category_F,subbranch_code_F02.808,5,node_6,node_5,False
top_category_F,subbranch_code_F02.830,98,node_6,node_6,True
top_category_F,subbranch_code_F02.880,3,node_6,node_7,False
top_category_F,subbranch_code_F02.940,1,node_6,node_8,False
top_category_F,subbranch_code_F02.970,3,node_6,node_9,False
top_category_F,subbranch_code_F02.985,1,node_6,node_10,False
top_category_F,subbranch_code_F03,1,node_6,node_1,False
top_category_F,subbranch_code_F03.080,16,node_6,node_2,False
top_category_F,subbranch_code_F03.250,5,node_6,node_3,False
top_category_F,subbranch_code_F03.300,2,node_6,node_4,False
top_category_F,subbranch_code_F03.388,5,node_6,node_5,False
top_category_F,subbranch_code_F03.400,14,node_6,node_6,True
top_category_F,subbranch_code_F03.600,12,node_6,node_7,False
top_category_F,subbranch_code_F03.608,1,node_6,node_8,False
top_category_F,subbranch_code_F03.615,32,node_6,node_9,False
top_category_F,subbranch_code_F03.625,32,node_6,node_10,False
top_category_F,subbranch_code_F03.650,1,node_6,node_1,False
top_category_F,subbranch_code_F03.657,8,node_6,node_2,False
top_category_F,subbranch_code_F03.675,12,node_6,node_3,False
top_category_F,subbranch_code_F03.700,15,node_6,node_4,False
top_category_F,subbranch_code_F03.835,8,node_6,node_5,False
top_category_F,subbranch_code_F03.870,23,node_6,node_6,True
top_category_F,subbranch_code_F03.875,10,node_6,node_7,False
top_category_F,subbranch_code_F03.900,34,node_6,node_8,False
top_category_F,subbranch_code_F03.950,12,node_6,node_9,False
top_category_F,subbranch_code_F04,1,node_6,node_10,False
top_category_F,subbranch_code_F04.047,1,node_6,node_1,False
top_category_F,subbranch_code_F04.096,70,node_6,node_2,False
top_category_F,subbranch_code_F04.408,12,node_6,node_3,False
top_category_F,subbranch_code_F04.513,2,node_6,node_4,False
top_category_F,subbranch_code_F04.570,8,node_6,node_5,False
top_category_F,subbranch_code_F04.628,1,node_6,node_6,True
top_category_F,subbranch_code_F04.669,10,node_6,node_7,False
top_category_F,subbranch_code_F04.711,37,node_6,node_8,False
top_category_F,subbranch_code_F04.754,78,node_6,node_9,False
top_category_F,subbranch_code_F04.824,1,node_6,node_10,False
top_category_F,subbranch_code_G02.111,1,node_6,node_10,False
top_category_F,subbranch_code_G04.198,1,node_6,node_10,False
top_category_F,subbranch_code_G04.835,1,node_6,node_9,False
top_category_F,subbranch_code_G07.180,1,node_6,node_2,False
top_category_F,subbranch_code_G07.203,12,node_6,node_4,False
top_category_F,subbranch_code_G07.265,1,node_6,node_6,True
top_category_F,subbranch_code_G07.345,3,node_6,node_9,False
top_category_F,subbranch_code_G07.410,1,node_6,node_10,False
top_category_F,subbranch_code_G07.568,4,node_6,node_4,False
top_category_F,subbranch_code_G07.850,1,node_6,node_1,False
top_category_F,subbranch_code_G07.888,18,node_6,node_2,False
top_category_F,subbranch_code_G08.686,10,node_6,node_5,False
top_category_F,subbranch_code_G10.261,3,node_6,node_2,False
top_category_F,subbranch_code_G11.427,10,node_6,node_5,False
top_category_F,subbranch_code_G11.561,72,node_6,node_6,True
top_category_F,subbranch_code_G13.750,2,node_6,node_5,False
top_category_F,subbranch_code_G14.040,1,node_6,node_9,False
top_category_F,subbranch_code_G14.360,1,node_6,node_5,False
top_category_F,subbranch_code_G14.370,1,node_6,node_6,True
top_category_F,subbranch_code_G14.700,1,node_6,node_1,False
top_category_F,subbranch_code_G14.930,1,node_6,node_3,False
top_category_F,subbranch_code_G14.935,7,node_6,node_4,False
top_category_F,subbranch_code_G14.940,3,node_6,node_5,False
top_category_F,subbranch_code_G14.950,1,node_6,node_6,True
top_category_F,subbranch_code_G16.049,1,node_6,node_1,False
top_category_F,subbranch_code_G16.500,1,node_6,node_7,False
top_category_F,subbranch_code_G16.559,1,node_6,node_1,False
top_category_F,subbranch_code_G17.680,1,node_6,node_10,False
top_category_F,subbranch_code_H01.158,7,node_6,node_6,True
top_category_F,subbranch_code_H01.770,3,node_6,node_5,False
top_category_F,subbranch_code_H02.403,14,node_6,node_7,False
top_category_F,subbranch_code_H02.628,1,node_6,node_4,False
top_category_F,subbranch_code_H02.720,2,node_6,node_7,False
top_category_F,subbranch_code_H02.790,1,node_6,node_9,False
top_category_F,subbranch_code_I01,1,node_6,node_3,False
top_category_F,subbranch_code_I01.076,3,node_6,node_4,False
top_category_F,subbranch_code_I01.198,5,node_6,node_5,False
top_category_F,subbranch_code_I01.240,12,node_6,node_6,True
top_category_F,subbranch_code_I01.738,1,node_6,node_5,False
top_category_F,subbranch_code_I01.800,1,node_6,node_8,False
top_category_F,subbranch_code_I01.880,76,node_6,node_9,False
top_category_F,subbranch_code_I02.158,1,node_6,node_3,False
top_category_F,subbranch_code_I02.233,1,node_6,node_5,False
top_category_F,subbranch_code_I02.903,4,node_6,node_9,False
top_category_F,subbranch_code_I03.125,2,node_6,node_3,False
top_category_F,subbranch_code_I03.350,1,node_6,node_5,False
top_category_F,subbranch_code_I03.743,1,node_6,node_2,False
top_category_F,subbranch_code_I03.883,1,node_6,node_5,False
top_category_F,subbranch_code_J01.219,1,node_6,node_1,False
top_category_F,subbranch_code_J01.293,2,node_6,node_3,False
top_category_F,subbranch_code_J01.897,1,node_6,node_2,False
top_category_F,subbranch_code_K01.517,1,node_6,node_1,False
top_category_F,subbranch_code_K01.752,13,node_6,node_5,False
top_category_F,subbranch_code_K01.844,2,node_6,node_6,True
top_category_F,subbranch_code_L01.143,11,node_6,node_1,False
top_category_F,subbranch_code_L01.296,1,node_6,node_4,False
top_category_F,subbranch_code_L01.399,1,node_6,node_7,False
top_category_F,subbranch_code_L01.462,3,node_6,node_8,False
top_category_F,subbranch_code_L01.559,4,node_6,node_2,False
top_category_F,subbranch_code_L01.737,1,node_6,node_5,False
top_category_F,subbranch_code_M01.055,1,node_6,node_9,False
top_category_F,subbranch_code_M01.102,2,node_6,node_7,False
top_category_F,subbranch_code_M01.264,1,node_6,node_3,False
top_category_F,subbranch_code_M01.620,7,node_6,node_7,False
top_category_F,subbranch_code_M01.643,1,node_6,node_8,False
top_category_F,subbranch_code_M01.781,1,node_6,node_6,True
top_category_F,subbranch_code_M01.785,1,node_6,node_7,False
top_category_F,subbranch_code_M01.816,1,node_6,node_9,False
top_category_F,subbranch_code_M01.848,1,node_6,node_10,False
top_category_F,subbranch_code_N01.224,14,node_6,node_5,False
top_category_F,subbranch_code_N01.400,1,node_6,node_6,True
top_category_F,subbranch_code_N01.824,12,node_6,node_8,False
top_category_F,subbranch_code_N02.421,14,node_6,node_5,False
top_category_F,subbranch_code_N03.055,3,node_6,node_10,False
top_category_F,subbranch_code_N03.219,1,node_6,node_2,False
top_category_F,subbranch_code_N03.540,1,node_6,node_4,False
top_category_F,subbranch_code_N03.706,14,node_6,node_6,True
top_category_F,subbranch_code_N04.452,8,node_6,node_2,False
top_category_F,subbranch_code_N04.590,3,node_6,node_3,False
top_category_F,subbranch_code_N04.761,3,node_6,node_4,False
top_category_F,subbranch_code_N05.300,23,node_6,node_8,False
top_category_F,subbranch_code_N05.350,1,node_6,node_9,False
top_category_F,subbranch_code_N05.700,1,node_6,node_2,False
top_category_F,subbranch_code_N05.715,7,node_6,node_3,False
top_category_F,subbranch_code_N06.850,13,node_6,node_6,True
top_category_G,branch_code_A10,1,node_7,node_6,False
top_category_G,branch_code_A11,75,node_7,node_7,True
top_category_G,branch_code_A12,9,node_7,node_8,False
top_category_G,branch_code_A16,1,node_7,node_2,False
top_category_G,branch_code_A18,5,node_7,node_4,False
top_category_G,branch_code_A19,2,node_7,node_5,False
top_category_G,branch_code_A20,4,node_7,node_6,False
top_category_G,branch_code_B01,7,node_7,node_8,False
top_category_G,branch_code_B04,1,node_7,node_1,False
top_category_G,branch_code_B05,14,node_7,node_2,False
top_category_G,branch_code_C04,5,node_7,node_4,False
top_category_G,branch_code_C05,9,node_7,node_5,False
top_category_G,branch_code_C07,7,node_7,node_7,True
top_category_G,branch_code_C08,1,node_7,node_8,False
top_category_G,branch_code_C09,2,node_7,node_9,False
top_category_G,branch_code_C10,6,node_7,node_10,False
top_category_G,branch_code_C11,3,node_7,node_1,False
top_category_G,branch_code_C12,5,node_7,node_2,False
top_category_G,branch_code_C14,1,node_7,node_3,False
top_category_G,branch_code_C15,1,node_7,node_4,False
top_category_G,branch_code_C16,1,node_7,node_5,False
top_category_G,branch_code_C17,1,node_7,node_6,False
top_category_G,branch_code_C18,2,node_7,node_7,True
top_category_G,branch_code_C19,1,node_7,node_8,False
top_category_G,branch_code_C23,99,node_7,node_2,False
top_category_G,branch_code_C25,4,node_7,node_4,False
top_category_G,branch_code_C26,15,node_7,node_5,False
top_category_G,branch_code_D01,7,node_7,node_6,False
top_category_G,branch_code_D02,1,node_7,node_7,True
top_category_G,branch_code_D03,1,node_7,node_8,False
top_category_G,branch_code_D05,4,node_7,node_10,False
top_category_G,branch_code_D09,10,node_7,node_3,False
top_category_G,branch_code_D10,11,node_7,node_4,False
top_category_G,branch_code_D12,33,node_7,node_5,False
top_category_G,branch_code_D13,31,node_7,node_6,False
top_category_G,branch_code_D20,15,node_7,node_7,True
top_category_G,branch_code_D23,4,node_7,node_8,False
top_category_G,branch_code_D26,1,node_7,node_10,False
top_category_G,branch_code_D27,14,node_7,node_1,False
top_category_G,branch_code_E01,125,node_7,node_2,False
top_category_G,branch_code_E02,34,node_7,node_3,False
top_category_G,branch_code_E04,2,node_7,node_5,False
top_category_G,branch_code_E05,120,node_7,node_6,False
top_category_G,branch_code_E06,1,node_7,node_7,True
top_category_G,branch_code_E07,1,node_7,node_8,False
top_category_G,branch_code_F01,37,node_7,node_9,False
top_category_G,branch_code_F02,95,node_7,node_10,False
top_category_G,branch_code_F04,3,node_7,node_2,False
top_category_G,branch_code_G01,227,node_7,node_3,False
top_category_G,branch_code_G02,395,node_7,node_4,False
top_category_G,branch_code_G03,185,node_7,node_5,False
top_category_G,branch_code_G04,197,node_7,node_6,False
top_category_G,branch_code_G05,582,node_7,node_7,True
top_category_G,branch_code_G06,76,node_7,node_8,False
top_category_G,branch_code_G07,546,node_7,node_9,False
top_category_G,branch_code_G08,166,node_7,node_10,False
top_category_G,branch_code_G09,168,node_7,node_1,False
top_category_G,branch_code_G10,47,node_7,node_2,False
top_category_G,branch_code_G11,237,node_7,node_3,False
top_category_G,branch_code_G12,122,node_7,node_4,False
top_category_G,branch_code_G13,13,node_7,node_5,False
top_category_G,branch_code_G14,36,node_7,node_6,False
top_category_G,branch_code_G15,36,node_7,node_7,True
top_category_G,branch_code_G16,193,node_7,node_8,False
top_category_G,branch_code_G17,71,node_7,node_9,False
top_category_G,branch_code_I01,4,node_7,node_2,False
top_category_G,branch_code_I03,26,node_7,node_4,False
top_category_G,branch_code_J01,6,node_7,node_5,False
top_category_G,branch_code_J02,143,node_7,node_6,False
top_category_G,branch_code_L01,57,node_7,node_9,False
top_category_G,branch_code_N01,5,node_7,node_1,False
top_category_G,branch_code_N02,1,node_7,node_2,False
top_category_G,branch_code_N03,1,node_7,node_3,False
top_category_G,branch_code_N05,19,node_7,node_5,False
top_category_G,branch_code_N06,138,node_7,node_6,False
top_category_G,branch_code_Z01,3,node_7,node_1,False
top_category_G,subbranch_code_A10.165,1,node_7,node_5,False
top_category_G,subbranch_code_A11.284,70,node_7,node_6,False
top_category_G,subbranch_code_A11.870,5,node_7,node_2,False
top_category_G,subbranch_code_A12.200,2,node_7,node_7,True
top_category_G,subbranch_code_A12.790,8,node_7,node_3,False
top_category_G,subbranch_code_A12.895,1,node_7,node_4,False
top_category_G,subbranch_code_A16.690,1,node_7,node_2,False
top_category_G,subbranch_code_A18.005,1,node_7,node_6,False
top_category_G,subbranch_code_A18.024,4,node_7,node_7,True
top_category_G,subbranch_code_A19.311,2,node_7,node_3,False
top_category_G,subbranch_code_A20.593,2,node_7,node_3,False
top_category_G,subbranch_code_A20.812,2,node_7,node_4,False
top_category_G,subbranch_code_B01.050,4,node_7,node_8,False
top_category_G,subbranch_code_B01.650,3,node_7,node_9,False
top_category_G,subbranch_code_B04.613,1,node_7,node_8,False
top_category_G,subbranch_code_B04.820,1,node_7,node_3,False
top_category_G,subbranch_code_B05.080,2,node_7,node_7,True
top_category_G,subbranch_code_B05.200,1,node_7,node_10,False
top_category_G,subbranch_code_B05.500,11,node_7,node_5,False
top_category_G,subbranch_code_B05.775,5,node_7,node_10,False
top_category_G,subbranch_code_C04.557,1,node_7,node_7,True
top_category_G,subbranch_code_C04.682,2,node_7,node_3,False
top_category_G,subbranch_code_C04.697,3,node_7,node_5,False
top_category_G,subbranch_code_C05.116,3,node_7,node_1,False
top_category_G,subbranch_code_C05.360,1,node_7,node_5,False
top_category_G,subbranch_code_C05.500,1,node_7,node_7,True
top_category_G,subbranch_code_C05.550,3,node_7,node_8,False
top_category_G,subbranch_code_C05.651,3,node_7,node_9,False
top_category_G,subbranch_code_C07.320,1,node_7,node_3,False
top_category_G,subbranch_code_C07.465,4,node_7,node_4,False
top_category_G,subbranch_code_C07.793,2,node_7,node_8,False
top_category_G,subbranch_code_C08.381,1,node_7,node_4,False
top_category_G,subbranch_code_C09.218,2,node_7,node_7,True
top_category_G,subbranch_code_C10.292,1,node_7,node_7,True
top_category_G,subbranch_code_C10.597,1,node_7,node_4,False
top_category_G,subbranch_code_C10.668,3,node_7,node_5,False
top_category_G,subbranch_code_C10.900,2,node_7,node_9,False
top_category_G,subbranch_code_C11.300,1,node_7,node_10,False
top_category_G,subbranch_code_C11.640,1,node_7,node_8,False
top_category_G,subbranch_code_C11.768,1,node_7,node_2,False
top_category_G,subbranch_code_C12.050,5,node_7,node_8,False
top_category_G,subbranch_code_C12.100,2,node_7,node_9,False
top_category_G,subbranch_code_C14.280,1,node_7,node_9,False
top_category_G,subbranch_code_C15.378,1,node_7,node_3,False
top_category_G,subbranch_code_C16.131,1,node_7,node_6,False
top_category_G,subbranch_code_C17.800,1,node_7,node_2,False
top_category_G,subbranch_code_C18.452,1,node_7,node_4,False
top_category_G,subbranch_code_C18.654,1,node_7,node_5,False
top_category_G,subbranch_code_C19.391,1,node_7,node_2,False
top_category_G,subbranch_code_C23.300,4,node_7,node_1,False
top_category_G,subbranch_code_C23.550,50,node_7,node_2,False
top_category_G,subbranch_code_C23.888,48,node_7,node_3,False
top_category_G,subbranch_code_C25.100,4,node_7,node_8,False
top_category_G,subbranch_code_C26.733,15,node_7,node_5,False
top_category_G,subbranch_code_D01.045,4,node_7,node_7,True
top_category_G,subbranch_code_D01.248,5,node_7,node_9,False
top_category_G,subbranch_code_D01.268,2,node_7,node_10,False
top_category_G,subbranch_code_D01.362,2,node_7,node_3,False
top_category_G,subbranch_code_D01.650,4,node_7,node_6,False
top_category_G,subbranch_code_D02.251,1,node_7,node_10,False
top_category_G,subbranch_code_D03.383,1,node_7,node_7,True
top_category_G,subbranch_code_D05.500,1,node_7,node_10,False
top_category_G,subbranch_code_D05.750,3,node_7,node_1,False
top_category_G,subbranch_code_D09.301,7,node_7,node_6,False
top_category_G,subbranch_code_D09.400,1,node_7,node_7,True
top_category_G,subbranch_code_D09.698,5,node_7,node_10,False
top_category_G,subbranch_code_D09.947,3,node_7,node_4,False
top_category_G,subbranch_code_D10.212,11,node_7,node_8,False
top_category_G,subbranch_code_D10.627,6,node_7,node_9,False
top_category_G,subbranch_code_D12.644,9,node_7,node_4,False
top_category_G,subbranch_code_D12.776,28,node_7,node_5,False
top_category_G,subbranch_code_D13.444,30,node_7,node_10,False
top_category_G,subbranch_code_D13.695,1,node_7,node_2,False
top_category_G,subbranch_code_D20.050,1,node_7,node_4,False
top_category_G,subbranch_code_D20.215,10,node_7,node_8,False
top_category_G,subbranch_code_D20.633,1,node_7,node_5,False
top_category_G,subbranch_code_D20.721,3,node_7,node_7,True
top_category_G,subbranch_code_D23.050,1,node_7,node_4,False
top_category_G,subbranch_code_D23.101,2,node_7,node_6,False
top_category_G,subbranch_code_D23.946,1,node_7,node_8,False
top_category_G,subbranch_code_D26.650,1,node_7,node_7,True
top_category_G,subbranch_code_D27.505,4,node_7,node_10,False
top_category_G,subbranch_code_D27.720,10,node_7,node_1,False
top_category_G,subbranch_code_E01.370,123,node_7,node_10,False
top_category_G,subbranch_code_E01.789,2,node_7,node_5,False
top_category_G,subbranch_code_E02.095,1,node_7,node_4,False
top_category_G,subbranch_code_E02.278,1,node_7,node_9,False
top_category_G,subbranch_code_E02.421,1,node_7,node_5,False
top_category_G,subbranch_code_E02.642,19,node_7,node_5,False
top_category_G,subbranch_code_E02.760,5,node_7,node_3,False
top_category_G,subbranch_code_E02.779,5,node_7,node_7,True
top_category_G,subbranch_code_E02.831,5,node_7,node_5,False
top_category_G,subbranch_code_E02.875,5,node_7,node_9,False
top_category_G,subbranch_code_E02.980,1,node_7,node_4,False
top_category_G,subbranch_code_E04.292,1,node_7,node_8,False
top_category_G,subbranch_code_E04.604,1,node_7,node_1,False
top_category_G,subbranch_code_E05.041,15,node_7,node_3,False
top_category_G,subbranch_code_E05.196,14,node_7,node_6,False
top_category_G,subbranch_code_E05.200,30,node_7,node_9,False
top_category_G,subbranch_code_E05.242,12,node_7,node_2,False
top_category_G,subbranch_code_E05.301,2,node_7,node_7,True
top_category_G,subbranch_code_E05.318,22,node_7,node_10,False
top_category_G,subbranch_code_E05.377,1,node_7,node_1,False
top_category_G,subbranch_code_E05.393,8,node_7,node_3,False
top_category_G,subbranch_code_E05.478,2,node_7,node_7,True
top_category_G,subbranch_code_E05.481,1,node_7,node_8,False
top_category_G,subbranch_code_E05.598,1,node_7,node_2,False
top_category_G,subbranch_code_E05.599,3,node_7,node_3,False
top_category_G,subbranch_code_E05.601,1,node_7,node_4,False
top_category_G,subbranch_code_E05.723,1,node_7,node_8,False
top_category_G,subbranch_code_E05.796,2,node_7,node_1,False
top_category_G,subbranch_code_E05.799,2,node_7,node_2,False
top_category_G,subbranch_code_E05.820,10,node_7,node_3,False
top_category_G,subbranch_code_E05.830,1,node_7,node_4,False
top_category_G,subbranch_code_E05.916,1,node_7,node_9,False
top_category_G,subbranch_code_E05.940,4,node_7,node_4,False
top_category_G,subbranch_code_E05.952,2,node_7,node_6,False
top_category_G,subbranch_code_E05.959,1,node_7,node_8,False
top_category_G,subbranch_code_E06.276,1,node_7,node_4,False
top_category_G,subbranch_code_E07.161,1,node_7,node_7,True
top_category_G,subbranch_code_F01.145,30,node_7,node_1,False
top_category_G,subbranch_code_F01.470,1,node_7,node_4,False
top_category_G,subbranch_code_F01.525,3,node_7,node_7,True
top_category_G,subbranch_code_F01.658,1,node_7,node_9,False
top_category_G,subbranch_code_F01.752,1,node_7,node_1,False
top_category_G,subbranch_code_F01.829,1,node_7,node_2,False
top_category_G,subbranch_code_F02.463,27,node_7,node_8,False
top_category_G,subbranch_code_F02.808,1,node_7,node_5,False
top_category_G,subbranch_code_F02.830,69,node_7,node_6,False
top_category_G,subbranch_code_F04.669,2,node_7,node_7,True
top_category_G,subbranch_code_F04.754,1,node_7,node_9,False
top_category_G,subbranch_code_G01,1,node_7,node_1,False
top_category_G,subbranch_code_G01.015,3,node_7,node_2,False
top_category_G,subbranch_code_G01.030,1,node_7,node_3,False
top_category_G,subbranch_code_G01.060,29,node_7,node_4,False
top_category_G,subbranch_code_G01.154,19,node_7,node_5,False
top_category_G,subbranch_code_G01.202,3,node_7,node_6,False
top_category_G,subbranch_code_G01.226,1,node_7,node_7,True
top_category_G,subbranch_code_G01.238,1,node_7,node_8,False
top_category_G,subbranch_code_G01.249,10,node_7,node_9,False
top_category_G,subbranch_code_G01.280,2,node_7,node_10,False
top_category_G,subbranch_code_G01.311,30,node_7,node_1,False
top_category_G,subbranch_code_G01.342,1,node_7,node_2,False
top_category_G,subbranch_code_G01.358,28,node_7,node_3,False
top_category_G,subbranch_code_G01.374,29,node_7,node_4,False
top_category_G,subbranch_code_G01.482,6,node_7,node_5,False
top_category_G,subbranch_code_G01.536,3,node_7,node_6,False
top_category_G,subbranch_code_G01.590,19,node_7,node_7,True
top_category_G,subbranch_code_G01.618,1,node_7,node_8,False
top_category_G,subbranch_code_G01.645,5,node_7,node_9,False
top_category_G,subbranch_code_G01.750,49,node_7,node_10,False
top_category_G,subbranch_code_G01.828,1,node_7,node_1,False
top_category_G,subbranch_code_G01.867,4,node_7,node_2,False
top_category_G,subbranch_code_G01.906,9,node_7,node_3,False
top_category_G,subbranch_code_G01.910,7,node_7,node_4,False
top_category_G,subbranch_code_G02,1,node_7,node_5,False
top_category_G,subbranch_code_G02.010,3,node_7,node_6,False
top_category_G,subbranch_code_G02.020,1,node_7,node_7,True
top_category_G,subbranch_code_G02.035,1,node_7,node_8,False
top_category_G,subbranch_code_G02.050,1,node_7,node_9,False
top_category_G,subbranch_code_G02.111,333,node_7,node_10,False
top_category_G,subbranch_code_G02.130,2,node_7,node_1,False
top_category_G,subbranch_code_G02.159,2,node_7,node_2,False
top_category_G,subbranch_code_G02.165,1,node_7,node_3,False
top_category_G,subbranch_code_G02.171,1,node_7,node_4,False
top_category_G,subbranch_code_G02.176,1,node_7,node_5,False
top_category_G,subbranch_code_G02.186,1,node_7,node_6,False
top_category_G,subbranch_code_G02.196,3,node_7,node_7,True
top_category_G,subbranch_code_G02.206,1,node_7,node_8,False
top_category_G,subbranch_code_G02.211,1,node_7,node_9,False
top_category_G,subbranch_code_G02.216,2,node_7,node_10,False
top_category_G,subbranch_code_G02.225,1,node_7,node_1,False
top_category_G,subbranch_code_G02.263,2,node_7,node_2,False
top_category_G,subbranch_code_G02.282,1,node_7,node_3,False
top_category_G,subbranch_code_G02.300,3,node_7,node_4,False
top_category_G,subbranch_code_G02.380,1,node_7,node_5,False
top_category_G,subbranch_code_G02.409,2,node_7,node_6,False
top_category_G,subbranch_code_G02.437,1,node_7,node_7,True
top_category_G,subbranch_code_G02.466,1,node_7,node_8,False
top_category_G,subbranch_code_G02.494,1,node_7,node_9,False
top_category_G,subbranch_code_G02.551,1,node_7,node_10,False
top_category_G,subbranch_code_G02.607,31,node_7,node_1,False
top_category_G,subbranch_code_G02.640,3,node_7,node_2,False
top_category_G,subbranch_code_G02.691,2,node_7,node_3,False
top_category_G,subbranch_code_G02.700,2,node_7,node_4,False
top_category_G,subbranch_code_G02.712,1,node_7,node_5,False
top_category_G,subbranch_code_G02.723,4,node_7,node_6,False
top_category_G,subbranch_code_G02.734,4,node_7,node_7,True
top_category_G,subbranch_code_G02.740,6,node_7,node_8,False
top_category_G,subbranch_code_G02.750,1,node_7,node_9,False
top_category_G,subbranch_code_G02.765,1,node_7,node_10,False
top_category_G,subbranch_code_G02.785,1,node_7,node_1,False
top_category_G,subbranch_code_G02.805,1,node_7,node_2,False
top_category_G,subbranch_code_G02.819,1,node_7,node_3,False
top_category_G,subbranch_code_G02.833,1,node_7,node_4,False
top_category_G,subbranch_code_G02.860,5,node_7,node_5,False
top_category_G,subbranch_code_G02.930,1,node_7,node_6,False
top_category_G,subbranch_code_G02.965,1,node_7,node_7,True
top_category_G,subbranch_code_G03,1,node_7,node_8,False
top_category_G,subbranch_code_G03.015,18,node_7,node_9,False
top_category_G,subbranch_code_G03.030,1,node_7,node_10,False
top_category_G,subbranch_code_G03.040,4,node_7,node_1,False
top_category_G,subbranch_code_G03.049,1,node_7,node_2,False
top_category_G,subbranch_code_G03.059,4,node_7,node_3,False
top_category_G,subbranch_code_G03.068,1,node_7,node_4,False
top_category_G,subbranch_code_G03.078,1,node_7,node_5,False
top_category_G,subbranch_code_G03.087,3,node_7,node_6,False
top_category_G,subbranch_code_G03.105,1,node_7,node_7,True
top_category_G,subbranch_code_G03.143,18,node_7,node_8,False
top_category_G,subbranch_code_G03.162,1,node_7,node_9,False
top_category_G,subbranch_code_G03.171,5,node_7,node_10,False
top_category_G,subbranch_code_G03.180,3,node_7,node_1,False
top_category_G,subbranch_code_G03.185,1,node_7,node_2,False
top_category_G,subbranch_code_G03.191,11,node_7,node_3,False
top_category_G,subbranch_code_G03.194,1,node_7,node_4,False
top_category_G,subbranch_code_G03.197,5,node_7,node_5,False
top_category_G,subbranch_code_G03.208,1,node_7,node_6,False
top_category_G,subbranch_code_G03.219,3,node_7,node_7,True
top_category_G,subbranch_code_G03.222,1,node_7,node_8,False
top_category_G,subbranch_code_G03.225,1,node_7,node_9,False
top_category_G,subbranch_code_G03.230,1,node_7,node_10,False
top_category_G,subbranch_code_G03.295,15,node_7,node_1,False
top_category_G,subbranch_code_G03.312,2,node_7,node_2,False
top_category_G,subbranch_code_G03.328,1,node_7,node_3,False
top_category_G,subbranch_code_G03.344,1,node_7,node_4,False
top_category_G,subbranch_code_G03.360,1,node_7,node_5,False
top_category_G,subbranch_code_G03.393,1,node_7,node_6,False
top_category_G,subbranch_code_G03.409,1,node_7,node_7,True
top_category_G,subbranch_code_G03.425,1,node_7,node_8,False
top_category_G,subbranch_code_G03.442,1,node_7,node_9,False
top_category_G,subbranch_code_G03.458,5,node_7,node_10,False
top_category_G,subbranch_code_G03.474,1,node_7,node_1,False
top_category_G,subbranch_code_G03.490,1,node_7,node_2,False
top_category_G,subbranch_code_G03.493,15,node_7,node_3,False
top_category_G,subbranch_code_G03.500,2,node_7,node_4,False
top_category_G,subbranch_code_G03.558,1,node_7,node_5,False
top_category_G,subbranch_code_G03.615,4,node_7,node_6,False
top_category_G,subbranch_code_G03.673,4,node_7,node_7,True
top_category_G,subbranch_code_G03.680,3,node_7,node_8,False
top_category_G,subbranch_code_G03.707,1,node_7,node_9,False
top_category_G,subbranch_code_G03.734,23,node_7,node_10,False
top_category_G,subbranch_code_G03.787,38,node_7,node_1,False
top_category_G,subbranch_code_G03.796,3,node_7,node_2,False
top_category_G,subbranch_code_G03.800,4,node_7,node_3,False
top_category_G,subbranch_code_G03.804,2,node_7,node_4,False
top_category_G,subbranch_code_G03.808,1,node_7,node_5,False
top_category_G,subbranch_code_G03.812,1,node_7,node_6,False
top_category_G,subbranch_code_G03.816,1,node_7,node_7,True
top_category_G,subbranch_code_G03.818,1,node_7,node_8,False
top_category_G,subbranch_code_G03.820,1,node_7,node_9,False
top_category_G,subbranch_code_G03.839,9,node_7,node_10,False
top_category_G,subbranch_code_G03.857,1,node_7,node_1,False
top_category_G,subbranch_code_G03.893,1,node_7,node_2,False
top_category_G,subbranch_code_G04,1,node_7,node_3,False
top_category_G,subbranch_code_G04.011,7,node_7,node_4,False
top_category_G,subbranch_code_G04.022,1,node_7,node_5,False
top_category_G,subbranch_code_G04.033,1,node_7,node_6,False
top_category_G,subbranch_code_G04.043,5,node_7,node_7,True
top_category_G,subbranch_code_G04.085,6,node_7,node_8,False
top_category_G,subbranch_code_G04.128,2,node_7,node_9,False
top_category_G,subbranch_code_G04.140,10,node_7,node_10,False
top_category_G,subbranch_code_G04.144,29,node_7,node_1,False
top_category_G,subbranch_code_G04.146,16,node_7,node_2,False
top_category_G,subbranch_code_G04.148,1,node_7,node_3,False
top_category_G,subbranch_code_G04.152,24,node_7,node_4,False
top_category_G,subbranch_code_G04.155,1,node_7,node_5,False
top_category_G,subbranch_code_G04.161,7,node_7,node_6,False
top_category_G,subbranch_code_G04.165,5,node_7,node_7,True
top_category_G,subbranch_code_G04.172,1,node_7,node_8,False
top_category_G,subbranch_code_G04.175,1,node_7,node_9,False
top_category_G,subbranch_code_G04.198,11,node_7,node_10,False
top_category_G,subbranch_code_G04.250,1,node_7,node_1,False
top_category_G,subbranch_code_G04.270,5,node_7,node_2,False
top_category_G,subbranch_code_G04.320,1,node_7,node_3,False
top_category_G,subbranch_code_G04.325,2,node_7,node_4,False
top_category_G,subbranch_code_G04.346,1,node_7,node_5,False
top_category_G,subbranch_code_G04.356,4,node_7,node_6,False
top_category_G,subbranch_code_G04.366,3,node_7,node_7,True
top_category_G,subbranch_code_G04.375,2,node_7,node_8,False
top_category_G,subbranch_code_G04.383,1,node_7,node_9,False
top_category_G,subbranch_code_G04.392,2,node_7,node_10,False
top_category_G,subbranch_code_G04.400,2,node_7,node_1,False
top_category_G,subbranch_code_G04.417,8,node_7,node_2,False
top_category_G,subbranch_code_G04.434,3,node_7,node_3,False
top_category_G,subbranch_code_G04.468,5,node_7,node_4,False
top_category_G,subbranch_code_G04.502,1,node_7,node_5,False
top_category_G,subbranch_code_G04.536,1,node_7,node_6,False
top_category_G,subbranch_code_G04.570,1,node_7,node_7,True
top_category_G,subbranch_code_G04.575,1,node_7,node_8,False
top_category_G,subbranch_code_G04.580,8,node_7,node_9,False
top_category_G,subbranch_code_G04.590,1,node_7,node_10,False
top_category_G,subbranch_code_G04.599,3,node_7,node_1,False
top_category_G,subbranch_code_G04.618,1,node_7,node_2,False
top_category_G,subbranch_code_G04.655,2,node_7,node_3,False
top_category_G,subbranch_code_G04.670,3,node_7,node_4,False
top_category_G,subbranch_code_G04.712,2,node_7,node_5,False
top_category_G,subbranch_code_G04.753,1,node_7,node_6,False
top_category_G,subbranch_code_G04.774,2,node_7,node_7,True
top_category_G,subbranch_code_G04.794,1,node_7,node_8,False
top_category_G,subbranch_code_G04.835,15,node_7,node_9,False
top_category_G,subbranch_code_G04.917,1,node_7,node_10,False
top_category_G,subbranch_code_G05,1,node_7,node_1,False
top_category_G,subbranch_code_G05.045,10,node_7,node_2,False
top_category_G,subbranch_code_G05.090,7,node_7,node_3,False
top_category_G,subbranch_code_G05.113,19,node_7,node_4,False
top_category_G,subbranch_code_G05.135,2,node_7,node_5,False
top_category_G,subbranch_code_G05.158,2,node_7,node_6,False
top_category_G,subbranch_code_G05.180,1,node_7,node_7,True
top_category_G,subbranch_code_G05.193,1,node_7,node_8,False
top_category_G,subbranch_code_G05.200,10,node_7,node_9,False
top_category_G,subbranch_code_G05.206,1,node_7,node_10,False
top_category_G,subbranch_code_G05.213,2,node_7,node_1,False
top_category_G,subbranch_code_G05.219,6,node_7,node_2,False
top_category_G,subbranch_code_G05.226,7,node_7,node_3,False
top_category_G,subbranch_code_G05.232,1,node_7,node_4,False
top_category_G,subbranch_code_G05.285,1,node_7,node_5,False
top_category_G,subbranch_code_G05.297,10,node_7,node_6,False
top_category_G,subbranch_code_G05.308,54,node_7,node_7,True
top_category_G,subbranch_code_G05.330,4,node_7,node_8,False
top_category_G,subbranch_code_G05.340,1,node_7,node_9,False
top_category_G,subbranch_code_G05.342,1,node_7,node_10,False
top_category_G,subbranch_code_G05.344,11,node_7,node_1,False
top_category_G,subbranch_code_G05.346,2,node_7,node_2,False
top_category_G,subbranch_code_G05.347,1,node_7,node_3,False
top_category_G,subbranch_code_G05.348,3,node_7,node_4,False
top_category_G,subbranch_code_G05.350,1,node_7,node_5,False
top_category_G,subbranch_code_G05.360,313,node_7,node_6,False
top_category_G,subbranch_code_G05.365,69,node_7,node_7,True
top_category_G,subbranch_code_G05.370,4,node_7,node_8,False
top_category_G,subbranch_code_G05.380,9,node_7,node_9,False
top_category_G,subbranch_code_G05.390,1,node_7,node_10,False
top_category_G,subbranch_code_G05.400,1,node_7,node_1,False
top_category_G,subbranch_code_G05.410,1,node_7,node_2,False
top_category_G,subbranch_code_G05.420,15,node_7,node_3,False
top_category_G,subbranch_code_G05.545,1,node_7,node_4,False
top_category_G,subbranch_code_G05.558,18,node_7,node_5,False
top_category_G,subbranch_code_G05.627,1,node_7,node_6,False
top_category_G,subbranch_code_G05.695,8,node_7,node_7,True
top_category_G,subbranch_code_G05.700,11,node_7,node_8,False
top_category_G,subbranch_code_G05.728,15,node_7,node_9,False
top_category_G,subbranch_code_G05.755,1,node_7,node_10,False
top_category_G,subbranch_code_G05.762,1,node_7,node_1,False
top_category_G,subbranch_code_G05.769,1,node_7,node_2,False
top_category_G,subbranch_code_G05.783,2,node_7,node_3,False
top_category_G,subbranch_code_G05.810,4,node_7,node_4,False
top_category_G,subbranch_code_G05.813,1,node_7,node_5,False
top_category_G,subbranch_code_G05.815,1,node_7,node_6,False
top_category_G,subbranch_code_G05.820,1,node_7,node_7,True
top_category_G,subbranch_code_G05.910,1,node_7,node_8,False
top_category_G,subbranch_code_G05.935,2,node_7,node_9,False
top_category_G,subbranch_code_G06,1,node_7,node_10,False
top_category_G,subbranch_code_G06.099,19,node_7,node_1,False
top_category_G,subbranch_code_G06.120,2,node_7,node_2,False
top_category_G,subbranch_code_G06.173,1,node_7,node_3,False
top_category_G,subbranch_code_G06.225,17,node_7,node_4,False
top_category_G,subbranch_code_G06.320,2,node_7,node_5,False
top_category_G,subbranch_code_G06.365,1,node_7,node_6,False
top_category_G,subbranch_code_G06.373,1,node_7,node_7,True
top_category_G,subbranch_code_G06.462,6,node_7,node_8,False
top_category_G,subbranch_code_G06.550,4,node_7,node_9,False
top_category_G,subbranch_code_G06.580,1,node_7,node_10,False
top_category_G,subbranch_code_G06.591,7,node_7,node_1,False
top_category_G,subbranch_code_G06.625,1,node_7,node_2,False
top_category_G,subbranch_code_G06.773,1,node_7,node_3,False
top_category_G,subbranch_code_G06.920,25,node_7,node_4,False
top_category_G,subbranch_code_G06.930,1,node_7,node_5,False
top_category_G,subbranch_code_G07,1,node_7,node_6,False
top_category_G,subbranch_code_G07.025,5,node_7,node_7,True
top_category_G,subbranch_code_G07.049,1,node_7,node_8,False
top_category_G,subbranch_code_G07.075,1,node_7,node_9,False
top_category_G,subbranch_code_G07.100,26,node_7,node_10,False
top_category_G,subbranch_code_G07.110,10,node_7,node_1,False
top_category_G,subbranch_code_G07.180,9,node_7,node_2,False
top_category_G,subbranch_code_G07.192,1,node_7,node_3,False
top_category_G,subbranch_code_G07.203,214,node_7,node_4,False
top_category_G,subbranch_code_G07.225,2,node_7,node_5,False
top_category_G,subbranch_code_G07.265,39,node_7,node_6,False
top_category_G,subbranch_code_G07.280,1,node_7,node_7,True
top_category_G,subbranch_code_G07.313,1,node_7,node_8,False
top_category_G,subbranch_code_G07.345,99,node_7,node_9,False
top_category_G,subbranch_code_G07.410,15,node_7,node_10,False
top_category_G,subbranch_code_G07.443,2,node_7,node_1,False
top_category_G,subbranch_code_G07.475,1,node_7,node_2,False
top_category_G,subbranch_code_G07.540,1,node_7,node_3,False
top_category_G,subbranch_code_G07.568,9,node_7,node_4,False
top_category_G,subbranch_code_G07.650,1,node_7,node_5,False
top_category_G,subbranch_code_G07.670,1,node_7,node_6,False
top_category_G,subbranch_code_G07.690,91,node_7,node_7,True
top_category_G,subbranch_code_G07.738,2,node_7,node_8,False
top_category_G,subbranch_code_G07.757,1,node_7,node_9,False
top_category_G,subbranch_code_G07.775,13,node_7,node_10,False
top_category_G,subbranch_code_G07.850,1,node_7,node_1,False
top_category_G,subbranch_code_G07.888,26,node_7,node_2,False
top_category_G,subbranch_code_G07.925,1,node_7,node_3,False
top_category_G,subbranch_code_G08,1,node_7,node_4,False
top_category_G,subbranch_code_G08.686,152,node_7,node_5,False
top_category_G,subbranch_code_G08.852,13,node_7,node_6,False
top_category_G,subbranch_code_G09,1,node_7,node_7,True
top_category_G,subbranch_code_G09.188,51,node_7,node_8,False
top_category_G,subbranch_code_G09.330,77,node_7,node_9,False
top_category_G,subbranch_code_G09.772,47,node_7,node_10,False
top_category_G,subbranch_code_G10,1,node_7,node_1,False
top_category_G,subbranch_code_G10.261,30,node_7,node_2,False
top_category_G,subbranch_code_G10.549,16,node_7,node_3,False
top_category_G,subbranch_code_G11,1,node_7,node_4,False
top_category_G,subbranch_code_G11.427,93,node_7,node_5,False
top_category_G,subbranch_code_G11.561,147,node_7,node_6,False
top_category_G,subbranch_code_G12,1,node_7,node_7,True
top_category_G,subbranch_code_G12.040,1,node_7,node_8,False
top_category_G,subbranch_code_G12.100,1,node_7,node_9,False
top_category_G,subbranch_code_G12.113,1,node_7,node_10,False
top_category_G,subbranch_code_G12.119,1,node_7,node_1,False
top_category_G,subbranch_code_G12.122,12,node_7,node_2,False
top_category_G,subbranch_code_G12.125,1,node_7,node_3,False
top_category_G,subbranch_code_G12.186,2,node_7,node_4,False
top_category_G,subbranch_code_G12.248,1,node_7,node_5,False
top_category_G,subbranch_code_G12.261,1,node_7,node_6,False
top_category_G,subbranch_code_G12.274,4,node_7,node_7,True
top_category_G,subbranch_code_G12.287,4,node_7,node_8,False
top_category_G,subbranch_code_G12.300,2,node_7,node_9,False
top_category_G,subbranch_code_G12.350,1,node_7,node_10,False
top_category_G,subbranch_code_G12.400,1,node_7,node_1,False
top_category_G,subbranch_code_G12.413,1,node_7,node_2,False
top_category_G,subbranch_code_G12.432,1,node_7,node_3,False
top_category_G,subbranch_code_G12.450,31,node_7,node_4,False
top_category_G,subbranch_code_G12.460,3,node_7,node_5,False
top_category_G,subbranch_code_G12.470,2,node_7,node_6,False
top_category_G,subbranch_code_G12.485,1,node_7,node_7,True
top_category_G,subbranch_code_G12.500,24,node_7,node_8,False
top_category_G,subbranch_code_G12.513,1,node_7,node_9,False
top_category_G,subbranch_code_G12.525,1,node_7,node_10,False
top_category_G,subbranch_code_G12.535,12,node_7,node_1,False
top_category_G,subbranch_code_G12.565,2,node_7,node_2,False
top_category_G,subbranch_code_G12.575,1,node_7,node_3,False
top_category_G,subbranch_code_G12.590,2,node_7,node_4,False
top_category_G,subbranch_code_G12.604,1,node_7,node_5,False
top_category_G,subbranch_code_G12.632,1,node_7,node_6,False
top_category_G,subbranch_code_G12.688,3,node_7,node_7,True
top_category_G,subbranch_code_G12.800,1,node_7,node_8,False
top_category_G,subbranch_code_G12.838,1,node_7,node_9,False
top_category_G,subbranch_code_G12.875,9,node_7,node_10,False
top_category_G,subbranch_code_G12.888,1,node_7,node_1,False
top_category_G,subbranch_code_G12.900,1,node_7,node_2,False
top_category_G,subbranch_code_G13,1,node_7,node_3,False
top_category_G,subbranch_code_G13.500,1,node_7,node_4,False
top_category_G,subbranch_code_G13.750,11,node_7,node_5,False
top_category_G,subbranch_code_G14,1,node_7,node_6,False
top_category_G,subbranch_code_G14.010,1,node_7,node_7,True
top_category_G,subbranch_code_G14.020,2,node_7,node_8,False
top_category_G,subbranch_code_G14.040,1,node_7,node_9,False
top_category_G,subbranch_code_G14.152,1,node_7,node_10,False
top_category_G,subbranch_code_G14.264,1,node_7,node_1,False
top_category_G,subbranch_code_G14.330,1,node_7,node_2,False
top_category_G,subbranch_code_G14.340,1,node_7,node_3,False
top_category_G,subbranch_code_G14.350,7,node_7,node_4,False
top_category_G,subbranch_code_G14.360,1,node_7,node_5,False
top_category_G,subbranch_code_G14.370,1,node_7,node_6,False
top_category_G,subbranch_code_G14.400,1,node_7,node_7,True
top_category_G,subbranch_code_G14.440,1,node_7,node_8,False
top_category_G,subbranch_code_G14.540,1,node_7,node_9,False
top_category_G,subbranch_code_G14.590,1,node_7,node_10,False
top_category_G,subbranch_code_G14.700,1,node_7,node_1,False
top_category_G,subbranch_code_G14.760,1,node_7,node_2,False
top_category_G,subbranch_code_G14.930,1,node_7,node_3,False
top_category_G,subbranch_code_G14.935,7,node_7,node_4,False
top_category_G,subbranch_code_G14.940,3,node_7,node_5,False
top_category_G,subbranch_code_G14.950,1,node_7,node_6,False
top_category_G,subbranch_code_G15,1,node_7,node_7,True
top_category_G,subbranch_code_G15.150,1,node_7,node_8,False
top_category_G,subbranch_code_G15.300,1,node_7,node_9,False
top_category_G,subbranch_code_G15.375,1,node_7,node_10,False
top_category_G,subbranch_code_G15.525,1,node_7,node_1,False
top_category_G,subbranch_code_G15.547,2,node_7,node_2,False
top_category_G,subbranch_code_G15.568,3,node_7,node_3,False
top_category_G,subbranch_code_G15.579,1,node_7,node_4,False
top_category_G,subbranch_code_G15.589,6,node_7,node_5,False
top_category_G,subbranch_code_G15.610,4,node_7,node_6,False
top_category_G,subbranch_code_G15.620,2,node_7,node_7,True
top_category_G,subbranch_code_G15.630,3,node_7,node_8,False
top_category_G,subbranch_code_G15.649,1,node_7,node_9,False
top_category_G,subbranch_code_G15.682,1,node_7,node_10,False
top_category_G,subbranch_code_G15.698,1,node_7,node_1,False
top_category_G,subbranch_code_G15.713,1,node_7,node_2,False
top_category_G,subbranch_code_G15.776,1,node_7,node_3,False
top_category_G,subbranch_code_G15.808,1,node_7,node_4,False
top_category_G,subbranch_code_G15.830,1,node_7,node_5,False
top_category_G,subbranch_code_G15.840,1,node_7,node_6,False
top_category_G,subbranch_code_G15.920,3,node_7,node_7,True
top_category_G,subbranch_code_G16,1,node_7,node_8,False
top_category_G,subbranch_code_G16.012,17,node_7,node_9,False
top_category_G,subbranch_code_G16.024,1,node_7,node_10,False
top_category_G,subbranch_code_G16.049,1,node_7,node_1,False
top_category_G,subbranch_code_G16.062,1,node_7,node_2,False
top_category_G,subbranch_code_G16.075,10,node_7,node_3,False
top_category_G,subbranch_code_G16.115,1,node_7,node_4,False
top_category_G,subbranch_code_G16.117,2,node_7,node_5,False
top_category_G,subbranch_code_G16.150,1,node_7,node_6,False
top_category_G,subbranch_code_G16.500,123,node_7,node_7,True
top_category_G,subbranch_code_G16.505,1,node_7,node_8,False
top_category_G,subbranch_code_G16.510,1,node_7,node_9,False
top_category_G,subbranch_code_G16.527,8,node_7,node_10,False
top_category_G,subbranch_code_G16.559,1,node_7,node_1,False
top_category_G,subbranch_code_G16.575,1,node_7,node_2,False
top_category_G,subbranch_code_G16.645,1,node_7,node_3,False
top_category_G,subbranch_code_G16.650,1,node_7,node_4,False
top_category_G,subbranch_code_G16.690,4,node_7,node_5,False
top_category_G,subbranch_code_G16.757,1,node_7,node_6,False
top_category_G,subbranch_code_G16.762,13,node_7,node_7,True
top_category_G,subbranch_code_G16.767,2,node_7,node_8,False
top_category_G,subbranch_code_G16.824,1,node_7,node_9,False
top_category_G,subbranch_code_G16.840,1,node_7,node_10,False
top_category_G,subbranch_code_G16.920,1,node_7,node_1,False
top_category_G,subbranch_code_G17,1,node_7,node_2,False
top_category_G,subbranch_code_G17.035,37,node_7,node_3,False
top_category_G,subbranch_code_G17.162,3,node_7,node_4,False
top_category_G,subbranch_code_G17.226,1,node_7,node_5,False
top_category_G,subbranch_code_G17.290,1,node_7,node_6,False
top_category_G,subbranch_code_G17.388,1,node_7,node_7,True
top_category_G,subbranch_code_G17.485,14,node_7,node_8,False
top_category_G,subbranch_code_G17.582,1,node_7,node_9,False
top_category_G,subbranch_code_G17.680,4,node_7,node_10,False
top_category_G,subbranch_code_G17.800,2,node_7,node_1,False
top_category_G,subbranch_code_G17.820,5,node_7,node_2,False
top_category_G,subbranch_code_G17.830,3,node_7,node_3,False
top_category_G,subbranch_code_G17.915,1,node_7,node_4,False
top_category_G,subbranch_code_I01.076,1,node_7,node_4,False
top_category_G,subbranch_code_I01.240,2,node_7,node_6,False
top_category_G,subbranch_code_I01.655,1,node_7,node_3,False
top_category_G,subbranch_code_I01.880,1,node_7,node_9,False
top_category_G,subbranch_code_I03.287,1,node_7,node_4,False
top_category_G,subbranch_code_I03.350,22,node_7,node_5,False
top_category_G,subbranch_code_I03.450,11,node_7,node_7,True
top_category_G,subbranch_code_J01.576,3,node_7,node_6,False
top_category_G,subbranch_code_J01.728,2,node_7,node_9,False
top_category_G,subbranch_code_J01.897,1,node_7,node_2,False
top_category_G,subbranch_code_J02.200,29,node_7,node_5,False
top_category_G,subbranch_code_J02.350,13,node_7,node_6,False
top_category_G,subbranch_code_J02.500,121,node_7,node_7,True
top_category_G,subbranch_code_L01.100,1,node_7,node_10,False
top_category_G,subbranch_code_L01.224,52,node_7,node_2,False
top_category_G,subbranch_code_L01.313,2,node_7,node_6,False
top_category_G,subbranch_code_L01.399,1,node_7,node_7,True
top_category_G,subbranch_code_L01.462,3,node_7,node_8,False
top_category_G,subbranch_code_L01.470,2,node_7,node_9,False
top_category_G,subbranch_code_L01.559,1,node_7,node_2,False
top_category_G,subbranch_code_N01.224,3,node_7,node_5,False
top_category_G,subbranch_code_N01.400,2,node_7,node_6,False
top_category_G,subbranch_code_N02.421,1,node_7,node_5,False
top_category_G,subbranch_code_N03.623,1,node_7,node_5,False
top_category_G,subbranch_code_N05.715,19,node_7,node_3,False
top_category_G,subbranch_code_N06.230,97,node_7,node_5,False
top_category_G,subbranch_code_N06.850,43,node_7,node_6,False
top_category_G,subbranch_code_Z01.433,1,node_7,node_9,False
top_category_G,subbranch_code_Z01.639,1,node_7,node_2,False
top_category_G,subbranch_code_Z01.756,1,node_7,node_4,False
top_category_H,branch_code_E01,5,node_8,node_2,False
top_category_H,branch_code_E02,15,node_8,node_3,False
top_category_H,branch_code_E05,26,node_8,node_6,False
top_category_H,branch_code_E06,12,node_8,node_7,False
top_category_H,branch_code_F01,1,node_8,node_9,False
top_category_H,branch_code_F02,3,node_8,node_10,False
top_category_H,branch_code_F04,25,node_8,node_2,False
top_category_H,branch_code_H01,245,node_8,node_10,False
top_category_H,branch_code_H02,273,node_8,node_1,False
top_category_H,branch_code_I01,14,node_8,node_2,False
top_category_H,branch_code_I02,1,node_8,node_3,False
top_category_H,branch_code_J01,25,node_8,node_5,False
top_category_H,branch_code_K01,4,node_8,node_8,True
top_category_H,branch_code_L01,24,node_8,node_9,False
top_category_H,branch_code_N01,2,node_8,node_1,False
top_category_H,branch_code_N02,56,node_8,node_2,False
top_category_H,branch_code_N03,7,node_8,node_3,False
top_category_H,branch_code_N04,21,node_8,node_4,False
top_category_H,branch_code_N05,12,node_8,node_5,False
top_category_H,branch_code_N06,18,node_8,node_6,False
top_category_H,subbranch_code_E01.370,3,node_8,node_10,False
top_category_H,subbranch_code_E01.789,1,node_8,node_5,False
top_category_H,subbranch_code_E01.894,1,node_8,node_6,False
top_category_H,subbranch_code_E02.479,1,node_8,node_7,False
top_category_H,subbranch_code_E02.650,1,node_8,node_6,False
top_category_H,subbranch_code_E02.730,1,node_8,node_1,False
top_category_H,subbranch_code_E02.760,9,node_8,node_3,False
top_category_H,subbranch_code_E02.782,1,node_8,node_8,True
top_category_H,subbranch_code_E02.831,9,node_8,node_5,False
top_category_H,subbranch_code_E02.921,1,node_8,node_9,False
top_category_H,subbranch_code_E05.017,1,node_8,node_1,False
top_category_H,subbranch_code_E05.196,3,node_8,node_6,False
top_category_H,subbranch_code_E05.200,2,node_8,node_9,False
top_category_H,subbranch_code_E05.242,1,node_8,node_2,False
top_category_H,subbranch_code_E05.245,1,node_8,node_3,False
top_category_H,subbranch_code_E05.313,1,node_8,node_8,True
top_category_H,subbranch_code_E05.318,5,node_8,node_10,False
top_category_H,subbranch_code_E05.349,1,node_8,node_8,True
top_category_H,subbranch_code_E05.393,2,node_8,node_3,False
top_category_H,subbranch_code_E05.445,4,node_8,node_4,False
top_category_H,subbranch_code_E05.478,1,node_8,node_7,False
top_category_H,subbranch_code_E05.581,1,node_8,node_8,True
top_category_H,subbranch_code_E05.595,1,node_8,node_1,False
top_category_H,subbranch_code_E05.599,1,node_8,node_3,False
top_category_H,subbranch_code_E05.830,2,node_8,node_4,False
top_category_H,subbranch_code_E05.920,2,node_8,node_10,False
top_category_H,subbranch_code_E06,1,node_8,node_4,False
top_category_H,subbranch_code_E06.397,2,node_8,node_10,False
top_category_H,subbranch_code_E06.640,1,node_8,node_8,True
top_category_H,subbranch_code_E06.658,1,node_8,node_10,False
top_category_H,subbranch_code_E06.685,1,node_8,node_1,False
top_category_H,subbranch_code_E06.721,1,node_8,node_2,False
top_category_H,subbranch_code_E06.761,1,node_8,node_3,False
top_category_H,subbranch_code_E06.780,1,node_8,node_4,False
top_category_H,subbranch_code_E06.892,2,node_8,node_5,False
top_category_H,subbranch_code_E06.912,1,node_8,node_6,False
top_category_H,subbranch_code_F01.829,1,node_8,node_2,False
top_category_H,subbranch_code_F02.550,1,node_8,node_9,False
top_category_H,subbranch_code_F02.784,1,node_8,node_4,False
top_category_H,subbranch_code_F02.830,1,node_8,node_6,False
top_category_H,subbranch_code_F04.096,23,node_8,node_2,False
top_category_H,subbranch_code_F04.408,2,node_8,node_3,False
top_category_H,subbranch_code_F04.570,1,node_8,node_5,False
top_category_H,subbranch_code_H01,1,node_8,node_5,False
top_category_H,subbranch_code_H01.158,134,node_8,node_6,False
top_category_H,subbranch_code_H01.181,30,node_8,node_7,False
top_category_H,subbranch_code_H01.277,16,node_8,node_8,True
top_category_H,subbranch_code_H01.345,1,node_8,node_9,False
top_category_H,subbranch_code_H01.413,1,node_8,node_10,False
top_category_H,subbranch_code_H01.548,8,node_8,node_1,False
top_category_H,subbranch_code_H01.570,1,node_8,node_2,False
top_category_H,subbranch_code_H01.603,3,node_8,node_3,False
top_category_H,subbranch_code_H01.671,25,node_8,node_4,False
top_category_H,subbranch_code_H01.770,57,node_8,node_5,False
top_category_H,subbranch_code_H02,1,node_8,node_6,False
top_category_H,subbranch_code_H02.004,1,node_8,node_7,False
top_category_H,subbranch_code_H02.010,10,node_8,node_8,True
top_category_H,subbranch_code_H02.070,1,node_8,node_9,False
top_category_H,subbranch_code_H02.110,1,node_8,node_10,False
top_category_H,subbranch_code_H02.163,24,node_8,node_1,False
top_category_H,subbranch_code_H02.229,4,node_8,node_2,False
top_category_H,subbranch_code_H02.249,6,node_8,node_3,False
top_category_H,subbranch_code_H02.269,1,node_8,node_4,False
top_category_H,subbranch_code_H02.309,1,node_8,node_5,False
top_category_H,subbranch_code_H02.385,1,node_8,node_6,False
top_category_H,subbranch_code_H02.403,148,node_8,node_7,False
top_category_H,subbranch_code_H02.438,1,node_8,node_8,True
top_category_H,subbranch_code_H02.478,47,node_8,node_9,False
top_category_H,subbranch_code_H02.495,1,node_8,node_10,False
top_category_H,subbranch_code_H02.533,6,node_8,node_1,False
top_category_H,subbranch_code_H02.553,1,node_8,node_2,False
top_category_H,subbranch_code_H02.573,1,node_8,node_3,False
top_category_H,subbranch_code_H02.628,9,node_8,node_4,False
top_category_H,subbranch_code_H02.646,4,node_8,node_5,False
top_category_H,subbranch_code_H02.696,1,node_8,node_6,False
top_category_H,subbranch_code_H02.720,2,node_8,node_7,False
top_category_H,subbranch_code_H02.781,1,node_8,node_8,True
top_category_H,subbranch_code_H02.790,1,node_8,node_9,False
top_category_H,subbranch_code_H02.811,1,node_8,node_10,False
top_category_H,subbranch_code_H02.884,4,node_8,node_1,False
top_category_H,subbranch_code_H02.956,5,node_8,node_2,False
top_category_H,subbranch_code_I01.076,2,node_8,node_4,False
top_category_H,subbranch_code_I01.198,9,node_8,node_5,False
top_category_H,subbranch_code_I01.655,1,node_8,node_3,False
top_category_H,subbranch_code_I01.880,4,node_8,node_9,False
top_category_H,subbranch_code_I02.358,1,node_8,node_8,True
top_category_H,subbranch_code_J01.040,1,node_8,node_9,False
top_category_H,subbranch_code_J01.293,5,node_8,node_3,False
top_category_H,subbranch_code_J01.576,2,node_8,node_6,False
top_category_H,subbranch_code_J01.897,17,node_8,node_2,False
top_category_H,subbranch_code_K01.093,2,node_8,node_6,False
top_category_H,subbranch_code_K01.400,1,node_8,node_9,False
top_category_H,subbranch_code_K01.752,1,node_8,node_5,False
top_category_H,subbranch_code_L01.143,2,node_8,node_1,False
top_category_H,subbranch_code_L01.224,4,node_8,node_2,False
top_category_H,subbranch_code_L01.313,7,node_8,node_6,False
top_category_H,subbranch_code_L01.462,10,node_8,node_8,True
top_category_H,subbranch_code_L01.470,1,node_8,node_9,False
top_category_H,subbranch_code_L01.559,1,node_8,node_2,False
top_category_H,subbranch_code_L01.737,1,node_8,node_5,False
top_category_H,subbranch_code_L01.906,2,node_8,node_6,False
top_category_H,subbranch_code_N01.400,2,node_8,node_6,False
top_category_H,subbranch_code_N02.278,1,node_8,node_2,False
top_category_H,subbranch_code_N02.421,55,node_8,node_5,False
top_category_H,subbranch_code_N03.349,2,node_8,node_3,False
top_category_H,subbranch_code_N03.540,1,node_8,node_4,False
top_category_H,subbranch_code_N03.623,1,node_8,node_5,False
top_category_H,subbranch_code_N03.706,3,node_8,node_6,False
top_category_H,subbranch_code_N04,1,node_8,node_10,False
top_category_H,subbranch_code_N04.452,6,node_8,node_2,False
top_category_H,subbranch_code_N04.590,14,node_8,node_3,False
top_category_H,subbranch_code_N04.761,2,node_8,node_4,False
top_category_H,subbranch_code_N05.300,1,node_8,node_8,True
top_category_H,subbranch_code_N05.425,4,node_8,node_10,False
top_category_H,subbranch_code_N05.632,1,node_8,node_1,False
top_category_H,subbranch_code_N05.715,6,node_8,node_3,False
top_category_H,subbranch_code_N06.850,16,node_8,node_6,False
top_category_H,subbranch_code_N06.890,2,node_8,node_7,False
top_category_I,branch_code_C10,1,node_9,node_10,False
top_category_I,branch_code_C23,7,node_9,node_2,False
top_category_I,branch_code_C24,1,node_9,node_3,False
top_category_I,branch_code_C26,3,node_9,node_5,False
top_category_I,branch_code_E01,4,node_9,node_2,False
top_category_I,branch_code_E02,35,node_9,node_3,False
top_category_I,branch_code_E04,3,node_9,node_5,False
top_category_I,branch_code_E05,9,node_9,node_6,False
top_category_I,branch_code_F01,72,node_9,node_9,True
top_category_I,branch_code_F02,11,node_9,node_10,False
top_category_I,branch_code_F03,1,node_9,node_1,False
top_category_I,branch_code_F04,14,node_9,node_2,False
top_category_I,branch_code_G05,1,node_9,node_7,False
top_category_I,branch_code_G07,4,node_9,node_9,True
top_category_I,branch_code_G11,25,node_9,node_3,False
top_category_I,branch_code_G16,2,node_9,node_8,False
top_category_I,branch_code_H01,7,node_9,node_10,False
top_category_I,branch_code_H02,11,node_9,node_1,False
top_category_I,branch_code_I01,558,node_9,node_2,False
top_category_I,branch_code_I02,94,node_9,node_3,False
top_category_I,branch_code_I03,115,node_9,node_4,False
top_category_I,branch_code_J01,4,node_9,node_5,False
top_category_I,branch_code_J03,10,node_9,node_7,False
top_category_I,branch_code_K01,30,node_9,node_8,False
top_category_I,branch_code_L01,12,node_9,node_9,True
top_category_I,branch_code_M01,13,node_9,node_10,False
top_category_I,branch_code_N01,59,node_9,node_1,False
top_category_I,branch_code_N02,17,node_9,node_2,False
top_category_I,branch_code_N03,147,node_9,node_3,False
top_category_I,branch_code_N04,28,node_9,node_4,False
top_category_I,branch_code_N05,17,node_9,node_5,False
top_category_I,branch_code_N06,43,node_9,node_6,False
top_category_I,branch_code_Z01,1,node_9,node_1,False
top_category_I,subbranch_code_C10.281,1,node_9,node_6,False
top_category_I,subbranch_code_C10.886,1,node_9,node_8,False
top_category_I,subbranch_code_C23.550,5,node_9,node_2,False
top_category_I,subbranch_code_C23.888,2,node_9,node_3,False
top_category_I,subbranch_code_C24.653,1,node_9,node_4,False
top_category_I,subbranch_code_C26.946,2,node_9,node_2,False
top_category_I,subbranch_code_C26.986,1,node_9,node_4,False
top_category_I,subbranch_code_E01.370,4,node_9,node_10,False
top_category_I,subbranch_code_E02.085,1,node_9,node_3,False
top_category_I,subbranch_code_E02.190,18,node_9,node_4,False
top_category_I,subbranch_code_E02.218,1,node_9,node_7,False
top_category_I,subbranch_code_E02.365,1,node_9,node_4,False
top_category_I,subbranch_code_E02.760,12,node_9,node_3,False
top_category_I,subbranch_code_E02.779,6,node_9,node_7,False
top_category_I,subbranch_code_E02.831,6,node_9,node_5,False
top_category_I,subbranch_code_E02.900,2,node_9,node_5,False
top_category_I,subbranch_code_E04.085,1,node_9,node_4,False
top_category_I,subbranch_code_E04.604,1,node_9,node_1,False
top_category_I,subbranch_code_E04.950,2,node_9,node_6,False
top_category_I,subbranch_code_E05.070,2,node_9,node_7,False
top_category_I,subbranch_code_E05.200,1,node_9,node_9,True
top_category_I,subbranch_code_E05.290,1,node_9,node_5,False
top_category_I,subbranch_code_E05.318,3,node_9,node_10,False
top_category_I,subbranch_code_E05.337,1,node_9,node_7,False
top_category_I,subbranch_code_E05.393,2,node_9,node_3,False
top_category_I,subbranch_code_E05.599,2,node_9,node_3,False
top_category_I,subbranch_code_F01.100,3,node_9,node_10,False
top_category_I,subbranch_code_F01.145,30,node_9,node_1,False
top_category_I,subbranch_code_F01.470,2,node_9,node_4,False
top_category_I,subbranch_code_F01.590,1,node_9,node_8,False
top_category_I,subbranch_code_F01.829,41,node_9,node_2,False
top_category_I,subbranch_code_F02.410,1,node_9,node_6,False
top_category_I,subbranch_code_F02.463,6,node_9,node_8,False
top_category_I,subbranch_code_F02.600,1,node_9,node_10,False
top_category_I,subbranch_code_F02.784,3,node_9,node_4,False
top_category_I,subbranch_code_F02.830,1,node_9,node_6,False
top_category_I,subbranch_code_F03.870,1,node_9,node_6,False
top_category_I,subbranch_code_F04.047,1,node_9,node_1,False
top_category_I,subbranch_code_F04.096,12,node_9,node_2,False
top_category_I,subbranch_code_F04.408,1,node_9,node_3,False
top_category_I,subbranch_code_G05.815,1,node_9,node_6,False
top_category_I,subbranch_code_G07.025,1,node_9,node_7,False
top_category_I,subbranch_code_G07.203,3,node_9,node_4,False
top_category_I,subbranch_code_G11.427,25,node_9,node_5,False
top_category_I,subbranch_code_G16.012,1,node_9,node_9,True
top_category_I,subbranch_code_G16.650,1,node_9,node_4,False
top_category_I,subbranch_code_H01.158,4,node_9,node_6,False
top_category_I,subbranch_code_H01.277,1,node_9,node_8,False
top_category_I,subbranch_code_H01.770,2,node_9,node_5,False
top_category_I,subbranch_code_H02.163,1,node_9,node_1,False
top_category_I,subbranch_code_H02.403,5,node_9,node_7,False
top_category_I,subbranch_code_H02.478,2,node_9,node_9,True
top_category_I,subbranch_code_H02.628,1,node_9,node_4,False
top_category_I,subbranch_code_H02.790,1,node_9,node_9,True
top_category_I,subbranch_code_H02.884,1,node_9,node_1,False
top_category_I,subbranch_code_I01,1,node_9,node_3,False
top_category_I,subbranch_code_I01.076,64,node_9,node_4,False
top_category_I,subbranch_code_I01.198,72,node_9,node_5,False
top_category_I,subbranch_code_I01.240,34,node_9,node_6,False
top_category_I,subbranch_code_I01.261,10,node_9,node_7,False
top_category_I,subbranch_code_I01.283,1,node_9,node_8,False
top_category_I,subbranch_code_I01.320,3,node_9,node_9,True
top_category_I,subbranch_code_I01.409,59,node_9,node_10,False
top_category_I,subbranch_code_I01.451,3,node_9,node_1,False
top_category_I,subbranch_code_I01.615,8,node_9,node_2,False
top_category_I,subbranch_code_I01.655,17,node_9,node_3,False
top_category_I,subbranch_code_I01.696,9,node_9,node_4,False
top_category_I,subbranch_code_I01.738,9,node_9,node_5,False
top_category_I,subbranch_code_I01.791,2,node_9,node_6,False
top_category_I,subbranch_code_I01.795,1,node_9,node_7,False
top_category_I,subbranch_code_I01.800,2,node_9,node_8,False
top_category_I,subbranch_code_I01.880,337,node_9,node_9,True
top_category_I,subbranch_code_I01.940,1,node_9,node_10,False
top_category_I,subbranch_code_I02,1,node_9,node_1,False
top_category_I,subbranch_code_I02.079,1,node_9,node_2,False
top_category_I,subbranch_code_I02.158,6,node_9,node_3,False
top_category_I,subbranch_code_I02.195,1,node_9,node_4,False
top_category_I,subbranch_code_I02.233,8,node_9,node_5,False
top_category_I,subbranch_code_I02.275,1,node_9,node_6,False
top_category_I,subbranch_code_I02.316,1,node_9,node_7,False
top_category_I,subbranch_code_I02.358,34,node_9,node_8,False
top_category_I,subbranch_code_I02.399,9,node_9,node_9,True
top_category_I,subbranch_code_I02.487,1,node_9,node_10,False
top_category_I,subbranch_code_I02.531,1,node_9,node_1,False
top_category_I,subbranch_code_I02.574,2,node_9,node_2,False
top_category_I,subbranch_code_I02.578,1,node_9,node_3,False
top_category_I,subbranch_code_I02.581,1,node_9,node_4,False
top_category_I,subbranch_code_I02.588,1,node_9,node_5,False
top_category_I,subbranch_code_I02.594,2,node_9,node_6,False
top_category_I,subbranch_code_I02.689,1,node_9,node_7,False
top_category_I,subbranch_code_I02.783,13,node_9,node_8,False
top_category_I,subbranch_code_I02.903,12,node_9,node_9,True
top_category_I,subbranch_code_I03,1,node_9,node_10,False
top_category_I,subbranch_code_I03.050,6,node_9,node_1,False
top_category_I,subbranch_code_I03.088,1,node_9,node_2,False
top_category_I,subbranch_code_I03.125,6,node_9,node_3,False
top_category_I,subbranch_code_I03.287,1,node_9,node_4,False
top_category_I,subbranch_code_I03.350,23,node_9,node_5,False
top_category_I,subbranch_code_I03.400,1,node_9,node_6,False
top_category_I,subbranch_code_I03.450,58,node_9,node_7,False
top_category_I,subbranch_code_I03.548,1,node_9,node_8,False
top_category_I,subbranch_code_I03.702,1,node_9,node_9,True
top_category_I,subbranch_code_I03.723,1,node_9,node_10,False
top_category_I,subbranch_code_I03.733,1,node_9,node_1,False
top_category_I,subbranch_code_I03.743,2,node_9,node_2,False
top_category_I,subbranch_code_I03.784,1,node_9,node_3,False
top_category_I,subbranch_code_I03.833,1,node_9,node_4,False
top_category_I,subbranch_code_I03.883,6,node_9,node_5,False
top_category_I,subbranch_code_I03.915,1,node_9,node_6,False
top_category_I,subbranch_code_I03.946,12,node_9,node_7,False
top_category_I,subbranch_code_J01.040,2,node_9,node_9,True
top_category_I,subbranch_code_J01.086,1,node_9,node_10,False
top_category_I,subbranch_code_J01.293,1,node_9,node_3,False
top_category_I,subbranch_code_J01.576,1,node_9,node_6,False
top_category_I,subbranch_code_J03.150,1,node_9,node_1,False
top_category_I,subbranch_code_J03.200,1,node_9,node_3,False
top_category_I,subbranch_code_J03.220,1,node_9,node_4,False
top_category_I,subbranch_code_J03.340,2,node_9,node_7,False
top_category_I,subbranch_code_J03.400,1,node_9,node_8,False
top_category_I,subbranch_code_J03.832,4,node_9,node_8,False
top_category_I,subbranch_code_K01.093,1,node_9,node_6,False
top_category_I,subbranch_code_K01.400,15,node_9,node_9,True
top_category_I,subbranch_code_K01.517,2,node_9,node_1,False
top_category_I,subbranch_code_K01.752,11,node_9,node_5,False
top_category_I,subbranch_code_K01.922,1,node_9,node_8,False
top_category_I,subbranch_code_L01.143,3,node_9,node_1,False
top_category_I,subbranch_code_L01.224,4,node_9,node_2,False
top_category_I,subbranch_code_L01.313,1,node_9,node_6,False
top_category_I,subbranch_code_L01.462,3,node_9,node_8,False
top_category_I,subbranch_code_L01.583,1,node_9,node_3,False
top_category_I,subbranch_code_L01.737,3,node_9,node_5,False
top_category_I,subbranch_code_M01.055,1,node_9,node_9,True
top_category_I,subbranch_code_M01.264,1,node_9,node_3,False
top_category_I,subbranch_code_M01.620,7,node_9,node_7,False
top_category_I,subbranch_code_M01.686,1,node_9,node_10,False
top_category_I,subbranch_code_M01.781,1,node_9,node_6,False
top_category_I,subbranch_code_M01.785,1,node_9,node_7,False
top_category_I,subbranch_code_M01.816,1,node_9,node_9,True
top_category_I,subbranch_code_N01.224,43,node_9,node_5,False
top_category_I,subbranch_code_N01.400,3,node_9,node_6,False
top_category_I,subbranch_code_N01.824,26,node_9,node_8,False
top_category_I,subbranch_code_N02.278,1,node_9,node_2,False
top_category_I,subbranch_code_N02.421,16,node_9,node_5,False
top_category_I,subbranch_code_N03.055,3,node_9,node_10,False
top_category_I,subbranch_code_N03.219,5,node_9,node_2,False
top_category_I,subbranch_code_N03.349,3,node_9,node_3,False
top_category_I,subbranch_code_N03.540,62,node_9,node_4,False
top_category_I,subbranch_code_N03.623,13,node_9,node_5,False
top_category_I,subbranch_code_N03.706,63,node_9,node_6,False
top_category_I,subbranch_code_N04.452,20,node_9,node_2,False
top_category_I,subbranch_code_N04.590,7,node_9,node_3,False
top_category_I,subbranch_code_N04.761,2,node_9,node_4,False
top_category_I,subbranch_code_N05.300,8,node_9,node_8,False
top_category_I,subbranch_code_N05.350,5,node_9,node_9,True
top_category_I,subbranch_code_N05.715,4,node_9,node_3,False
top_category_I,subbranch_code_N06.230,10,node_9,node_5,False
top_category_I,subbranch_code_N06.850,34,node_9,node_6,False
top_category_I,subbranch_code_Z01.586,1,node_9,node_1,False
top_category_J,branch_code_A11,1,node_10,node_7,False
top_category_J,branch_code_A12,8,node_10,node_8,False
top_category_J,branch_code_A16,1,node_10,node_2,False
top_category_J,branch_code_A18,5,node_10,node_4,False
top_category_J,branch_code_B01,5,node_10,node_8,False
top_category_J,branch_code_D01,22,node_10,node_6,False
top_category_J,branch_code_D02,45,node_10,node_7,False
top_category_J,branch_code_D03,4,node_10,node_8,False
top_category_J,branch_code_D05,86,node_10,node_10,True
top_category_J,branch_code_D09,12,node_10,node_3,False
top_category_J,branch_code_D10,12,node_10,node_4,False
top_category_J,branch_code_D12,20,node_10,node_5,False
top_category_J,branch_code_D20,18,node_10,node_7,False
top_category_J,branch_code_D23,1,node_10,node_8,False
top_category_J,branch_code_D25,136,node_10,node_9,False
top_category_J,branch_code_D26,8,node_10,node_10,True
top_category_J,branch_code_D27,39,node_10,node_1,False
top_category_J,branch_code_E01,3,node_10,node_2,False
top_category_J,branch_code_E02,7,node_10,node_3,False
top_category_J,branch_code_E04,1,node_10,node_5,False
top_category_J,branch_code_E05,23,node_10,node_6,False
top_category_J,branch_code_E06,4,node_10,node_7,False
top_category_J,branch_code_E07,27,node_10,node_8,False
top_category_J,branch_code_F01,1,node_10,node_9,False
top_category_J,branch_code_F02,2,node_10,node_10,True
top_category_J,branch_code_G07,146,node_10,node_9,False
top_category_J,branch_code_G16,2,node_10,node_8,False
top_category_J,branch_code_G17,1,node_10,node_9,False
top_category_J,branch_code_H01,19,node_10,node_10,True
top_category_J,branch_code_H02,7,node_10,node_1,False
top_category_J,branch_code_I01,8,node_10,node_2,False
top_category_J,branch_code_I02,4,node_10,node_3,False
top_category_J,branch_code_I03,2,node_10,node_4,False
top_category_J,branch_code_J01,456,node_10,node_5,False
top_category_J,branch_code_J02,146,node_10,node_6,False
top_category_J,branch_code_J03,64,node_10,node_7,False
top_category_J,branch_code_K01,4,node_10,node_8,False
top_category_J,branch_code_L01,48,node_10,node_9,False
top_category_J,branch_code_N01,3,node_10,node_1,False
top_category_J,branch_code_N02,20,node_10,node_2,False
top_category_J,branch_code_N03,4,node_10,node_3,False
top_category_J,branch_code_N04,5,node_10,node_4,False
top_category_J,branch_code_N05,2,node_10,node_5,False
top_category_J,branch_code_N06,23,node_10,node_6,False
top_category_J,subbranch_code_A11.284,1,node_10,node_6,False
top_category_J,subbranch_code_A12.200,2,node_10,node_7,False
top_category_J,subbranch_code_A12.790,8,node_10,node_3,False
top_category_J,subbranch_code_A16.690,1,node_10,node_2,False
top_category_J,subbranch_code_A18.024,4,node_10,node_7,False
top_category_J,subbranch_code_A18.450,1,node_10,node_9,False
top_category_J,subbranch_code_B01.050,2,node_10,node_8,False
top_category_J,subbranch_code_B01.650,3,node_10,node_9,False
top_category_J,subbranch_code_D01.029,1,node_10,node_6,False
top_category_J,subbranch_code_D01.045,2,node_10,node_7,False
top_category_J,subbranch_code_D01.220,2,node_10,node_7,False
top_category_J,subbranch_code_D01.248,2,node_10,node_9,False
top_category_J,subbranch_code_D01.268,5,node_10,node_10,True
top_category_J,subbranch_code_D01.303,4,node_10,node_1,False
top_category_J,subbranch_code_D01.379,1,node_10,node_4,False
top_category_J,subbranch_code_D01.475,1,node_10,node_5,False
top_category_J,subbranch_code_D01.490,2,node_10,node_6,False
top_category_J,subbranch_code_D01.552,9,node_10,node_2,False
top_category_J,subbranch_code_D01.650,2,node_10,node_6,False
top_category_J,subbranch_code_D01.695,1,node_10,node_7,False
top_category_J,subbranch_code_D01.837,1,node_10,node_3,False
top_category_J,subbranch_code_D01.857,2,node_10,node_5,False
top_category_J,subbranch_code_D01.935,1,node_10,node_10,True
top_category_J,subbranch_code_D02.033,11,node_10,node_6,False
top_category_J,subbranch_code_D02.092,2,node_10,node_10,True
top_category_J,subbranch_code_D02.241,11,node_10,node_9,False
top_category_J,subbranch_code_D02.455,16,node_10,node_8,False
top_category_J,subbranch_code_D02.491,1,node_10,node_10,True
top_category_J,subbranch_code_D02.522,1,node_10,node_2,False
top_category_J,subbranch_code_D02.626,3,node_10,node_8,False
top_category_J,subbranch_code_D02.756,8,node_10,node_6,False
top_category_J,subbranch_code_D02.886,1,node_10,node_10,True
top_category_J,subbranch_code_D03.383,4,node_10,node_7,False
top_category_J,subbranch_code_D05.500,1,node_10,node_10,True
top_category_J,subbranch_code_D05.750,83,node_10,node_1,False
top_category_J,subbranch_code_D05.937,3,node_10,node_3,False
top_category_J,subbranch_code_D09.301,7,node_10,node_6,False
top_category_J,subbranch_code_D09.400,1,node_10,node_7,False
top_category_J,subbranch_code_D09.698,7,node_10,node_10,True
top_category_J,subbranch_code_D09.947,3,node_10,node_4,False
top_category_J,subbranch_code_D10.212,11,node_10,node_8,False
top_category_J,subbranch_code_D10.570,1,node_10,node_8,False
top_category_J,subbranch_code_D10.627,6,node_10,node_9,False
top_category_J,subbranch_code_D12.644,3,node_10,node_4,False
top_category_J,subbranch_code_D12.776,18,node_10,node_5,False
top_category_J,subbranch_code_D20.215,13,node_10,node_8,False
top_category_J,subbranch_code_D20.280,3,node_10,node_9,False
top_category_J,subbranch_code_D20.538,1,node_10,node_3,False
top_category_J,subbranch_code_D20.944,1,node_10,node_2,False
top_category_J,subbranch_code_D23.946,1,node_10,node_8,False
top_category_J,subbranch_code_D25,1,node_10,node_9,False
top_category_J,subbranch_code_D25.058,9,node_10,node_10,True
top_category_J,subbranch_code_D25.130,5,node_10,node_1,False
top_category_J,subbranch_code_D25.187,1,node_10,node_2,False
top_category_J,subbranch_code_D25.223,5,node_10,node_3,False
top_category_J,subbranch_code_D25.339,32,node_10,node_4,False
top_category_J,subbranch_code_D25.376,3,node_10,node_5,False
top_category_J,subbranch_code_D25.479,5,node_10,node_6,False
top_category_J,subbranch_code_D25.583,2,node_10,node_7,False
top_category_J,subbranch_code_D25.720,83,node_10,node_9,False
top_category_J,subbranch_code_D25.800,1,node_10,node_10,True
top_category_J,subbranch_code_D25.860,3,node_10,node_1,False
top_category_J,subbranch_code_D25.919,4,node_10,node_2,False
top_category_J,subbranch_code_D26.255,7,node_10,node_7,False
top_category_J,subbranch_code_D26.650,1,node_10,node_7,False
top_category_J,subbranch_code_D27.505,7,node_10,node_10,True
top_category_J,subbranch_code_D27.720,34,node_10,node_1,False
top_category_J,subbranch_code_D27.888,2,node_10,node_2,False
top_category_J,subbranch_code_E01.370,2,node_10,node_10,True
top_category_J,subbranch_code_E01.894,1,node_10,node_6,False
top_category_J,subbranch_code_E02.041,1,node_10,node_9,False
top_category_J,subbranch_code_E02.319,3,node_10,node_1,False
top_category_J,subbranch_code_E02.547,1,node_10,node_2,False
top_category_J,subbranch_code_E02.585,1,node_10,node_5,False
top_category_J,subbranch_code_E02.921,1,node_10,node_9,False
top_category_J,subbranch_code_E02.980,1,node_10,node_4,False
top_category_J,subbranch_code_E04.749,1,node_10,node_1,False
top_category_J,subbranch_code_E05.064,1,node_10,node_6,False
top_category_J,subbranch_code_E05.104,2,node_10,node_9,False
top_category_J,subbranch_code_E05.111,1,node_10,node_10,True
top_category_J,subbranch_code_E05.196,1,node_10,node_6,False
top_category_J,subbranch_code_E05.197,7,node_10,node_7,False
top_category_J,subbranch_code_E05.320,1,node_10,node_1,False
top_category_J,subbranch_code_E05.362,1,node_10,node_10,True
top_category_J,subbranch_code_E05.393,2,node_10,node_3,False
top_category_J,subbranch_code_E05.481,2,node_10,node_8,False
top_category_J,subbranch_code_E05.497,1,node_10,node_1,False
top_category_J,subbranch_code_E05.595,1,node_10,node_1,False
top_category_J,subbranch_code_E05.830,1,node_10,node_4,False
top_category_J,subbranch_code_E05.916,4,node_10,node_9,False
top_category_J,subbranch_code_E05.920,1,node_10,node_10,True
top_category_J,subbranch_code_E06.570,1,node_10,node_4,False
top_category_J,subbranch_code_E06.761,1,node_10,node_3,False
top_category_J,subbranch_code_E06.780,1,node_10,node_4,False
top_category_J,subbranch_code_E06.912,1,node_10,node_6,False
top_category_J,subbranch_code_E07.115,2,node_10,node_4,False
top_category_J,subbranch_code_E07.305,1,node_10,node_5,False
top_category_J,subbranch_code_E07.325,3,node_10,node_7,False
top_category_J,subbranch_code_E07.451,1,node_10,node_4,False
top_category_J,subbranch_code_E07.490,1,node_10,node_6,False
top_category_J,subbranch_code_E07.595,1,node_10,node_3,False
top_category_J,subbranch_code_E07.695,1,node_10,node_10,True
top_category_J,subbranch_code_E07.700,17,node_10,node_1,False
top_category_J,subbranch_code_E07.705,1,node_10,node_2,False
top_category_J,subbranch_code_E07.710,1,node_10,node_3,False
top_category_J,subbranch_code_E07.858,4,node_10,node_8,False
top_category_J,subbranch_code_F01.145,1,node_10,node_1,False
top_category_J,subbranch_code_F02.784,2,node_10,node_4,False
top_category_J,subbranch_code_G07.203,146,node_10,node_4,False
top_category_J,subbranch_code_G16.500,2,node_10,node_7,False
top_category_J,subbranch_code_G17.035,1,node_10,node_3,False
top_category_J,subbranch_code_H01.158,9,node_10,node_6,False
top_category_J,subbranch_code_H01.277,1,node_10,node_8,False
top_category_J,subbranch_code_H01.413,1,node_10,node_10,True
top_category_J,subbranch_code_H01.570,1,node_10,node_2,False
top_category_J,subbranch_code_H01.603,3,node_10,node_3,False
top_category_J,subbranch_code_H01.671,5,node_10,node_4,False
top_category_J,subbranch_code_H02.010,3,node_10,node_8,False
top_category_J,subbranch_code_H02.070,1,node_10,node_9,False
top_category_J,subbranch_code_H02.229,1,node_10,node_2,False
top_category_J,subbranch_code_H02.385,1,node_10,node_6,False
top_category_J,subbranch_code_H02.403,1,node_10,node_7,False
top_category_J,subbranch_code_I01.076,1,node_10,node_4,False
top_category_J,subbranch_code_I01.261,1,node_10,node_7,False
top_category_J,subbranch_code_I01.409,1,node_10,node_10,True
top_category_J,subbranch_code_I01.880,5,node_10,node_9,False
top_category_J,subbranch_code_I02.783,4,node_10,node_8,False
top_category_J,subbranch_code_I03.450,2,node_10,node_7,False
top_category_J,subbranch_code_J01,1,node_10,node_8,False
top_category_J,subbranch_code_J01.040,21,node_10,node_9,False
top_category_J,subbranch_code_J01.086,10,node_10,node_10,True
top_category_J,subbranch_code_J01.219,10,node_10,node_1,False
top_category_J,subbranch_code_J01.256,1,node_10,node_2,False
top_category_J,subbranch_code_J01.293,20,node_10,node_3,False
top_category_J,subbranch_code_J01.494,5,node_10,node_4,False
top_category_J,subbranch_code_J01.516,7,node_10,node_5,False
top_category_J,subbranch_code_J01.576,69,node_10,node_6,False
top_category_J,subbranch_code_J01.637,221,node_10,node_7,False
top_category_J,subbranch_code_J01.675,1,node_10,node_8,False
top_category_J,subbranch_code_J01.728,2,node_10,node_9,False
top_category_J,subbranch_code_J01.780,2,node_10,node_10,True
top_category_J,subbranch_code_J01.839,1,node_10,node_1,False
top_category_J,subbranch_code_J01.897,74,node_10,node_2,False
top_category_J,subbranch_code_J01.937,16,node_10,node_3,False
top_category_J,subbranch_code_J02,1,node_10,node_4,False
top_category_J,subbranch_code_J02.200,29,node_10,node_5,False
top_category_J,subbranch_code_J02.350,13,node_10,node_6,False
top_category_J,subbranch_code_J02.500,121,node_10,node_7,False
top_category_J,subbranch_code_J02.750,2,node_10,node_8,False
top_category_J,subbranch_code_J03,1,node_10,node_9,False
top_category_J,subbranch_code_J03.125,1,node_10,node_10,True
top_category_J,subbranch_code_J03.150,1,node_10,node_1,False
top_category_J,subbranch_code_J03.160,2,node_10,node_2,False
top_category_J,subbranch_code_J03.200,1,node_10,node_3,False
top_category_J,subbranch_code_J03.220,3,node_10,node_4,False
top_category_J,subbranch_code_J03.240,1,node_10,node_5,False
top_category_J,subbranch_code_J03.320,1,node_10,node_6,False
top_category_J,subbranch_code_J03.340,7,node_10,node_7,False
top_category_J,subbranch_code_J03.400,10,node_10,node_8,False
top_category_J,subbranch_code_J03.520,1,node_10,node_9,False
top_category_J,subbranch_code_J03.540,6,node_10,node_10,True
top_category_J,subbranch_code_J03.560,1,node_10,node_1,False
top_category_J,subbranch_code_J03.570,1,node_10,node_2,False
top_category_J,subbranch_code_J03.635,1,node_10,node_3,False
top_category_J,subbranch_code_J03.700,1,node_10,node_4,False
top_category_J,subbranch_code_J03.720,1,node_10,node_5,False
top_category_J,subbranch_code_J03.775,6,node_10,node_6,False
top_category_J,subbranch_code_J03.813,1,node_10,node_7,False
top_category_J,subbranch_code_J03.832,4,node_10,node_8,False
top_category_J,subbranch_code_J03.850,2,node_10,node_9,False
top_category_J,subbranch_code_J03.860,1,node_10,node_10,True
top_category_J,subbranch_code_J03.925,5,node_10,node_1,False
top_category_J,subbranch_code_J03.962,1,node_10,node_2,False
top_category_J,subbranch_code_J03.970,3,node_10,node_3,False
top_category_J,subbranch_code_J03.985,1,node_10,node_4,False
top_category_J,subbranch_code_K01.093,2,node_10,node_6,False
top_category_J,subbranch_code_K01.400,2,node_10,node_9,False
top_category_J,subbranch_code_L01.143,3,node_10,node_1,False
top_category_J,subbranch_code_L01.224,11,node_10,node_2,False
top_category_J,subbranch_code_L01.280,7,node_10,node_3,False
top_category_J,subbranch_code_L01.296,3,node_10,node_4,False
top_category_J,subbranch_code_L01.313,2,node_10,node_6,False
top_category_J,subbranch_code_L01.462,36,node_10,node_8,False
top_category_J,subbranch_code_L01.470,1,node_10,node_9,False
top_category_J,subbranch_code_L01.583,1,node_10,node_3,False
top_category_J,subbranch_code_L01.737,1,node_10,node_5,False
top_category_J,subbranch_code_N01.224,3,node_10,node_5,False
top_category_J,subbranch_code_N02.278,13,node_10,node_2,False
top_category_J,subbranch_code_N02.421,9,node_10,node_5,False
top_category_J,subbranch_code_N03.219,2,node_10,node_2,False
top_category_J,subbranch_code_N03.540,2,node_10,node_4,False
top_category_J,subbranch_code_N04.452,3,node_10,node_2,False
top_category_J,subbranch_code_N04.761,2,node_10,node_4,False
top_category_J,subbranch_code_N05.300,2,node_10,node_8,False
top_category_J,subbranch_code_N06.230,7,node_10,node_5,False
top_category_J,subbranch_code_N06.850,17,node_10,node_6,False
top_category_K,branch_code_E02,3,node_1,node_3,False
top_category_K,branch_code_E05,1,node_1,node_6,False
top_category_K,branch_code_F01,9,node_1,node_9,False
top_category_K,branch_code_F02,7,node_1,node_10,False
top_category_K,branch_code_H01,2,node_1,node_10,False
top_category_K,branch_code_H02,2,node_1,node_1,True
top_category_K,branch_code_I01,30,node_1,node_2,False
top_category_K,branch_code_J01,2,node_1,node_5,False
top_category_K,branch_code_J03,2,node_1,node_7,False
top_category_K,branch_code_K01,208,node_1,node_8,False
top_category_K,branch_code_L01,5,node_1,node_9,False
top_category_K,branch_code_M01,3,node_1,node_10,False
top_category_K,branch_code_N01,1,node_1,node_1,True
top_category_K,branch_code_N02,1,node_1,node_2,False
top_category_K,branch_code_N03,4,node_1,node_3,False
top_category_K,branch_code_N04,6,node_1,node_4,False
top_category_K,branch_code_N05,44,node_1,node_5,False
top_category_K,branch_code_N06,7,node_1,node_6,False
top_category_K,subbranch_code_E02.190,3,node_1,node_4,False
top_category_K,subbranch_code_E02.779,1,node_1,node_7,False
top_category_K,subbranch_code_E05.599,1,node_1,node_3,False
top_category_K,subbranch_code_F01.100,1,node_1,node_10,False
top_category_K,subbranch_code_F01.145,1,node_1,node_1,True
top_category_K,subbranch_code_F01.752,1,node_1,node_1,True
top_category_K,subbranch_code_F01.829,7,node_1,node_2,False
top_category_K,subbranch_code_F02.463,2,node_1,node_8,False
top_category_K,subbranch_code_F02.600,1,node_1,node_10,False
top_category_K,subbranch_code_F02.739,1,node_1,node_3,False
top_category_K,subbranch_code_F02.880,2,node_1,node_7,False
top_category_K,subbranch_code_F02.970,1,node_1,node_9,False
top_category_K,subbranch_code_H01.158,2,node_1,node_6,False
top_category_K,subbranch_code_H01.770,1,node_1,node_5,False
top_category_K,subbranch_code_H02.385,1,node_1,node_6,False
top_category_K,subbranch_code_H02.478,1,node_1,node_9,False
top_category_K,subbranch_code_I01.076,5,node_1,node_4,False
top_category_K,subbranch_code_I01.198,1,node_1,node_5,False
top_category_K,subbranch_code_I01.738,1,node_1,node_5,False
top_category_K,subbranch_code_I01.800,2,node_1,node_8,False
top_category_K,subbranch_code_I01.880,23,node_1,node_9,False
top_category_K,subbranch_code_J01.897,2,node_1,node_2,False
top_category_K,subbranch_code_J03.400,1,node_1,node_8,False
top_category_K,subbranch_code_J03.570,1,node_1,node_2,False
top_category_K,subbranch_code_K01,1,node_1,node_5,False
top_category_K,subbranch_code_K01.093,16,node_1,node_6,False
top_category_K,subbranch_code_K01.150,2,node_1,node_7,False
top_category_K,subbranch_code_K01.275,1,node_1,node_8,False
top_category_K,subbranch_code_K01.400,48,node_1,node_9,False
top_category_K,subbranch_code_K01.468,1,node_1,node_10,False
top_category_K,subbranch_code_K01.517,24,node_1,node_1,True
top_category_K,subbranch_code_K01.602,1,node_1,node_2,False
top_category_K,subbranch_code_K01.637,1,node_1,node_3,False
top_category_K,subbranch_code_K01.672,3,node_1,node_4,False
top_category_K,subbranch_code_K01.752,84,node_1,node_5,False
top_category_K,subbranch_code_K01.844,27,node_1,node_6,False
top_category_K,subbranch_code_K01.883,1,node_1,node_7,False
top_category_K,subbranch_code_K01.922,1,node_1,node_8,False
top_category_K,subbranch_code_L01.224,1,node_1,node_2,False
top_category_K,subbranch_code_L01.462,4,node_1,node_8,False
top_category_K,subbranch_code_M01.228,1,node_1,node_1,True
top_category_K,subbranch_code_M01.352,1,node_1,node_7,False
top_category_K,subbranch_code_M01.526,1,node_1,node_6,False
top_category_K,subbranch_code_N01.400,1,node_1,node_6,False
top_category_K,subbranch_code_N02.421,1,node_1,node_5,False
top_category_K,subbranch_code_N03.540,1,node_1,node_4,False
top_category_K,subbranch_code_N03.706,3,node_1,node_6,False
top_category_K,subbranch_code_N04.452,5,node_1,node_2,False
top_category_K,subbranch_code_N04.761,1,node_1,node_4,False
top_category_K,subbranch_code_N05.350,44,node_1,node_9,False
top_category_K,subbranch_code_N05.700,4,node_1,node_2,False
top_category_K,subbranch_code_N06.850,7,node_1,node_6,False
top_category_L,branch_code_E01,13,node_2,node_2,True
top_category_L,branch_code_E02,10,node_2,node_3,False
top_category_L,branch_code_E05,42,node_2,node_6,False
top_category_L,branch_code_E06,1,node_2,node_7,False
top_category_L,branch_code_E07,1,node_2,node_8,False
top_category_L,branch_code_F01,13,node_2,node_9,False
top_category_L,branch_code_F02,6,node_2,node_10,False
top_category_L,branch_code_F04,5,node_2,node_2,True
top_category_L,branch_code_G02,4,node_2,node_4,False
top_category_L,branch_code_G05,2,node_2,node_7,False
top_category_L,branch_code_G11,2,node_2,node_3,False
top_category_L,branch_code_G16,1,node_2,node_8,False
top_category_L,branch_code_G17,50,node_2,node_9,False
top_category_L,branch_code_H01,16,node_2,node_10,False
top_category_L,branch_code_H02,9,node_2,node_1,False
top_category_L,branch_code_I01,8,node_2,node_2,True
top_category_L,branch_code_I02,2,node_2,node_3,False
top_category_L,branch_code_I03,2,node_2,node_4,False
top_category_L,branch_code_J01,37,node_2,node_5,False
top_category_L,branch_code_J03,11,node_2,node_7,False
top_category_L,branch_code_K01,5,node_2,node_8,False
top_category_L,branch_code_L01,501,node_2,node_9,False
top_category_L,branch_code_N02,7,node_2,node_2,True
top_category_L,branch_code_N03,7,node_2,node_3,False
top_category_L,branch_code_N04,29,node_2,node_4,False
top_category_L,branch_code_N05,20,node_2,node_5,False
top_category_L,branch_code_N06,17,node_2,node_6,False
top_category_L,subbranch_code_E01.158,3,node_2,node_6,False
top_category_L,subbranch_code_E01.370,12,node_2,node_10,False
top_category_L,subbranch_code_E02.319,1,node_2,node_1,False
top_category_L,subbranch_code_E02.760,4,node_2,node_3,False
top_category_L,subbranch_code_E02.815,3,node_2,node_4,False
top_category_L,subbranch_code_E02.831,4,node_2,node_5,False
top_category_L,subbranch_code_E02.950,2,node_2,node_2,True
top_category_L,subbranch_code_E05.245,5,node_2,node_3,False
top_category_L,subbranch_code_E05.318,21,node_2,node_10,False
top_category_L,subbranch_code_E05.320,1,node_2,node_1,False
top_category_L,subbranch_code_E05.377,1,node_2,node_1,False
top_category_L,subbranch_code_E05.393,1,node_2,node_3,False
top_category_L,subbranch_code_E05.595,2,node_2,node_1,False
top_category_L,subbranch_code_E05.599,6,node_2,node_3,False
top_category_L,subbranch_code_E05.613,1,node_2,node_5,False
top_category_L,subbranch_code_E05.712,1,node_2,node_7,False
top_category_L,subbranch_code_E05.920,1,node_2,node_10,False
top_category_L,subbranch_code_E05.925,3,node_2,node_1,False
top_category_L,subbranch_code_E05.959,1,node_2,node_8,False
top_category_L,subbranch_code_E06.570,1,node_2,node_4,False
top_category_L,subbranch_code_E07.305,1,node_2,node_5,False
top_category_L,subbranch_code_F01.145,10,node_2,node_1,False
top_category_L,subbranch_code_F01.829,4,node_2,node_2,True
top_category_L,subbranch_code_F02.463,2,node_2,node_8,False
top_category_L,subbranch_code_F02.694,2,node_2,node_2,True
top_category_L,subbranch_code_F02.784,4,node_2,node_4,False
top_category_L,subbranch_code_F04.096,3,node_2,node_2,True
top_category_L,subbranch_code_F04.408,2,node_2,node_3,False
top_category_L,subbranch_code_G02.111,4,node_2,node_10,False
top_category_L,subbranch_code_G05.045,1,node_2,node_2,True
top_category_L,subbranch_code_G05.360,1,node_2,node_6,False
top_category_L,subbranch_code_G11.427,1,node_2,node_5,False
top_category_L,subbranch_code_G11.561,1,node_2,node_6,False
top_category_L,subbranch_code_G16.075,1,node_2,node_3,False
top_category_L,subbranch_code_G17.035,37,node_2,node_3,False
top_category_L,subbranch_code_G17.226,1,node_2,node_5,False
top_category_L,subbranch_code_G17.485,14,node_2,node_8,False
top_category_L,subbranch_code_G17.915,1,node_2,node_4,False
top_category_L,subbranch_code_H01.158,6,node_2,node_6,False
top_category_L,subbranch_code_H01.181,1,node_2,node_7,False
top_category_L,subbranch_code_H01.548,1,node_2,node_1,False
top_category_L,subbranch_code_H01.671,2,node_2,node_4,False
top_category_L,subbranch_code_H01.770,8,node_2,node_5,False
top_category_L,subbranch_code_H02.010,1,node_2,node_8,False
top_category_L,subbranch_code_H02.385,1,node_2,node_6,False
top_category_L,subbranch_code_H02.403,8,node_2,node_7,False
top_category_L,subbranch_code_I01.409,1,node_2,node_10,False
top_category_L,subbranch_code_I01.880,7,node_2,node_9,False
top_category_L,subbranch_code_I02.487,1,node_2,node_10,False
top_category_L,subbranch_code_I02.783,1,node_2,node_8,False
top_category_L,subbranch_code_I03.350,1,node_2,node_5,False
top_category_L,subbranch_code_I03.450,2,node_2,node_7,False
top_category_L,subbranch_code_J01.219,1,node_2,node_1,False
top_category_L,subbranch_code_J01.293,2,node_2,node_3,False
top_category_L,subbranch_code_J01.576,2,node_2,node_6,False
top_category_L,subbranch_code_J01.897,33,node_2,node_2,True
top_category_L,subbranch_code_J03.400,10,node_2,node_8,False
top_category_L,subbranch_code_J03.832,1,node_2,node_8,False
top_category_L,subbranch_code_K01.093,2,node_2,node_6,False
top_category_L,subbranch_code_K01.400,1,node_2,node_9,False
top_category_L,subbranch_code_K01.517,1,node_2,node_1,False
top_category_L,subbranch_code_K01.752,1,node_2,node_5,False
top_category_L,subbranch_code_L01,1,node_2,node_9,False
top_category_L,subbranch_code_L01.100,2,node_2,node_10,False
top_category_L,subbranch_code_L01.143,42,node_2,node_1,False
top_category_L,subbranch_code_L01.224,143,node_2,node_2,True
top_category_L,subbranch_code_L01.280,13,node_2,node_3,False
top_category_L,subbranch_code_L01.296,9,node_2,node_4,False
top_category_L,subbranch_code_L01.305,2,node_2,node_5,False
top_category_L,subbranch_code_L01.313,71,node_2,node_6,False
top_category_L,subbranch_code_L01.399,23,node_2,node_7,False
top_category_L,subbranch_code_L01.462,173,node_2,node_8,False
top_category_L,subbranch_code_L01.470,26,node_2,node_9,False
top_category_L,subbranch_code_L01.479,1,node_2,node_10,False
top_category_L,subbranch_code_L01.488,1,node_2,node_1,False
top_category_L,subbranch_code_L01.559,31,node_2,node_2,True
top_category_L,subbranch_code_L01.583,12,node_2,node_3,False
top_category_L,subbranch_code_L01.731,1,node_2,node_4,False
top_category_L,subbranch_code_L01.737,21,node_2,node_5,False
top_category_L,subbranch_code_L01.906,10,node_2,node_6,False
top_category_L,subbranch_code_N02.208,1,node_2,node_1,False
top_category_L,subbranch_code_N02.278,1,node_2,node_2,True
top_category_L,subbranch_code_N02.421,5,node_2,node_5,False
top_category_L,subbranch_code_N03.219,1,node_2,node_2,True
top_category_L,subbranch_code_N03.540,3,node_2,node_4,False
top_category_L,subbranch_code_N03.706,3,node_2,node_6,False
top_category_L,subbranch_code_N04.452,22,node_2,node_2,True
top_category_L,subbranch_code_N04.590,10,node_2,node_3,False
top_category_L,subbranch_code_N05.300,2,node_2,node_8,False
top_category_L,subbranch_code_N05.715,18,node_2,node_3,False
top_category_L,subbranch_code_N06.850,17,node_2,node_6,False
top_category_M,branch_code_F01,13,node_3,node_9,False
top_category_M,branch_code_F02,3,node_3,node_10,False
top_category_M,branch_code_I01,13,node_3,node_2,False
top_category_M,branch_code_K01,3,node_3,node_8,False
top_category_M,branch_code_M01,361,node_3,node_10,False
top_category_M,branch_code_N01,5,node_3,node_1,False
top_category_M,branch_code_N02,116,node_3,node_2,False
top_category_M,branch_code_N04,2,node_3,node_4,False
top_category_M,branch_code_N05,2,node_3,node_5,False
top_category_M,subbranch_code_F01.100,1,node_3,node_10,False
top_category_M,subbranch_code_F01.145,1,node_3,node_1,False
top_category_M,subbranch_code_F01.829,12,node_3,node_2,False
top_category_M,subbranch_code_F02.784,3,node_3,node_4,False
top_category_M,subbranch_code_I01.240,2,node_3,node_6,False
top_category_M,subbranch_code_I01.880,13,node_3,node_9,False
top_category_M,subbranch_code_K01.517,1,node_3,node_1,False
top_category_M,subbranch_code_K01.752,1,node_3,node_5,False
top_category_M,subbranch_code_K01.844,1,node_3,node_6,False
top_category_M,subbranch_code_M01,1,node_3,node_7,False
top_category_M,subbranch_code_M01.050,1,node_3,node_8,False
top_category_M,subbranch_code_M01.055,1,node_3,node_9,False
top_category_M,subbranch_code_M01.060,24,node_3,node_10,False
top_category_M,subbranch_code_M01.066,1,node_3,node_1,False
top_category_M,subbranch_code_M01.072,2,node_3,node_2,False
top_category_M,subbranch_code_M01.079,1,node_3,node_3,True
top_category_M,subbranch_code_M01.085,1,node_3,node_4,False
top_category_M,subbranch_code_M01.097,1,node_3,node_5,False
top_category_M,subbranch_code_M01.100,1,node_3,node_6,False
top_category_M,subbranch_code_M01.102,2,node_3,node_7,False
top_category_M,subbranch_code_M01.106,1,node_3,node_8,False
top_category_M,subbranch_code_M01.107,1,node_3,node_9,False
top_category_M,subbranch_code_M01.108,1,node_3,node_10,False
top_category_M,subbranch_code_M01.111,1,node_3,node_1,False
top_category_M,subbranch_code_M01.120,1,node_3,node_2,False
top_category_M,subbranch_code_M01.135,2,node_3,node_3,True
top_category_M,subbranch_code_M01.142,1,node_3,node_4,False
top_category_M,subbranch_code_M01.150,8,node_3,node_5,False
top_category_M,subbranch_code_M01.159,1,node_3,node_6,False
top_category_M,subbranch_code_M01.169,1,node_3,node_7,False
top_category_M,subbranch_code_M01.189,2,node_3,node_8,False
top_category_M,subbranch_code_M01.210,1,node_3,node_9,False
top_category_M,subbranch_code_M01.219,1,node_3,node_10,False
top_category_M,subbranch_code_M01.228,1,node_3,node_1,False
top_category_M,subbranch_code_M01.252,1,node_3,node_2,False
top_category_M,subbranch_code_M01.264,1,node_3,node_3,True
top_category_M,subbranch_code_M01.270,28,node_3,node_4,False
top_category_M,subbranch_code_M01.276,1,node_3,node_5,False
top_category_M,subbranch_code_M01.325,2,node_3,node_6,False
top_category_M,subbranch_code_M01.352,1,node_3,node_7,False
top_category_M,subbranch_code_M01.380,2,node_3,node_8,False
top_category_M,subbranch_code_M01.385,1,node_3,node_9,False
top_category_M,subbranch_code_M01.390,3,node_3,node_10,False
top_category_M,subbranch_code_M01.395,1,node_3,node_1,False
top_category_M,subbranch_code_M01.416,2,node_3,node_2,False
top_category_M,subbranch_code_M01.427,1,node_3,node_3,True
top_category_M,subbranch_code_M01.438,7,node_3,node_4,False
top_category_M,subbranch_code_M01.482,1,node_3,node_5,False
top_category_M,subbranch_code_M01.526,157,node_3,node_6,False
top_category_M,subbranch_code_M01.620,7,node_3,node_7,False
top_category_M,subbranch_code_M01.643,9,node_3,node_8,False
top_category_M,subbranch_code_M01.665,1,node_3,node_9,False
top_category_M,subbranch_code_M01.686,51,node_3,node_10,False
top_category_M,subbranch_code_M01.729,2,node_3,node_1,False
top_category_M,subbranch_code_M01.755,1,node_3,node_2,False
top_category_M,subbranch_code_M01.774,2,node_3,node_3,True
top_category_M,subbranch_code_M01.776,1,node_3,node_4,False
top_category_M,subbranch_code_M01.778,1,node_3,node_5,False
top_category_M,subbranch_code_M01.781,1,node_3,node_6,False
top_category_M,subbranch_code_M01.785,1,node_3,node_7,False
top_category_M,subbranch_code_M01.808,1,node_3,node_8,False
top_category_M,subbranch_code_M01.816,1,node_3,node_9,False
top_category_M,subbranch_code_M01.848,9,node_3,node_10,False
top_category_M,subbranch_code_M01.860,8,node_3,node_1,False
top_category_M,subbranch_code_M01.873,1,node_3,node_2,False
top_category_M,subbranch_code_M01.898,4,node_3,node_3,True
top_category_M,subbranch_code_M01.909,1,node_3,node_4,False
top_category_M,subbranch_code_M01.920,1,node_3,node_5,False
top_category_M,subbranch_code_M01.925,1,node_3,node_6,False
top_category_M,subbranch_code_M01.927,1,node_3,node_7,False
top_category_M,subbranch_code_M01.928,2,node_3,node_8,False
top_category_M,subbranch_code_M01.930,1,node_3,node_9,False
top_category_M,subbranch_code_M01.935,1,node_3,node_10,False
top_category_M,subbranch_code_M01.955,3,node_3,node_1,False
top_category_M,subbranch_code_M01.975,6,node_3,node_2,False
top_category_M,subbranch_code_M01.987,1,node_3,node_3,True
top_category_M,subbranch_code_N01.224,5,node_3,node_5,False
top_category_M,subbranch_code_N01.824,2,node_3,node_8,False
top_category_M,subbranch_code_N02.360,116,node_3,node_4,False
top_category_M,subbranch_code_N04.452,2,node_3,node_2,False
top_category_M,subbranch_code_N05.300,1,node_3,node_8,False
top_category_M,subbranch_code_N05.350,1,node_3,node_9,False
top_category_N,branch_code_B01,2,node_4,node_8,False
top_category_N,branch_code_B05,1,node_4,node_2,False
top_category_N,branch_code_C10,1,node_4,node_10,False
top_category_N,branch_code_C11,1,node_4,node_1,False
top_category_N,branch_code_C16,1,node_4,node_5,False
top_category_N,branch_code_C23,7,node_4,node_2,False
top_category_N,branch_code_C26,8,node_4,node_5,False
top_category_N,branch_code_D01,3,node_4,node_6,False
top_category_N,branch_code_D20,25,node_4,node_7,False
top_category_N,branch_code_D23,1,node_4,node_8,False
top_category_N,branch_code_D27,3,node_4,node_1,False
top_category_N,branch_code_E01,39,node_4,node_2,False
top_category_N,branch_code_E02,111,node_4,node_3,False
top_category_N,branch_code_E03,2,node_4,node_4,True
top_category_N,branch_code_E04,16,node_4,node_5,False
top_category_N,branch_code_E05,267,node_4,node_6,False
top_category_N,branch_code_E06,13,node_4,node_7,False
top_category_N,branch_code_E07,3,node_4,node_8,False
top_category_N,branch_code_F01,54,node_4,node_9,False
top_category_N,branch_code_F02,12,node_4,node_10,False
top_category_N,branch_code_F04,20,node_4,node_2,False
top_category_N,branch_code_G01,37,node_4,node_3,False
top_category_N,branch_code_G02,2,node_4,node_4,True
top_category_N,branch_code_G03,1,node_4,node_5,False
top_category_N,branch_code_G04,1,node_4,node_6,False
top_category_N,branch_code_G05,3,node_4,node_7,False
top_category_N,branch_code_G06,7,node_4,node_8,False
top_category_N,branch_code_G07,9,node_4,node_9,False
top_category_N,branch_code_G08,5,node_4,node_10,False
top_category_N,branch_code_G11,3,node_4,node_3,False
top_category_N,branch_code_G16,91,node_4,node_8,False
top_category_N,branch_code_G17,16,node_4,node_9,False
top_category_N,branch_code_H01,29,node_4,node_10,False
top_category_N,branch_code_H02,75,node_4,node_1,False
top_category_N,branch_code_I01,230,node_4,node_2,False
top_category_N,branch_code_I02,5,node_4,node_3,False
top_category_N,branch_code_I03,15,node_4,node_4,True
top_category_N,branch_code_J01,31,node_4,node_5,False
top_category_N,branch_code_J03,20,node_4,node_7,False
top_category_N,branch_code_K01,55,node_4,node_8,False
top_category_N,branch_code_L01,47,node_4,node_9,False
top_category_N,branch_code_M01,124,node_4,node_10,False
top_category_N,branch_code_N01,146,node_4,node_1,False
top_category_N,branch_code_N02,569,node_4,node_2,False
top_category_N,branch_code_N03,429,node_4,node_3,False
top_category_N,branch_code_N04,406,node_4,node_4,True
top_category_N,branch_code_N05,426,node_4,node_5,False
top_category_N,branch_code_N06,634,node_4,node_6,False
top_category_N,branch_code_Z01,2,node_4,node_1,False
top_category_N,subbranch_code_B01.050,2,node_4,node_8,False
top_category_N,subbranch_code_B05.080,1,node_4,node_7,False
top_category_N,subbranch_code_C10.900,1,node_4,node_9,False
top_category_N,subbranch_code_C11.768,1,node_4,node_2,False
top_category_N,subbranch_code_C16.131,1,node_4,node_6,False
top_category_N,subbranch_code_C23.550,6,node_4,node_2,False
top_category_N,subbranch_code_C23.888,1,node_4,node_3,False
top_category_N,subbranch_code_C26.304,2,node_4,node_7,False
top_category_N,subbranch_code_C26.733,6,node_4,node_5,False
top_category_N,subbranch_code_D01.045,2,node_4,node_7,False
top_category_N,subbranch_code_D01.248,2,node_4,node_9,False
top_category_N,subbranch_code_D01.362,1,node_4,node_3,False
top_category_N,subbranch_code_D01.650,2,node_4,node_6,False
top_category_N,subbranch_code_D20.050,1,node_4,node_4,True
top_category_N,subbranch_code_D20.147,1,node_4,node_7,False
top_category_N,subbranch_code_D20.345,8,node_4,node_1,False
top_category_N,subbranch_code_D20.633,1,node_4,node_5,False
top_category_N,subbranch_code_D20.693,2,node_4,node_6,False
top_category_N,subbranch_code_D20.721,3,node_4,node_7,False
top_category_N,subbranch_code_D20.944,10,node_4,node_2,False
top_category_N,subbranch_code_D23.101,1,node_4,node_6,False
top_category_N,subbranch_code_D27.720,1,node_4,node_1,False
top_category_N,subbranch_code_D27.888,3,node_4,node_2,False
top_category_N,subbranch_code_E01.055,1,node_4,node_4,True
top_category_N,subbranch_code_E01.110,1,node_4,node_5,False
top_category_N,subbranch_code_E01.354,2,node_4,node_9,False
top_category_N,subbranch_code_E01.370,21,node_4,node_10,False
top_category_N,subbranch_code_E01.505,1,node_4,node_3,False
top_category_N,subbranch_code_E01.789,13,node_4,node_5,False
top_category_N,subbranch_code_E02.095,3,node_4,node_4,True
top_category_N,subbranch_code_E02.183,3,node_4,node_1,False
top_category_N,subbranch_code_E02.190,1,node_4,node_4,True
top_category_N,subbranch_code_E02.319,11,node_4,node_1,False
top_category_N,subbranch_code_E02.365,4,node_4,node_4,True
top_category_N,subbranch_code_E02.421,2,node_4,node_5,False
top_category_N,subbranch_code_E02.547,2,node_4,node_2,False
top_category_N,subbranch_code_E02.637,1,node_4,node_4,True
top_category_N,subbranch_code_E02.642,2,node_4,node_5,False
top_category_N,subbranch_code_E02.650,1,node_4,node_6,False
top_category_N,subbranch_code_E02.745,1,node_4,node_2,False
top_category_N,subbranch_code_E02.760,74,node_4,node_3,False
top_category_N,subbranch_code_E02.770,1,node_4,node_5,False
top_category_N,subbranch_code_E02.779,1,node_4,node_7,False
top_category_N,subbranch_code_E02.792,2,node_4,node_10,False
top_category_N,subbranch_code_E02.815,1,node_4,node_4,True
top_category_N,subbranch_code_E02.831,11,node_4,node_5,False
top_category_N,subbranch_code_E02.870,2,node_4,node_8,False
top_category_N,subbranch_code_E02.897,1,node_4,node_4,True
top_category_N,subbranch_code_E02.900,1,node_4,node_5,False
top_category_N,subbranch_code_E02.906,3,node_4,node_6,False
top_category_N,subbranch_code_E02.912,2,node_4,node_7,False
top_category_N,subbranch_code_E02.919,1,node_4,node_8,False
top_category_N,subbranch_code_E02.990,1,node_4,node_5,False
top_category_N,subbranch_code_E03.160,1,node_4,node_9,False
top_category_N,subbranch_code_E03.806,1,node_4,node_4,True
top_category_N,subbranch_code_E04.079,1,node_4,node_3,False
top_category_N,subbranch_code_E04.604,7,node_4,node_1,False
top_category_N,subbranch_code_E04.614,6,node_4,node_2,False
top_category_N,subbranch_code_E04.617,1,node_4,node_3,False
top_category_N,subbranch_code_E04.936,1,node_4,node_4,True
top_category_N,subbranch_code_E04.950,1,node_4,node_6,False
top_category_N,subbranch_code_E05.041,5,node_4,node_3,False
top_category_N,subbranch_code_E05.196,1,node_4,node_6,False
top_category_N,subbranch_code_E05.200,6,node_4,node_9,False
top_category_N,subbranch_code_E05.235,1,node_4,node_1,False
top_category_N,subbranch_code_E05.242,1,node_4,node_2,False
top_category_N,subbranch_code_E05.245,2,node_4,node_3,False
top_category_N,subbranch_code_E05.318,224,node_4,node_10,False
top_category_N,subbranch_code_E05.328,1,node_4,node_3,False
top_category_N,subbranch_code_E05.335,1,node_4,node_6,False
top_category_N,subbranch_code_E05.337,13,node_4,node_7,False
top_category_N,subbranch_code_E05.393,7,node_4,node_3,False
top_category_N,subbranch_code_E05.472,1,node_4,node_6,False
top_category_N,subbranch_code_E05.478,3,node_4,node_7,False
top_category_N,subbranch_code_E05.581,6,node_4,node_8,False
top_category_N,subbranch_code_E05.598,1,node_4,node_2,False
top_category_N,subbranch_code_E05.599,11,node_4,node_3,False
top_category_N,subbranch_code_E05.760,2,node_4,node_10,False
top_category_N,subbranch_code_E05.799,8,node_4,node_2,False
top_category_N,subbranch_code_E05.885,1,node_4,node_8,False
top_category_N,subbranch_code_E05.920,1,node_4,node_10,False
top_category_N,subbranch_code_E05.944,5,node_4,node_5,False
top_category_N,subbranch_code_E05.977,2,node_4,node_10,False
top_category_N,subbranch_code_E05.978,1,node_4,node_1,False
top_category_N,subbranch_code_E06.170,5,node_4,node_9,False
top_category_N,subbranch_code_E06.208,6,node_4,node_2,False
top_category_N,subbranch_code_E06.470,1,node_4,node_2,False
top_category_N,subbranch_code_E06.721,1,node_4,node_2,False
top_category_N,subbranch_code_E06.761,1,node_4,node_3,False
top_category_N,subbranch_code_E07.161,1,node_4,node_7,False
top_category_N,subbranch_code_E07.325,1,node_4,node_7,False
top_category_N,subbranch_code_E07.715,1,node_4,node_4,True
top_category_N,subbranch_code_F01.100,18,node_4,node_10,False
top_category_N,subbranch_code_F01.145,21,node_4,node_1,False
top_category_N,subbranch_code_F01.490,1,node_4,node_5,False
top_category_N,subbranch_code_F01.590,1,node_4,node_8,False
top_category_N,subbranch_code_F01.752,1,node_4,node_1,False
top_category_N,subbranch_code_F01.829,26,node_4,node_2,False
top_category_N,subbranch_code_F01.872,1,node_4,node_3,False
top_category_N,subbranch_code_F02.410,1,node_4,node_6,False
top_category_N,subbranch_code_F02.418,1,node_4,node_7,False
top_category_N,subbranch_code_F02.463,2,node_4,node_8,False
top_category_N,subbranch_code_F02.600,1,node_4,node_10,False
top_category_N,subbranch_code_F02.784,7,node_4,node_4,True
top_category_N,subbranch_code_F04.096,9,node_4,node_2,False
top_category_N,subbranch_code_F04.408,10,node_4,node_3,False
top_category_N,subbranch_code_F04.711,1,node_4,node_8,False
top_category_N,subbranch_code_F04.754,1,node_4,node_9,False
top_category_N,subbranch_code_G01.060,1,node_4,node_4,True
top_category_N,subbranch_code_G01.311,13,node_4,node_1,False
top_category_N,subbranch_code_G01.358,3,node_4,node_3,False
top_category_N,subbranch_code_G01.374,1,node_4,node_4,True
top_category_N,subbranch_code_G01.536,3,node_4,node_6,False
top_category_N,subbranch_code_G01.590,2,node_4,node_7,False
top_category_N,subbranch_code_G01.750,16,node_4,node_10,False
top_category_N,subbranch_code_G01.906,3,node_4,node_3,False
top_category_N,subbranch_code_G01.910,1,node_4,node_4,True
top_category_N,subbranch_code_G02.035,1,node_4,node_8,False
top_category_N,subbranch_code_G02.833,1,node_4,node_4,True
top_category_N,subbranch_code_G03.787,1,node_4,node_1,False
top_category_N,subbranch_code_G04.712,1,node_4,node_5,False
top_category_N,subbranch_code_G05.380,1,node_4,node_9,False
top_category_N,subbranch_code_G05.695,1,node_4,node_7,False
top_category_N,subbranch_code_G05.815,1,node_4,node_6,False
top_category_N,subbranch_code_G06.591,7,node_4,node_1,False
top_category_N,subbranch_code_G07.100,2,node_4,node_10,False
top_category_N,subbranch_code_G07.203,5,node_4,node_4,True
top_category_N,subbranch_code_G07.225,1,node_4,node_5,False
top_category_N,subbranch_code_G07.690,1,node_4,node_7,False
top_category_N,subbranch_code_G07.738,1,node_4,node_8,False
top_category_N,subbranch_code_G08.686,5,node_4,node_5,False
top_category_N,subbranch_code_G11.427,3,node_4,node_5,False
top_category_N,subbranch_code_G16.500,90,node_4,node_7,False
top_category_N,subbranch_code_G16.505,1,node_4,node_8,False
top_category_N,subbranch_code_G17.035,1,node_4,node_3,False
top_category_N,subbranch_code_G17.582,1,node_4,node_9,False
top_category_N,subbranch_code_G17.680,4,node_4,node_10,False
top_category_N,subbranch_code_G17.800,2,node_4,node_1,False
top_category_N,subbranch_code_G17.820,5,node_4,node_2,False
top_category_N,subbranch_code_G17.830,3,node_4,node_3,False
top_category_N,subbranch_code_H01.158,9,node_4,node_6,False
top_category_N,subbranch_code_H01.181,1,node_4,node_7,False
top_category_N,subbranch_code_H01.548,4,node_4,node_1,False
top_category_N,subbranch_code_H01.770,16,node_4,node_5,False
top_category_N,subbranch_code_H02.010,1,node_4,node_8,False
top_category_N,subbranch_code_H02.163,2,node_4,node_1,False
top_category_N,subbranch_code_H02.229,2,node_4,node_2,False
top_category_N,subbranch_code_H02.249,1,node_4,node_3,False
top_category_N,subbranch_code_H02.269,1,node_4,node_4,True
top_category_N,subbranch_code_H02.309,1,node_4,node_5,False
top_category_N,subbranch_code_H02.403,32,node_4,node_7,False
top_category_N,subbranch_code_H02.478,36,node_4,node_9,False
top_category_N,subbranch_code_H02.495,1,node_4,node_10,False
top_category_N,subbranch_code_I01.076,2,node_4,node_4,True
top_category_N,subbranch_code_I01.198,7,node_4,node_5,False
top_category_N,subbranch_code_I01.240,34,node_4,node_6,False
top_category_N,subbranch_code_I01.261,3,node_4,node_7,False
top_category_N,subbranch_code_I01.283,1,node_4,node_8,False
top_category_N,subbranch_code_I01.320,1,node_4,node_9,False
top_category_N,subbranch_code_I01.409,59,node_4,node_10,False
top_category_N,subbranch_code_I01.615,1,node_4,node_2,False
top_category_N,subbranch_code_I01.655,15,node_4,node_3,False
top_category_N,subbranch_code_I01.738,1,node_4,node_5,False
top_category_N,subbranch_code_I01.791,1,node_4,node_6,False
top_category_N,subbranch_code_I01.795,1,node_4,node_7,False
top_category_N,subbranch_code_I01.800,2,node_4,node_8,False
top_category_N,subbranch_code_I01.880,132,node_4,node_9,False
top_category_N,subbranch_code_I01.940,1,node_4,node_10,False
top_category_N,subbranch_code_I02.358,1,node_4,node_8,False
top_category_N,subbranch_code_I02.399,1,node_4,node_9,False
top_category_N,subbranch_code_I02.574,1,node_4,node_2,False
top_category_N,subbranch_code_I02.594,1,node_4,node_6,False
top_category_N,subbranch_code_I02.783,1,node_4,node_8,False
top_category_N,subbranch_code_I03.050,3,node_4,node_1,False
top_category_N,subbranch_code_I03.350,1,node_4,node_5,False
top_category_N,subbranch_code_I03.450,3,node_4,node_7,False
top_category_N,subbranch_code_I03.946,8,node_4,node_7,False
top_category_N,subbranch_code_J01.040,2,node_4,node_9,False
top_category_N,subbranch_code_J01.086,2,node_4,node_10,False
top_category_N,subbranch_code_J01.219,4,node_4,node_1,False
top_category_N,subbranch_code_J01.256,1,node_4,node_2,False
top_category_N,subbranch_code_J01.293,2,node_4,node_3,False
top_category_N,subbranch_code_J01.576,15,node_4,node_6,False
top_category_N,subbranch_code_J01.728,2,node_4,node_9,False
top_category_N,subbranch_code_J01.897,1,node_4,node_2,False
top_category_N,subbranch_code_J01.937,2,node_4,node_3,False
top_category_N,subbranch_code_J03.125,1,node_4,node_10,False
top_category_N,subbranch_code_J03.160,2,node_4,node_2,False
top_category_N,subbranch_code_J03.340,4,node_4,node_7,False
top_category_N,subbranch_code_J03.400,2,node_4,node_8,False
top_category_N,subbranch_code_J03.520,1,node_4,node_9,False
top_category_N,subbranch_code_J03.775,4,node_4,node_6,False
top_category_N,subbranch_code_J03.850,2,node_4,node_9,False
top_category_N,subbranch_code_J03.860,1,node_4,node_10,False
top_category_N,subbranch_code_J03.925,1,node_4,node_1,False
top_category_N,subbranch_code_J03.962,1,node_4,node_2,False
top_category_N,subbranch_code_J03.985,1,node_4,node_4,True
top_category_N,subbranch_code_K01.400,6,node_4,node_9,False
top_category_N,subbranch_code_K01.752,48,node_4,node_5,False
top_category_N,subbranch_code_K01.844,1,node_4,node_6,False
top_category_N,subbranch_code_L01.143,4,node_4,node_1,False
top_category_N,subbranch_code_L01.224,8,node_4,node_2,False
top_category_N,subbranch_code_L01.313,8,node_4,node_6,False
top_category_N,subbranch_code_L01.399,12,node_4,node_7,False
top_category_N,subbranch_code_L01.462,16,node_4,node_8,False
top_category_N,subbranch_code_L01.470,1,node_4,node_9,False
top_category_N,subbranch_code_L01.737,2,node_4,node_5,False
top_category_N,subbranch_code_L01.906,1,node_4,node_6,False
top_category_N,subbranch_code_M01.085,1,node_4,node_4,True
top_category_N,subbranch_code_M01.390,1,node_4,node_10,False
top_category_N,subbranch_code_M01.526,118,node_4,node_6,False
top_category_N,subbranch_code_M01.620,1,node_4,node_7,False
top_category_N,subbranch_code_M01.643,1,node_4,node_8,False
top_category_N,subbranch_code_M01.686,3,node_4,node_10,False
top_category_N,subbranch_code_M01.785,1,node_4,node_7,False
top_category_N,subbranch_code_M01.955,1,node_4,node_1,False
top_category_N,subbranch_code_M01.975,2,node_4,node_2,False
top_category_N,subbranch_code_N01,1,node_4,node_4,True
top_category_N,subbranch_code_N01.224,75,node_4,node_5,False
top_category_N,subbranch_code_N01.400,30,node_4,node_6,False
top_category_N,subbranch_code_N01.600,4,node_4,node_7,False
top_category_N,subbranch_code_N01.824,49,node_4,node_8,False
top_category_N,subbranch_code_N02,1,node_4,node_9,False
top_category_N,subbranch_code_N02.138,1,node_4,node_10,False
top_category_N,subbranch_code_N02.208,1,node_4,node_1,False
top_category_N,subbranch_code_N02.278,171,node_4,node_2,False
top_category_N,subbranch_code_N02.350,1,node_4,node_3,False
top_category_N,subbranch_code_N02.360,117,node_4,node_4,True
top_category_N,subbranch_code_N02.421,285,node_4,node_5,False
top_category_N,subbranch_code_N02.508,2,node_4,node_6,False
top_category_N,subbranch_code_N02.628,2,node_4,node_7,False
top_category_N,subbranch_code_N02.814,1,node_4,node_8,False
top_category_N,subbranch_code_N03,1,node_4,node_9,False
top_category_N,subbranch_code_N03.055,4,node_4,node_10,False
top_category_N,subbranch_code_N03.109,1,node_4,node_1,False
top_category_N,subbranch_code_N03.219,162,node_4,node_2,False
top_category_N,subbranch_code_N03.349,35,node_4,node_3,False
top_category_N,subbranch_code_N03.540,122,node_4,node_4,True
top_category_N,subbranch_code_N03.623,13,node_4,node_5,False
top_category_N,subbranch_code_N03.706,107,node_4,node_6,False
top_category_N,subbranch_code_N03.787,1,node_4,node_7,False
top_category_N,subbranch_code_N03.858,1,node_4,node_8,False
top_category_N,subbranch_code_N03.880,2,node_4,node_9,False
top_category_N,subbranch_code_N04,1,node_4,node_10,False
top_category_N,subbranch_code_N04.226,1,node_4,node_1,False
top_category_N,subbranch_code_N04.452,265,node_4,node_2,False
top_category_N,subbranch_code_N04.590,98,node_4,node_3,False
top_category_N,subbranch_code_N04.761,56,node_4,node_4,True
top_category_N,subbranch_code_N04.880,1,node_4,node_5,False
top_category_N,subbranch_code_N04.940,1,node_4,node_6,False
top_category_N,subbranch_code_N05,1,node_4,node_7,False
top_category_N,subbranch_code_N05.300,89,node_4,node_8,False
top_category_N,subbranch_code_N05.350,45,node_4,node_9,False
top_category_N,subbranch_code_N05.425,9,node_4,node_10,False
top_category_N,subbranch_code_N05.632,1,node_4,node_1,False
top_category_N,subbranch_code_N05.700,39,node_4,node_2,False
top_category_N,subbranch_code_N05.715,253,node_4,node_3,False
top_category_N,subbranch_code_N06,1,node_4,node_4,True
top_category_N,subbranch_code_N06.230,157,node_4,node_5,False
top_category_N,subbranch_code_N06.850,487,node_4,node_6,False
top_category_N,subbranch_code_N06.890,9,node_4,node_7,False
top_category_N,subbranch_code_Z01.433,1,node_4,node_9,False
top_category_N,subbranch_code_Z01.639,1,node_4,node_2,False
top_category_V,branch_code_V01,34,node_5,node_7,False
top_category_V,branch_code_V02,151,node_5,node_8,False
top_category_V,branch_code_V03,34,node_5,node_9,False
top_category_V,branch_code_V04,8,node_5,node_10,False
top_category_V,subbranch_code_V01,1,node_5,node_8,False
top_category_V,subbranch_code_V01.070,1,node_5,node_9,False
top_category_V,subbranch_code_V01.100,1,node_5,node_10,False
top_category_V,subbranch_code_V01.110,1,node_5,node_1,False
top_category_V,subbranch_code_V01.140,1,node_5,node_2,False
top_category_V,subbranch_code_V01.165,2,node_5,node_3,False
top_category_V,subbranch_code_V01.175,5,node_5,node_4,False
top_category_V,subbranch_code_V01.185,5,node_5,node_5,True
top_category_V,subbranch_code_V01.195,1,node_5,node_6,False
top_category_V,subbranch_code_V01.200,1,node_5,node_7,False
top_category_V,subbranch_code_V01.205,1,node_5,node_8,False
top_category_V,subbranch_code_V01.250,1,node_5,node_9,False
top_category_V,subbranch_code_V01.255,5,node_5,node_10,False
top_category_V,subbranch_code_V01.260,1,node_5,node_1,False
top_category_V,subbranch_code_V01.405,1,node_5,node_2,False
top_category_V,subbranch_code_V01.478,1,node_5,node_3,False
top_category_V,subbranch_code_V01.550,1,node_5,node_4,False
top_category_V,subbranch_code_V01.630,1,node_5,node_5,True
top_category_V,subbranch_code_V01.665,1,node_5,node_6,False
top_category_V,subbranch_code_V01.700,1,node_5,node_7,False
top_category_V,subbranch_code_V01.775,1,node_5,node_8,False
top_category_V,subbranch_code_V02,1,node_5,node_9,False
top_category_V,subbranch_code_V02.025,1,node_5,node_10,False
top_category_V,subbranch_code_V02.035,1,node_5,node_1,False
top_category_V,subbranch_code_V02.050,1,node_5,node_2,False
top_category_V,subbranch_code_V02.060,1,node_5,node_3,False
top_category_V,subbranch_code_V02.070,2,node_5,node_4,False
top_category_V,subbranch_code_V02.110,1,node_5,node_5,True
top_category_V,subbranch_code_V02.115,1,node_5,node_6,False
top_category_V,subbranch_code_V02.120,1,node_5,node_7,False
top_category_V,subbranch_code_V02.130,1,node_5,node_8,False
top_category_V,subbranch_code_V02.135,1,node_5,node_9,False
top_category_V,subbranch_code_V02.140,1,node_5,node_10,False
top_category_V,subbranch_code_V02.150,1,node_5,node_1,False
top_category_V,subbranch_code_V02.165,2,node_5,node_2,False
top_category_V,subbranch_code_V02.170,5,node_5,node_3,False
top_category_V,subbranch_code_V02.180,1,node_5,node_4,False
top_category_V,subbranch_code_V02.200,1,node_5,node_5,True
top_category_V,subbranch_code_V02.220,1,node_5,node_6,False
top_category_V,subbranch_code_V02.240,7,node_5,node_7,False
top_category_V,subbranch_code_V02.245,1,node_5,node_8,False
top_category_V,subbranch_code_V02.250,1,node_5,node_9,False
top_category_V,subbranch_code_V02.255,1,node_5,node_10,False
top_category_V,subbranch_code_V02.260,4,node_5,node_1,False
top_category_V,subbranch_code_V02.265,1,node_5,node_2,False
top_category_V,subbranch_code_V02.267,1,node_5,node_3,False
top_category_V,subbranch_code_V02.270,4,node_5,node_4,False
top_category_V,subbranch_code_V02.272,1,node_5,node_5,True
top_category_V,subbranch_code_V02.275,1,node_5,node_6,False
top_category_V,subbranch_code_V02.300,1,node_5,node_7,False
top_category_V,subbranch_code_V02.302,1,node_5,node_8,False
top_category_V,subbranch_code_V02.305,1,node_5,node_9,False
top_category_V,subbranch_code_V02.310,7,node_5,node_10,False
top_category_V,subbranch_code_V02.312,1,node_5,node_1,False
top_category_V,subbranch_code_V02.314,1,node_5,node_2,False
top_category_V,subbranch_code_V02.315,1,node_5,node_3,False
top_category_V,subbranch_code_V02.320,1,node_5,node_4,False
top_category_V,subbranch_code_V02.335,1,node_5,node_5,True
top_category_V,subbranch_code_V02.350,1,node_5,node_6,False
top_category_V,subbranch_code_V02.355,6,node_5,node_7,False
top_category_V,subbranch_code_V02.365,1,node_5,node_8,False
top_category_V,subbranch_code_V02.375,2,node_5,node_9,False
top_category_V,subbranch_code_V02.395,1,node_5,node_10,False
top_category_V,subbranch_code_V02.415,1,node_5,node_1,False
top_category_V,subbranch_code_V02.450,1,node_5,node_2,False
top_category_V,subbranch_code_V02.460,1,node_5,node_3,False
top_category_V,subbranch_code_V02.480,4,node_5,node_4,False
top_category_V,subbranch_code_V02.500,1,node_5,node_5,True
top_category_V,subbranch_code_V02.510,1,node_5,node_6,False
top_category_V,subbranch_code_V02.515,2,node_5,node_7,False
top_category_V,subbranch_code_V02.520,1,node_5,node_8,False
top_category_V,subbranch_code_V02.530,8,node_5,node_9,False
top_category_V,subbranch_code_V02.533,1,node_5,node_10,False
top_category_V,subbranch_code_V02.535,1,node_5,node_1,False
top_category_V,subbranch_code_V02.540,2,node_5,node_2,False
top_category_V,subbranch_code_V02.545,1,node_5,node_3,False
top_category_V,subbranch_code_V02.550,1,node_5,node_4,False
top_category_V,subbranch_code_V02.575,1,node_5,node_5,True
top_category_V,subbranch_code_V02.600,5,node_5,node_6,False
top_category_V,subbranch_code_V02.605,1,node_5,node_7,False
top_category_V,subbranch_code_V02.607,1,node_5,node_8,False
top_category_V,subbranch_code_V02.610,1,node_5,node_9,False
top_category_V,subbranch_code_V02.620,1,node_5,node_10,False
top_category_V,subbranch_code_V02.625,1,node_5,node_1,False
top_category_V,subbranch_code_V02.630,3,node_5,node_2,False
top_category_V,subbranch_code_V02.650,1,node_5,node_3,False
top_category_V,subbranch_code_V02.660,2,node_5,node_4,False
top_category_V,subbranch_code_V02.665,1,node_5,node_5,True
top_category_V,subbranch_code_V02.667,1,node_5,node_6,False
top_category_V,subbranch_code_V02.668,1,node_5,node_7,False
top_category_V,subbranch_code_V02.670,1,node_5,node_8,False
top_category_V,subbranch_code_V02.672,2,node_5,node_9,False
top_category_V,subbranch_code_V02.675,1,node_5,node_10,False
top_category_V,subbranch_code_V02.682,1,node_5,node_1,False
top_category_V,subbranch_code_V02.690,1,node_5,node_2,False
top_category_V,subbranch_code_V02.695,3,node_5,node_3,False
top_category_V,subbranch_code_V02.697,2,node_5,node_4,False
top_category_V,subbranch_code_V02.699,1,node_5,node_5,True
top_category_V,subbranch_code_V02.700,8,node_5,node_6,False
top_category_V,subbranch_code_V02.712,1,node_5,node_7,False
top_category_V,subbranch_code_V02.725,3,node_5,node_8,False
top_category_V,subbranch_code_V02.731,1,node_5,node_9,False
top_category_V,subbranch_code_V02.734,1,node_5,node_10,False
top_category_V,subbranch_code_V02.735,1,node_5,node_1,False
top_category_V,subbranch_code_V02.736,1,node_5,node_2,False
top_category_V,subbranch_code_V02.737,1,node_5,node_3,False
top_category_V,subbranch_code_V02.750,1,node_5,node_4,False
top_category_V,subbranch_code_V02.800,1,node_5,node_5,True
top_category_V,subbranch_code_V02.825,1,node_5,node_6,False
top_category_V,subbranch_code_V02.912,9,node_5,node_7,False
top_category_V,subbranch_code_V02.925,1,node_5,node_8,False
top_category_V,subbranch_code_V02.928,1,node_5,node_9,False
top_category_V,subbranch_code_V02.930,1,node_5,node_10,False
top_category_V,subbranch_code_V02.935,1,node_5,node_1,False
top_category_V,subbranch_code_V02.938,1,node_5,node_2,False
top_category_V,subbranch_code_V02.940,1,node_5,node_3,False
top_category_V,subbranch_code_V02.945,1,node_5,node_4,False
top_category_V,subbranch_code_V02.950,1,node_5,node_5,True
top_category_V,subbranch_code_V02.970,1,node_5,node_6,False
top_category_V,subbranch_code_V02.990,1,node_5,node_7,False
top_category_V,subbranch_code_V03,1,node_5,node_8,False
top_category_V,subbranch_code_V03.100,1,node_5,node_9,False
top_category_V,subbranch_code_V03.150,1,node_5,node_10,False
top_category_V,subbranch_code_V03.175,17,node_5,node_1,False
top_category_V,subbranch_code_V03.250,1,node_5,node_2,False
top_category_V,subbranch_code_V03.400,1,node_5,node_3,False
top_category_V,subbranch_code_V03.500,7,node_5,node_4,False
top_category_V,subbranch_code_V03.600,2,node_5,node_5,True
top_category_V,subbranch_code_V03.650,1,node_5,node_6,False
top_category_V,subbranch_code_V03.800,1,node_5,node_7,False
top_category_V,subbranch_code_V03.900,1,node_5,node_8,False
top_category_V,subbranch_code_V03.950,1,node_5,node_9,False
top_category_V,subbranch_code_V04,1,node_5,node_10,False
top_category_V,subbranch_code_V04.124,1,node_5,node_1,False
top_category_V,subbranch_code_V04.750,6,node_5,node_2,False
top_category_Z,branch_code_G01,1,node_6,node_3,False
top_category_Z,branch_code_G16,3,node_6,node_8,False
top_category_Z,branch_code_I01,1,node_6,node_2,False
top_category_Z,branch_code_N06,2,node_6,node_6,True
top_category_Z,branch_code_Z01,406,node_6,node_1,False
top_category_Z,subbranch_code_G01.311,1,node_6,node_1,False
top_category_Z,subbranch_code_G16.500,3,node_6,node_7,False
top_category_Z,subbranch_code_I01.615,1,node_6,node_2,False
top_category_Z,subbranch_code_N06.230,2,node_6,node_5,False
top_category_Z,subbranch_code_Z01,1,node_6,node_3,False
top_category_Z,subbranch_code_Z01.058,62,node_6,node_4,False
top_category_Z,subbranch_code_Z01.107,135,node_6,node_5,False
top_category_Z,subbranch_code_Z01.158,1,node_6,node_6,True
top_category_Z,subbranch_code_Z01.208,1,node_6,node_7,False
top_category_Z,subbranch_code_Z01.252,66,node_6,node_8,False
top_category_Z,subbranch_code_Z01.433,18,node_6,node_9,False
top_category_Z,subbranch_code_Z01.542,81,node_6,node_10,False
top_category_Z,subbranch_code_Z01.586,31,node_6,node_1,False
top_category_Z,subbranch_code_Z01.639,76,node_6,node_2,False
top_category_Z,subbranch_code_Z01.678,29,node_6,node_3,False
top_category_Z,subbranch_code_Z01.756,8,node_6,node_4,False
branch_code_A01,subbranch_code_A01,1,node_7,node_2,False
branch_code_A01,subbranch_code_A01.111,1,node_7,node_3,False
branch_code_A01,subbranch_code_A01.236,3,node_7,node_4,False
branch_code_A01,subbranch_code_A01.378,26,node_7,node_5,False
branch_code_A01,subbranch_code_A01.456,24,node_7,node_6,False
branch_code_A01,subbranch_code_A01.598,3,node_7,node_7,True
branch_code_A01,subbranch_code_A01.635,1,node_7,node_8,False
branch_code_A01,subbranch_code_A01.719,1,node_7,node_9,False
branch_code_A01,subbranch_code_A01.923,28,node_7,node_10,False
branch_code_A01,subbranch_code_A01.935,1,node_7,node_1,False
branch_code_A01,subbranch_code_A01.941,8,node_7,node_2,False
branch_code_A01,subbranch_code_A01.947,1,node_7,node_3,False
branch_code_A01,subbranch_code_A01.960,1,node_7,node_4,False
branch_code_A01,subbranch_code_A02.633,2,node_7,node_10,False
branch_code_A01,subbranch_code_A02.835,8,node_7,node_2,False
branch_code_A01,subbranch_code_A03.556,1,node_7,node_6,False
branch_code_A01,subbranch_code_A04.531,1,node_7,node_2,False
branch_code_A01,subbranch_code_A09.246,1,node_7,node_8,False
branch_code_A01,subbranch_code_A09.371,3,node_7,node_9,False
branch_code_A01,subbranch_code_A09.531,1,node_7,node_10,False
branch_code_A01,subbranch_code_A10.336,1,node_7,node_7,True
branch_code_A01,subbranch_code_A10.615,1,node_7,node_9,False
branch_code_A01,subbranch_code_A10.810,1,node_7,node_4,False
branch_code_A01,subbranch_code_A11.047,1,node_7,node_9,False
branch_code_A01,subbranch_code_A14.194,1,node_7,node_9,False
branch_code_A01,subbranch_code_A14.521,1,node_7,node_1,False
branch_code_A01,subbranch_code_A14.549,2,node_7,node_3,False
branch_code_A01,subbranch_code_A17.360,2,node_7,node_2,False
branch_code_A02,subbranch_code_A01.456,8,node_8,node_6,False
branch_code_A02,subbranch_code_A01.598,1,node_8,node_7,False
branch_code_A02,subbranch_code_A01.923,2,node_8,node_10,False
branch_code_A02,subbranch_code_A02,1,node_8,node_5,False
branch_code_A02,subbranch_code_A02.083,1,node_8,node_6,False
branch_code_A02,subbranch_code_A02.165,21,node_8,node_7,False
branch_code_A02,subbranch_code_A02.340,3,node_8,node_8,True
branch_code_A02,subbranch_code_A02.513,17,node_8,node_9,False
branch_code_A02,subbranch_code_A02.633,40,node_8,node_10,False
branch_code_A02,subbranch_code_A02.734,1,node_8,node_1,False
branch_code_A02,subbranch_code_A02.835,159,node_8,node_2,False
branch_code_A02,subbranch_code_A02.880,5,node_8,node_3,False
branch_code_A02,subbranch_code_A03.556,2,node_8,node_6,False
branch_code_A02,subbranch_code_A03.620,1,node_8,node_7,False
branch_code_A02,subbranch_code_A04.329,6,node_8,node_10,False
branch_code_A02,subbranch_code_A04.531,4,node_8,node_2,False
branch_code_A02,subbranch_code_A04.623,3,node_8,node_3,False
branch_code_A02,subbranch_code_A05.360,3,node_8,node_8,True
branch_code_A02,subbranch_code_A07.015,1,node_8,node_6,False
branch_code_A02,subbranch_code_A07.541,2,node_8,node_6,False
branch_code_A02,subbranch_code_A09.246,3,node_8,node_8,True
branch_code_A02,subbranch_code_A09.371,1,node_8,node_9,False
branch_code_A02,subbranch_code_A10.165,33,node_8,node_5,False
branch_code_A02,subbranch_code_A10.690,7,node_8,node_10,False
branch_code_A02,subbranch_code_A12.207,1,node_8,node_8,True
branch_code_A02,subbranch_code_A14.363,1,node_8,node_10,False
branch_code_A02,subbranch_code_A14.521,10,node_8,node_1,False
branch_code_A02,subbranch_code_A14.530,4,node_8,node_2,False
branch_code_A02,subbranch_code_A14.549,4,node_8,node_3,False
branch_code_A02,subbranch_code_A14.724,3,node_8,node_4,False
branch_code_A02,subbranch_code_A14.907,2,node_8,node_5,False
branch_code_A02,subbranch_code_E07.695,1,node_8,node_10,False
branch_code_A03,subbranch_code_A01.456,1,node_9,node_6,False
branch_code_A03,subbranch_code_A02.513,1,node_9,node_9,True
branch_code_A03,subbranch_code_A02.633,2,node_9,node_10,False
branch_code_A03,subbranch_code_A03,1,node_9,node_4,False
branch_code_A03,subbranch_code_A03.159,11,node_9,node_5,False
branch_code_A03,subbranch_code_A03.556,57,node_9,node_6,False
branch_code_A03,subbranch_code_A03.620,4,node_9,node_7,False
branch_code_A03,subbranch_code_A03.734,9,node_9,node_8,False
branch_code_A03,subbranch_code_A04.329,1,node_9,node_10,False
branch_code_A03,subbranch_code_A04.531,1,node_9,node_2,False
branch_code_A03,subbranch_code_A04.623,2,node_9,node_3,False
branch_code_A03,subbranch_code_A04.760,1,node_9,node_5,False
branch_code_A03,subbranch_code_A06.224,1,node_9,node_1,False
branch_code_A03,subbranch_code_A06.300,5,node_9,node_2,False
branch_code_A03,subbranch_code_A06.390,6,node_9,node_3,False
branch_code_A03,subbranch_code_A08.675,1,node_9,node_3,False
branch_code_A03,subbranch_code_A08.800,1,node_9,node_5,False
branch_code_A03,subbranch_code_A09.371,1,node_9,node_9,True
branch_code_A03,subbranch_code_A09.846,1,node_9,node_1,False
branch_code_A03,subbranch_code_A10.165,1,node_9,node_5,False
branch_code_A03,subbranch_code_A10.336,8,node_9,node_7,False
branch_code_A03,subbranch_code_A10.615,11,node_9,node_9,True
branch_code_A03,subbranch_code_A11.382,6,node_9,node_9,True
branch_code_A03,subbranch_code_A11.436,11,node_9,node_1,False
branch_code_A03,subbranch_code_A11.671,1,node_9,node_2,False
branch_code_A03,subbranch_code_A14.549,12,node_9,node_3,False
branch_code_A03,subbranch_code_A14.724,2,node_9,node_4,False
branch_code_A03,subbranch_code_A15.382,1,node_9,node_9,True
branch_code_A03,subbranch_code_C06.198,1,node_9,node_4,False
branch_code_A03,subbranch_code_C06.405,1,node_9,node_7,False
branch_code_A03,subbranch_code_C16.131,1,node_9,node_6,False
branch_code_A03,subbranch_code_C23.300,1,node_9,node_1,False
branch_code_A04,subbranch_code_A01.456,1,node_10,node_6,False
branch_code_A04,subbranch_code_A02.165,6,node_10,node_7,False
branch_code_A04,subbranch_code_A02.633,4,node_10,node_10,True
branch_code_A04,subbranch_code_A02.835,3,node_10,node_2,False
branch_code_A04,subbranch_code_A03.556,3,node_10,node_6,False
branch_code_A04,subbranch_code_A04,1,node_10,node_9,False
branch_code_A04,subbranch_code_A04.329,11,node_10,node_10,True
branch_code_A04,subbranch_code_A04.411,6,node_10,node_1,False
branch_code_A04,subbranch_code_A04.531,16,node_10,node_2,False
branch_code_A04,subbranch_code_A04.623,10,node_10,node_3,False
branch_code_A04,subbranch_code_A04.716,1,node_10,node_4,False
branch_code_A04,subbranch_code_A04.760,6,node_10,node_5,False
branch_code_A04,subbranch_code_A04.889,1,node_10,node_6,False
branch_code_A04,subbranch_code_A07.020,1,node_10,node_7,False
branch_code_A04,subbranch_code_A08.675,1,node_10,node_3,False
branch_code_A04,subbranch_code_A08.800,1,node_10,node_5,False
branch_code_A04,subbranch_code_A09.371,1,node_10,node_9,False
branch_code_A04,subbranch_code_A09.531,3,node_10,node_10,True
branch_code_A04,subbranch_code_A10.549,2,node_10,node_8,False
branch_code_A04,subbranch_code_A10.615,7,node_10,node_9,False
branch_code_A04,subbranch_code_A11.436,2,node_10,node_1,False
branch_code_A04,subbranch_code_A11.671,1,node_10,node_2,False
branch_code_A04,subbranch_code_A14.724,9,node_10,node_4,False
branch_code_A04,subbranch_code_A15.382,2,node_10,node_9,False
branch_code_A05,subbranch_code_A02.513,2,node_1,node_9,False
branch_code_A05,subbranch_code_A02.633,1,node_1,node_10,False
branch_code_A05,subbranch_code_A05,1,node_1,node_7,False
branch_code_A05,subbranch_code_A05.360,60,node_1,node_8,False
branch_code_A05,subbranch_code_A05.810,23,node_1,node_9,False
branch_code_A05,subbranch_code_A06.300,11,node_1,node_2,False
branch_code_A05,subbranch_code_A07.045,1,node_1,node_3,False
branch_code_A05,subbranch_code_A07.500,1,node_1,node_4,False
branch_code_A05,subbranch_code_A10.165,2,node_1,node_5,False
branch_code_A05,subbranch_code_A10.272,1,node_1,node_6,False
branch_code_A05,subbranch_code_A10.336,3,node_1,node_7,False
branch_code_A05,subbranch_code_A10.615,2,node_1,node_9,False
branch_code_A05,subbranch_code_A10.690,1,node_1,node_10,False
branch_code_A05,subbranch_code_A11.284,4,node_1,node_6,False
branch_code_A05,subbranch_code_A11.329,2,node_1,node_8,False
branch_code_A05,subbranch_code_A11.382,5,node_1,node_9,False
branch_code_A05,subbranch_code_A11.436,6,node_1,node_1,True
branch_code_A05,subbranch_code_A11.497,15,node_1,node_4,False
branch_code_A05,subbranch_code_A12.207,1,node_1,node_8,False
branch_code_A05,subbranch_code_A13.706,1,node_1,node_7,False
branch_code_A05,subbranch_code_A16.690,2,node_1,node_2,False
branch_code_A05,subbranch_code_A16.710,2,node_1,node_3,False
branch_code_A05,subbranch_code_A16.950,1,node_1,node_9,False
branch_code_A06,subbranch_code_A03.556,3,node_2,node_6,False
branch_code_A06,subbranch_code_A03.734,5,node_2,node_8,False
branch_code_A06,subbranch_code_A05.360,11,node_2,node_8,False
branch_code_A06,subbranch_code_A06,1,node_2,node_10,False
branch_code_A06,subbranch_code_A06.224,7,node_2,node_1,False
branch_code_A06,subbranch_code_A06.300,38,node_2,node_2,True
branch_code_A06,subbranch_code_A06.390,8,node_2,node_3,False
branch_code_A06,subbranch_code_A06.688,21,node_2,node_4,False
branch_code_A06,subbranch_code_A08.186,16,node_2,node_8,False
branch_code_A06,subbranch_code_A08.675,1,node_2,node_3,False
branch_code_A06,subbranch_code_A08.713,21,node_2,node_4,False
branch_code_A06,subbranch_code_A08.800,2,node_2,node_5,False
branch_code_A06,subbranch_code_A09.246,1,node_2,node_8,False
branch_code_A06,subbranch_code_A10.615,3,node_2,node_9,False
branch_code_A06,subbranch_code_A11.284,1,node_2,node_6,False
branch_code_A06,subbranch_code_A11.299,1,node_2,node_7,False
branch_code_A06,subbranch_code_A11.329,1,node_2,node_8,False
branch_code_A06,subbranch_code_A11.382,18,node_2,node_9,False
branch_code_A06,subbranch_code_A11.436,18,node_2,node_1,False
branch_code_A06,subbranch_code_A11.671,1,node_2,node_2,True
branch_code_A06,subbranch_code_A12.207,1,node_2,node_8,False
branch_code_A06,subbranch_code_A15.382,1,node_2,node_9,False
branch_code_A07,subbranch_code_A02.633,3,node_3,node_10,False
branch_code_A07,subbranch_code_A04.411,1,node_3,node_1,False
branch_code_A07,subbranch_code_A05.360,1,node_3,node_8,False
branch_code_A07,subbranch_code_A05.810,1,node_3,node_9,False
branch_code_A07,subbranch_code_A07,1,node_3,node_5,False
branch_code_A07,subbranch_code_A07.015,95,node_3,node_6,False
branch_code_A07,subbranch_code_A07.020,1,node_3,node_7,False
branch_code_A07,subbranch_code_A07.030,1,node_3,node_8,False
branch_code_A07,subbranch_code_A07.035,1,node_3,node_9,False
branch_code_A07,subbranch_code_A07.037,1,node_3,node_10,False
branch_code_A07,subbranch_code_A07.040,1,node_3,node_1,False
branch_code_A07,subbranch_code_A07.043,1,node_3,node_2,False
branch_code_A07,subbranch_code_A07.045,1,node_3,node_3,True
branch_code_A07,subbranch_code_A07.500,1,node_3,node_4,False
branch_code_A07,subbranch_code_A07.521,1,node_3,node_5,False
branch_code_A07,subbranch_code_A07.541,30,node_3,node_6,False
branch_code_A07,subbranch_code_A08.186,3,node_3,node_8,False
branch_code_A07,subbranch_code_A08.800,1,node_3,node_5,False
branch_code_A07,subbranch_code_A09.371,2,node_3,node_9,False
branch_code_A07,subbranch_code_A10.165,1,node_3,node_5,False
branch_code_A07,subbranch_code_A10.272,2,node_3,node_6,False
branch_code_A07,subbranch_code_A10.615,2,node_3,node_9,False
branch_code_A07,subbranch_code_A10.690,4,node_3,node_10,False
branch_code_A07,subbranch_code_A10.850,1,node_3,node_6,False
branch_code_A07,subbranch_code_A11.620,1,node_3,node_8,False
branch_code_A07,subbranch_code_A11.710,1,node_3,node_5,False
branch_code_A07,subbranch_code_A11.872,1,node_3,node_3,True
branch_code_A07,subbranch_code_A12.207,1,node_3,node_8,False
branch_code_A07,subbranch_code_A15.382,1,node_3,node_9,False
branch_code_A07,subbranch_code_A16.378,6,node_3,node_8,False
branch_code_A07,subbranch_code_A16.504,1,node_3,node_10,False
branch_code_A07,subbranch_code_E07.862,1,node_3,node_9,False
branch_code_A08,subbranch_code_A03.556,1,node_4,node_6,False
branch_code_A08,subbranch_code_A04.531,1,node_4,node_2,False
branch_code_A08,subbranch_code_A04.760,1,node_4,node_5,False
branch_code_A08,subbranch_code_A06.300,12,node_4,node_2,False
branch_code_A08,subbranch_code_A06.688,21,node_4,node_4,True
branch_code_A08,subbranch_code_A07.035,1,node_4,node_9,False
branch_code_A08,subbranch_code_A07.037,1,node_4,node_10,False
branch_code_A08,subbranch_code_A07.043,1,node_4,node_2,False
branch_code_A08,subbranch_code_A07.521,1,node_4,node_5,False
branch_code_A08,subbranch_code_A08,1,node_4,node_7,False
branch_code_A08,subbranch_code_A08.186,217,node_4,node_8,False
branch_code_A08,subbranch_code_A08.340,14,node_4,node_9,False
branch_code_A08,subbranch_code_A08.511,2,node_4,node_10,False
branch_code_A08,subbranch_code_A08.612,16,node_4,node_1,False
branch_code_A08,subbranch_code_A08.637,13,node_4,node_2,False
branch_code_A08,subbranch_code_A08.675,90,node_4,node_3,False
branch_code_A08,subbranch_code_A08.713,22,node_4,node_4,True
branch_code_A08,subbranch_code_A08.800,116,node_4,node_5,False
branch_code_A08,subbranch_code_A08.850,10,node_4,node_6,False
branch_code_A08,subbranch_code_A09.246,6,node_4,node_8,False
branch_code_A08,subbranch_code_A09.371,15,node_4,node_9,False
branch_code_A08,subbranch_code_A09.531,1,node_4,node_10,False
branch_code_A08,subbranch_code_A09.846,1,node_4,node_1,False
branch_code_A08,subbranch_code_A09.923,4,node_4,node_2,False
branch_code_A08,subbranch_code_A10.615,1,node_4,node_9,False
branch_code_A08,subbranch_code_A10.690,1,node_4,node_10,False
branch_code_A08,subbranch_code_A10.755,4,node_4,node_1,False
branch_code_A08,subbranch_code_A11.284,21,node_4,node_6,False
branch_code_A08,subbranch_code_A11.382,6,node_4,node_9,False
branch_code_A08,subbranch_code_A11.409,1,node_4,node_10,False
branch_code_A08,subbranch_code_A11.436,10,node_4,node_1,False
branch_code_A08,subbranch_code_A11.650,13,node_4,node_1,False
branch_code_A08,subbranch_code_A11.671,89,node_4,node_2,False
branch_code_A08,subbranch_code_A11.872,1,node_4,node_3,False
branch_code_A08,subbranch_code_A13.250,1,node_4,node_8,False
branch_code_A08,subbranch_code_A13.408,1,node_4,node_6,False
branch_code_A08,subbranch_code_A13.468,1,node_4,node_3,False
branch_code_A08,subbranch_code_A13.750,1,node_4,node_9,False
branch_code_A08,subbranch_code_A14.549,1,node_4,node_3,False
branch_code_A08,subbranch_code_A15.382,1,node_4,node_9,False
branch_code_A08,subbranch_code_A16.254,1,node_4,node_6,False
branch_code_A09,subbranch_code_A01.456,5,node_5,node_6,False
branch_code_A09,subbranch_code_A02.165,1,node_5,node_7,False
branch_code_A09,subbranch_code_A02.340,1,node_5,node_8,False
branch_code_A09,subbranch_code_A02.633,2,node_5,node_10,False
branch_code_A09,subbranch_code_A03.556,2,node_5,node_6,False
branch_code_A09,subbranch_code_A04.329,1,node_5,node_10,False
branch_code_A09,subbranch_code_A04.531,4,node_5,node_2,False
branch_code_A09,subbranch_code_A04.760,3,node_5,node_5,True
branch_code_A09,subbranch_code_A06.688,1,node_5,node_4,False
branch_code_A09,subbranch_code_A07.030,1,node_5,node_8,False
branch_code_A09,subbranch_code_A07.040,1,node_5,node_1,False
branch_code_A09,subbranch_code_A08.186,2,node_5,node_8,False
branch_code_A09,subbranch_code_A08.340,1,node_5,node_9,False
branch_code_A09,subbranch_code_A08.675,21,node_5,node_3,False
branch_code_A09,subbranch_code_A08.713,1,node_5,node_4,False
branch_code_A09,subbranch_code_A08.800,19,node_5,node_5,True
branch_code_A09,subbranch_code_A09,1,node_5,node_7,False
branch_code_A09,subbranch_code_A09.246,46,node_5,node_8,False
branch_code_A09,subbranch_code_A09.371,60,node_5,node_9,False
branch_code_A09,subbranch_code_A09.531,4,node_5,node_10,False
branch_code_A09,subbranch_code_A09.846,1,node_5,node_1,False
branch_code_A09,subbranch_code_A09.923,15,node_5,node_2,False
branch_code_A09,subbranch_code_A10.165,1,node_5,node_5,True
branch_code_A09,subbranch_code_A10.272,3,node_5,node_6,False
branch_code_A09,subbranch_code_A10.336,2,node_5,node_7,False
branch_code_A09,subbranch_code_A10.615,6,node_5,node_9,False
branch_code_A09,subbranch_code_A11.436,2,node_5,node_1,False
branch_code_A09,subbranch_code_A11.671,21,node_5,node_2,False
branch_code_A09,subbranch_code_A12.207,2,node_5,node_8,False
branch_code_A09,subbranch_code_A13.750,1,node_5,node_9,False
branch_code_A09,subbranch_code_A14.549,1,node_5,node_3,False
branch_code_A09,subbranch_code_A17.360,1,node_5,node_2,False
branch_code_A09,subbranch_code_E01.370,1,node_5,node_10,False
branch_code_A10,subbranch_code_A01.236,1,node_6,node_4,False
branch_code_A10,subbranch_code_A01.923,2,node_6,node_10,False
branch_code_A10,subbranch_code_A02.165,12,node_6,node_7,False
branch_code_A10,subbranch_code_A02.340,3,node_6,node_8,False
branch_code_A10,subbranch_code_A02.513,17,node_6,node_9,False
branch_code_A10,subbranch_code_A02.633,7,node_6,node_10,False
branch_code_A10,subbranch_code_A02.835,20,node_6,node_2,False
branch_code_A10,subbranch_code_A02.880,1,node_6,node_3,False
branch_code_A10,subbranch_code_A03.556,18,node_6,node_6,True
branch_code_A10,subbranch_code_A03.620,1,node_6,node_7,False
branch_code_A10,subbranch_code_A03.734,2,node_6,node_8,False
branch_code_A10,subbranch_code_A04.329,2,node_6,node_10,False
branch_code_A10,subbranch_code_A04.531,4,node_6,node_2,False
branch_code_A10,subbranch_code_A04.623,2,node_6,node_3,False
branch_code_A10,subbranch_code_A04.716,1,node_6,node_4,False
branch_code_A10,subbranch_code_A04.760,6,node_6,node_5,False
branch_code_A10,subbranch_code_A05.360,8,node_6,node_8,False
branch_code_A10,subbranch_code_A05.810,1,node_6,node_9,False
branch_code_A10,subbranch_code_A06.224,1,node_6,node_1,False
branch_code_A10,subbranch_code_A06.300,1,node_6,node_2,False
branch_code_A10,subbranch_code_A06.390,3,node_6,node_3,False
branch_code_A10,subbranch_code_A07.015,5,node_6,node_6,True
branch_code_A10,subbranch_code_A07.541,5,node_6,node_6,True
branch_code_A10,subbranch_code_A08.186,1,node_6,node_8,False
branch_code_A10,subbranch_code_A08.637,3,node_6,node_2,False
branch_code_A10,subbranch_code_A08.675,5,node_6,node_3,False
branch_code_A10,subbranch_code_A08.800,5,node_6,node_5,False
branch_code_A10,subbranch_code_A09.246,1,node_6,node_8,False
branch_code_A10,subbranch_code_A09.371,9,node_6,node_9,False
branch_code_A10,subbranch_code_A09.531,2,node_6,node_10,False
branch_code_A10,subbranch_code_A10,1,node_6,node_3,False
branch_code_A10,subbranch_code_A10.082,3,node_6,node_4,False
branch_code_A10,subbranch_code_A10.165,59,node_6,node_5,False
branch_code_A10,subbranch_code_A10.272,12,node_6,node_6,True
branch_code_A10,subbranch_code_A10.336,20,node_6,node_7,False
branch_code_A10,subbranch_code_A10.549,12,node_6,node_8,False
branch_code_A10,subbranch_code_A10.615,38,node_6,node_9,False
branch_code_A10,subbranch_code_A10.690,17,node_6,node_10,False
branch_code_A10,subbranch_code_A10.755,5,node_6,node_1,False
branch_code_A10,subbranch_code_A10.802,2,node_6,node_2,False
branch_code_A10,subbranch_code_A10.806,1,node_6,node_3,False
branch_code_A10,subbranch_code_A10.810,1,node_6,node_4,False
branch_code_A10,subbranch_code_A10.830,1,node_6,node_5,False
branch_code_A10,subbranch_code_A10.850,10,node_6,node_6,True
branch_code_A10,subbranch_code_A11.066,1,node_6,node_1,False
branch_code_A10,subbranch_code_A11.284,9,node_6,node_6,True
branch_code_A10,subbranch_code_A11.382,3,node_6,node_9,False
branch_code_A10,subbranch_code_A11.436,9,node_6,node_1,False
branch_code_A10,subbranch_code_A11.620,6,node_6,node_8,False
branch_code_A10,subbranch_code_A11.650,3,node_6,node_1,False
branch_code_A10,subbranch_code_A11.671,5,node_6,node_2,False
branch_code_A10,subbranch_code_A11.710,1,node_6,node_5,False
branch_code_A10,subbranch_code_A11.872,1,node_6,node_3,False
branch_code_A10,subbranch_code_A12.207,2,node_6,node_8,False
branch_code_A10,subbranch_code_A13.163,1,node_6,node_4,False
branch_code_A10,subbranch_code_A13.350,1,node_6,node_2,False
branch_code_A10,subbranch_code_A13.589,1,node_6,node_1,False
branch_code_A10,subbranch_code_A14.549,8,node_6,node_3,False
branch_code_A10,subbranch_code_A14.724,2,node_6,node_4,False
branch_code_A10,subbranch_code_A15.382,14,node_6,node_9,False
branch_code_A10,subbranch_code_A16.254,6,node_6,node_6,True
branch_code_A10,subbranch_code_A16.331,2,node_6,node_7,False
branch_code_A10,subbranch_code_A16.504,1,node_6,node_10,False
branch_code_A10,subbranch_code_A16.710,1,node_6,node_3,False
branch_code_A10,subbranch_code_A17.360,1,node_6,node_2,False
branch_code_A10,subbranch_code_A17.815,6,node_6,node_4,False
branch_code_A10,subbranch_code_C17.300,2,node_6,node_1,False
branch_code_A10,subbranch_code_C17.800,1,node_6,node_2,False
branch_code_A10,subbranch_code_C23.149,1,node_6,node_10,False
branch_code_A10,subbranch_code_C23.300,1,node_6,node_1,False
branch_code_A10,subbranch_code_C23.550,3,node_6,node_2,False
branch_code_A10,subbranch_code_E01.370,1,node_6,node_10,False
branch_code_A10,subbranch_code_E05.200,1,node_6,node_9,False
branch_code_A10,subbranch_code_E05.242,1,node_6,node_2,False
branch_code_A10,subbranch_code_E05.481,1,node_6,node_8,False
branch_code_A10,subbranch_code_E07.305,1,node_6,node_5,False
branch_code_A10,subbranch_code_E07.695,1,node_6,node_10,False
branch_code_A10,subbranch_code_E07.862,9,node_6,node_9,False
branch_code_A10,subbranch_code_G16.762,1,node_6,node_7,False
branch_code_A11,subbranch_code_A01.941,1,node_7,node_2,False
branch_code_A11,subbranch_code_A03.556,9,node_7,node_6,False
branch_code_A11,subbranch_code_A03.734,4,node_7,node_8,False
branch_code_A11,subbranch_code_A04.329,1,node_7,node_10,False
branch_code_A11,subbranch_code_A04.411,1,node_7,node_1,False
branch_code_A11,subbranch_code_A04.531,2,node_7,node_2,False
branch_code_A11,subbranch_code_A04.760,2,node_7,node_5,False
branch_code_A11,subbranch_code_A05.360,21,node_7,node_8,False
branch_code_A11,subbranch_code_A05.810,3,node_7,node_9,False
branch_code_A11,subbranch_code_A06.224,4,node_7,node_1,False
branch_code_A11,subbranch_code_A06.300,15,node_7,node_2,False
branch_code_A11,subbranch_code_A06.390,8,node_7,node_3,False
branch_code_A11,subbranch_code_A06.688,7,node_7,node_4,False
branch_code_A11,subbranch_code_A07.015,1,node_7,node_6,False
branch_code_A11,subbranch_code_A07.541,2,node_7,node_6,False
branch_code_A11,subbranch_code_A08.186,14,node_7,node_8,False
branch_code_A11,subbranch_code_A08.340,1,node_7,node_9,False
branch_code_A11,subbranch_code_A08.637,13,node_7,node_2,False
branch_code_A11,subbranch_code_A08.675,89,node_7,node_3,False
branch_code_A11,subbranch_code_A08.713,7,node_7,node_4,False
branch_code_A11,subbranch_code_A08.800,45,node_7,node_5,False
branch_code_A11,subbranch_code_A08.850,10,node_7,node_6,False
branch_code_A11,subbranch_code_A09.246,6,node_7,node_8,False
branch_code_A11,subbranch_code_A09.371,15,node_7,node_9,False
branch_code_A11,subbranch_code_A09.531,1,node_7,node_10,False
branch_code_A11,subbranch_code_A09.846,1,node_7,node_1,False
branch_code_A11,subbranch_code_A09.923,1,node_7,node_2,False
branch_code_A11,subbranch_code_A10.082,2,node_7,node_4,False
branch_code_A11,subbranch_code_A10.272,1,node_7,node_6,False
branch_code_A11,subbranch_code_A10.549,1,node_7,node_8,False
branch_code_A11,subbranch_code_A10.615,12,node_7,node_9,False
branch_code_A11,subbranch_code_A10.690,9,node_7,node_10,False
branch_code_A11,subbranch_code_A10.755,3,node_7,node_1,False
branch_code_A11,subbranch_code_A11,1,node_7,node_7,True
branch_code_A11,subbranch_code_A11.031,1,node_7,node_8,False
branch_code_A11,subbranch_code_A11.047,1,node_7,node_9,False
branch_code_A11,subbranch_code_A11.063,6,node_7,node_10,False
branch_code_A11,subbranch_code_A11.066,4,node_7,node_1,False
branch_code_A11,subbranch_code_A11.118,51,node_7,node_2,False
branch_code_A11,subbranch_code_A11.148,20,node_7,node_3,False
branch_code_A11,subbranch_code_A11.251,43,node_7,node_4,False
branch_code_A11,subbranch_code_A11.270,1,node_7,node_5,False
branch_code_A11,subbranch_code_A11.284,259,node_7,node_6,False
branch_code_A11,subbranch_code_A11.299,2,node_7,node_7,True
branch_code_A11,subbranch_code_A11.329,41,node_7,node_8,False
branch_code_A11,subbranch_code_A11.382,24,node_7,node_9,False
branch_code_A11,subbranch_code_A11.409,6,node_7,node_10,False
branch_code_A11,subbranch_code_A11.436,62,node_7,node_1,False
branch_code_A11,subbranch_code_A11.443,10,node_7,node_2,False
branch_code_A11,subbranch_code_A11.450,1,node_7,node_3,False
branch_code_A11,subbranch_code_A11.497,17,node_7,node_4,False
branch_code_A11,subbranch_code_A11.500,3,node_7,node_5,False
branch_code_A11,subbranch_code_A11.561,1,node_7,node_6,False
branch_code_A11,subbranch_code_A11.600,1,node_7,node_7,True
branch_code_A11,subbranch_code_A11.620,10,node_7,node_8,False
branch_code_A11,subbranch_code_A11.627,25,node_7,node_9,False
branch_code_A11,subbranch_code_A11.642,1,node_7,node_10,False
branch_code_A11,subbranch_code_A11.650,13,node_7,node_1,False
branch_code_A11,subbranch_code_A11.671,90,node_7,node_2,False
branch_code_A11,subbranch_code_A11.690,1,node_7,node_3,False
branch_code_A11,subbranch_code_A11.700,1,node_7,node_4,False
branch_code_A11,subbranch_code_A11.710,1,node_7,node_5,False
branch_code_A11,subbranch_code_A11.733,15,node_7,node_6,False
branch_code_A11,subbranch_code_A11.750,1,node_7,node_7,True
branch_code_A11,subbranch_code_A11.760,1,node_7,node_8,False
branch_code_A11,subbranch_code_A11.789,1,node_7,node_9,False
branch_code_A11,subbranch_code_A11.828,1,node_7,node_10,False
branch_code_A11,subbranch_code_A11.868,1,node_7,node_1,False
branch_code_A11,subbranch_code_A11.870,9,node_7,node_2,False
branch_code_A11,subbranch_code_A11.872,42,node_7,node_3,False
branch_code_A11,subbranch_code_A11.900,1,node_7,node_4,False
branch_code_A11,subbranch_code_A12.207,2,node_7,node_8,False
branch_code_A11,subbranch_code_A13.750,1,node_7,node_9,False
branch_code_A11,subbranch_code_A14.549,1,node_7,node_3,False
branch_code_A11,subbranch_code_A15.145,47,node_7,node_7,True
branch_code_A11,subbranch_code_A15.378,16,node_7,node_8,False
branch_code_A11,subbranch_code_A15.382,55,node_7,node_9,False
branch_code_A11,subbranch_code_A16.094,1,node_7,node_1,False
branch_code_A11,subbranch_code_A16.254,2,node_7,node_6,False
branch_code_A11,subbranch_code_A16.504,1,node_7,node_10,False
branch_code_A11,subbranch_code_A16.690,2,node_7,node_2,False
branch_code_A11,subbranch_code_A16.710,2,node_7,node_3,False
branch_code_A11,subbranch_code_A16.950,1,node_7,node_9,False
branch_code_A11,subbranch_code_A18.005,1,node_7,node_6,False
branch_code_A11,subbranch_code_A18.024,3,node_7,node_7,True
branch_code_A11,subbranch_code_A19.311,2,node_7,node_3,False
branch_code_A11,subbranch_code_A19.374,1,node_7,node_4,False
branch_code_A11,subbranch_code_A20.374,1,node_7,node_1,False
branch_code_A11,subbranch_code_A20.484,1,node_7,node_2,False
branch_code_A11,subbranch_code_A20.812,2,node_7,node_4,False
branch_code_A11,subbranch_code_A20.843,1,node_7,node_5,False
branch_code_A11,subbranch_code_A20.859,1,node_7,node_6,False
branch_code_A11,subbranch_code_A20.867,1,node_7,node_7,True
branch_code_A11,subbranch_code_A20.871,1,node_7,node_8,False
branch_code_A11,subbranch_code_A20.873,1,node_7,node_9,False
branch_code_A11,subbranch_code_A20.874,1,node_7,node_10,False
branch_code_A11,subbranch_code_B03.110,1,node_7,node_2,False
branch_code_A11,subbranch_code_B05.110,1,node_7,node_8,False
branch_code_A11,subbranch_code_B05.500,5,node_7,node_5,False
branch_code_A11,subbranch_code_B05.775,9,node_7,node_10,False
branch_code_A11,subbranch_code_C04.697,1,node_7,node_5,False
branch_code_A11,subbranch_code_C04.834,1,node_7,node_8,False
branch_code_A11,subbranch_code_C12.050,1,node_7,node_8,False
branch_code_A11,subbranch_code_C12.100,1,node_7,node_9,False
branch_code_A11,subbranch_code_C23.149,1,node_7,node_10,False
branch_code_A11,subbranch_code_C23.550,5,node_7,node_2,False
branch_code_A11,subbranch_code_D05.500,2,node_7,node_10,False
branch_code_A11,subbranch_code_D05.750,1,node_7,node_1,False
branch_code_A11,subbranch_code_D08.811,1,node_7,node_1,False
branch_code_A11,subbranch_code_D09.400,1,node_7,node_7,True
branch_code_A11,subbranch_code_D12.776,9,node_7,node_5,False
branch_code_A11,subbranch_code_D25.130,1,node_7,node_1,False
branch_code_A11,subbranch_code_D27.720,1,node_7,node_1,False
branch_code_A11,subbranch_code_G04.144,1,node_7,node_1,False
branch_code_A11,subbranch_code_G05.113,1,node_7,node_4,False
branch_code_A11,subbranch_code_G05.360,67,node_7,node_6,False
branch_code_A11,subbranch_code_G05.365,4,node_7,node_7,True
branch_code_A11,subbranch_code_G06.920,2,node_7,node_4,False
branch_code_A11,subbranch_code_G07.345,5,node_7,node_9,False
branch_code_A11,subbranch_code_J01.637,1,node_7,node_7,True
branch_code_A12,subbranch_code_A02.835,1,node_8,node_2,False
branch_code_A12,subbranch_code_A05.360,1,node_8,node_8,True
branch_code_A12,subbranch_code_A06.300,1,node_8,node_2,False
branch_code_A12,subbranch_code_A07.541,1,node_8,node_6,False
branch_code_A12,subbranch_code_A09.246,1,node_8,node_8,True
branch_code_A12,subbranch_code_A09.371,1,node_8,node_9,False
branch_code_A12,subbranch_code_A10.082,1,node_8,node_4,False
branch_code_A12,subbranch_code_A10.615,1,node_8,node_9,False
branch_code_A12,subbranch_code_A11.284,2,node_8,node_6,False
branch_code_A12,subbranch_code_A12,1,node_8,node_5,False
branch_code_A12,subbranch_code_A12.098,1,node_8,node_6,False
branch_code_A12,subbranch_code_A12.200,23,node_8,node_7,False
branch_code_A12,subbranch_code_A12.207,29,node_8,node_8,True
branch_code_A12,subbranch_code_A12.383,5,node_8,node_9,False
branch_code_A12,subbranch_code_A12.459,3,node_8,node_10,False
branch_code_A12,subbranch_code_A12.519,1,node_8,node_1,False
branch_code_A12,subbranch_code_A12.580,1,node_8,node_2,False
branch_code_A12,subbranch_code_A12.790,8,node_8,node_3,False
branch_code_A12,subbranch_code_A12.895,1,node_8,node_4,False
branch_code_A12,subbranch_code_A15.145,6,node_8,node_7,False
branch_code_A12,subbranch_code_A15.382,2,node_8,node_9,False
branch_code_A12,subbranch_code_A16.378,4,node_8,node_8,True
branch_code_A12,subbranch_code_C06.405,1,node_8,node_7,False
branch_code_A12,subbranch_code_C23.550,1,node_8,node_2,False
branch_code_A12,subbranch_code_D12.776,4,node_8,node_5,False
branch_code_A12,subbranch_code_D20.215,2,node_8,node_8,True
branch_code_A12,subbranch_code_D20.888,1,node_8,node_1,False
branch_code_A12,subbranch_code_D23.946,1,node_8,node_8,True
branch_code_A12,subbranch_code_G03.500,1,node_8,node_4,False
branch_code_A12,subbranch_code_G07.203,8,node_8,node_4,False
branch_code_A12,subbranch_code_J02.200,6,node_8,node_5,False
branch_code_A12,subbranch_code_J02.350,3,node_8,node_6,False
branch_code_A12,subbranch_code_J02.500,8,node_8,node_7,False
branch_code_A13,subbranch_code_A05.360,1,node_9,node_8,False
branch_code_A13,subbranch_code_A08.186,1,node_9,node_8,False
branch_code_A13,subbranch_code_A08.340,1,node_9,node_9,True
branch_code_A13,subbranch_code_A08.675,1,node_9,node_3,False
branch_code_A13,subbranch_code_A08.713,1,node_9,node_4,False
branch_code_A13,subbranch_code_A08.800,1,node_9,node_5,False
branch_code_A13,subbranch_code_A09.371,1,node_9,node_9,True
branch_code_A13,subbranch_code_A10.336,1,node_9,node_7,False
branch_code_A13,subbranch_code_A10.549,1,node_9,node_8,False
branch_code_A13,subbranch_code_A10.615,1,node_9,node_9,True
branch_code_A13,subbranch_code_A11.671,1,node_9,node_2,False
branch_code_A13,subbranch_code_A13,1,node_9,node_5,False
branch_code_A13,subbranch_code_A13.048,1,node_9,node_6,False
branch_code_A13,subbranch_code_A13.073,1,node_9,node_7,False
branch_code_A13,subbranch_code_A13.075,1,node_9,node_8,False
branch_code_A13,subbranch_code_A13.078,1,node_9,node_9,True
branch_code_A13,subbranch_code_A13.079,1,node_9,node_10,False
branch_code_A13,subbranch_code_A13.080,1,node_9,node_1,False
branch_code_A13,subbranch_code_A13.093,2,node_9,node_2,False
branch_code_A13,subbranch_code_A13.114,1,node_9,node_3,False
branch_code_A13,subbranch_code_A13.163,1,node_9,node_4,False
branch_code_A13,subbranch_code_A13.223,1,node_9,node_5,False
branch_code_A13,subbranch_code_A13.242,1,node_9,node_6,False
branch_code_A13,subbranch_code_A13.246,1,node_9,node_7,False
branch_code_A13,subbranch_code_A13.250,1,node_9,node_8,False
branch_code_A13,subbranch_code_A13.265,1,node_9,node_9,True
branch_code_A13,subbranch_code_A13.316,1,node_9,node_10,False
branch_code_A13,subbranch_code_A13.332,1,node_9,node_1,False
branch_code_A13,subbranch_code_A13.350,3,node_9,node_2,False
branch_code_A13,subbranch_code_A13.365,1,node_9,node_3,False
branch_code_A13,subbranch_code_A13.370,1,node_9,node_4,False
branch_code_A13,subbranch_code_A13.395,3,node_9,node_5,False
branch_code_A13,subbranch_code_A13.408,1,node_9,node_6,False
branch_code_A13,subbranch_code_A13.421,1,node_9,node_7,False
branch_code_A13,subbranch_code_A13.433,1,node_9,node_8,False
branch_code_A13,subbranch_code_A13.445,1,node_9,node_9,True
branch_code_A13,subbranch_code_A13.449,1,node_9,node_10,False
branch_code_A13,subbranch_code_A13.453,1,node_9,node_1,False
branch_code_A13,subbranch_code_A13.463,1,node_9,node_2,False
branch_code_A13,subbranch_code_A13.468,1,node_9,node_3,False
branch_code_A13,subbranch_code_A13.473,3,node_9,node_4,False
branch_code_A13,subbranch_code_A13.491,1,node_9,node_5,False
branch_code_A13,subbranch_code_A13.507,2,node_9,node_6,False
branch_code_A13,subbranch_code_A13.518,1,node_9,node_7,False
branch_code_A13,subbranch_code_A13.530,1,node_9,node_8,False
branch_code_A13,subbranch_code_A13.564,1,node_9,node_9,True
branch_code_A13,subbranch_code_A13.574,1,node_9,node_10,False
branch_code_A13,subbranch_code_A13.589,1,node_9,node_1,False
branch_code_A13,subbranch_code_A13.600,1,node_9,node_2,False
branch_code_A13,subbranch_code_A13.641,1,node_9,node_3,False
branch_code_A13,subbranch_code_A13.655,1,node_9,node_4,False
branch_code_A13,subbranch_code_A13.660,1,node_9,node_5,False
branch_code_A13,subbranch_code_A13.686,1,node_9,node_6,False
branch_code_A13,subbranch_code_A13.706,2,node_9,node_7,False
branch_code_A13,subbranch_code_A13.734,1,node_9,node_8,False
branch_code_A13,subbranch_code_A13.750,1,node_9,node_9,True
branch_code_A13,subbranch_code_A13.811,1,node_9,node_10,False
branch_code_A13,subbranch_code_A13.820,1,node_9,node_1,False
branch_code_A13,subbranch_code_A13.853,3,node_9,node_2,False
branch_code_A13,subbranch_code_A13.869,5,node_9,node_3,False
branch_code_A13,subbranch_code_A13.895,1,node_9,node_4,False
branch_code_A13,subbranch_code_A13.939,1,node_9,node_5,False
branch_code_A13,subbranch_code_A13.950,1,node_9,node_6,False
branch_code_A13,subbranch_code_A13.970,1,node_9,node_7,False
branch_code_A13,subbranch_code_A15.382,1,node_9,node_9,True
branch_code_A13,subbranch_code_A16.178,1,node_9,node_4,False
branch_code_A13,subbranch_code_A16.331,3,node_9,node_7,False
branch_code_A13,subbranch_code_A16.835,1,node_9,node_5,False
branch_code_A13,subbranch_code_A17.100,1,node_9,node_1,False
branch_code_A13,subbranch_code_A17.360,2,node_9,node_2,False
branch_code_A14,subbranch_code_A01.456,4,node_10,node_6,False
branch_code_A14,subbranch_code_A02.633,9,node_10,node_10,True
branch_code_A14,subbranch_code_A02.835,12,node_10,node_2,False
branch_code_A14,subbranch_code_A03.556,14,node_10,node_6,False
branch_code_A14,subbranch_code_A04.623,9,node_10,node_3,False
branch_code_A14,subbranch_code_A08.675,1,node_10,node_3,False
branch_code_A14,subbranch_code_A08.800,1,node_10,node_5,False
branch_code_A14,subbranch_code_A09.846,1,node_10,node_1,False
branch_code_A14,subbranch_code_A10.336,7,node_10,node_7,False
branch_code_A14,subbranch_code_A10.549,2,node_10,node_8,False
branch_code_A14,subbranch_code_A10.615,1,node_10,node_9,False
branch_code_A14,subbranch_code_A11.671,1,node_10,node_2,False
branch_code_A14,subbranch_code_A14,1,node_10,node_8,False
branch_code_A14,subbranch_code_A14.194,1,node_10,node_9,False
branch_code_A14,subbranch_code_A14.363,1,node_10,node_10,True
branch_code_A14,subbranch_code_A14.521,11,node_10,node_1,False
branch_code_A14,subbranch_code_A14.530,4,node_10,node_2,False
branch_code_A14,subbranch_code_A14.549,56,node_10,node_3,False
branch_code_A14,subbranch_code_A14.724,9,node_10,node_4,False
branch_code_A14,subbranch_code_A14.907,2,node_10,node_5,False
branch_code_A14,subbranch_code_A15.382,2,node_10,node_9,False
branch_code_A14,subbranch_code_C07.793,3,node_10,node_8,False
branch_code_A15,subbranch_code_A03.556,1,node_1,node_6,False
branch_code_A15,subbranch_code_A04.623,2,node_1,node_3,False
branch_code_A15,subbranch_code_A06.224,1,node_1,node_1,True
branch_code_A15,subbranch_code_A06.390,1,node_1,node_3,False
branch_code_A15,subbranch_code_A07.521,1,node_1,node_5,False
branch_code_A15,subbranch_code_A08.186,1,node_1,node_8,False
branch_code_A15,subbranch_code_A10.272,1,node_1,node_6,False
branch_code_A15,subbranch_code_A10.549,12,node_1,node_8,False
branch_code_A15,subbranch_code_A10.615,1,node_1,node_9,False
branch_code_A15,subbranch_code_A11.063,6,node_1,node_10,False
branch_code_A15,subbranch_code_A11.066,4,node_1,node_1,True
branch_code_A15,subbranch_code_A11.118,47,node_1,node_2,False
branch_code_A15,subbranch_code_A11.148,16,node_1,node_3,False
branch_code_A15,subbranch_code_A11.251,2,node_1,node_4,False
branch_code_A15,subbranch_code_A11.284,4,node_1,node_6,False
branch_code_A15,subbranch_code_A11.329,11,node_1,node_8,False
branch_code_A15,subbranch_code_A11.382,1,node_1,node_9,False
branch_code_A15,subbranch_code_A11.436,3,node_1,node_1,True
branch_code_A15,subbranch_code_A11.443,8,node_1,node_2,False
branch_code_A15,subbranch_code_A11.500,2,node_1,node_5,False
branch_code_A15,subbranch_code_A11.627,20,node_1,node_9,False
branch_code_A15,subbranch_code_A11.733,14,node_1,node_6,False
branch_code_A15,subbranch_code_A11.872,9,node_1,node_3,False
branch_code_A15,subbranch_code_A12.207,8,node_1,node_8,False
branch_code_A15,subbranch_code_A13.163,1,node_1,node_4,False
branch_code_A15,subbranch_code_A14.724,2,node_1,node_4,False
branch_code_A15,subbranch_code_A15,1,node_1,node_6,False
branch_code_A15,subbranch_code_A15.145,54,node_1,node_7,False
branch_code_A15,subbranch_code_A15.378,17,node_1,node_8,False
branch_code_A15,subbranch_code_A15.382,76,node_1,node_9,False
branch_code_A15,subbranch_code_A16.378,1,node_1,node_8,False
branch_code_A15,subbranch_code_C23.300,1,node_1,node_1,True
branch_code_A16,subbranch_code_A05.360,5,node_2,node_8,False
branch_code_A16,subbranch_code_A07.015,3,node_2,node_6,False
branch_code_A16,subbranch_code_A07.541,4,node_2,node_6,False
branch_code_A16,subbranch_code_A08.186,1,node_2,node_8,False
branch_code_A16,subbranch_code_A10.272,1,node_2,node_6,False
branch_code_A16,subbranch_code_A10.615,7,node_2,node_9,False
branch_code_A16,subbranch_code_A11.284,1,node_2,node_6,False
branch_code_A16,subbranch_code_A11.382,2,node_2,node_9,False
branch_code_A16,subbranch_code_A11.497,3,node_2,node_4,False
branch_code_A16,subbranch_code_A11.710,1,node_2,node_5,False
branch_code_A16,subbranch_code_A11.872,1,node_2,node_3,False
branch_code_A16,subbranch_code_A12.098,1,node_2,node_6,False
branch_code_A16,subbranch_code_A12.200,1,node_2,node_7,False
branch_code_A16,subbranch_code_A12.207,1,node_2,node_8,False
branch_code_A16,subbranch_code_A12.459,1,node_2,node_10,False
branch_code_A16,subbranch_code_A13.223,1,node_2,node_5,False
branch_code_A16,subbranch_code_A13.350,3,node_2,node_2,True
branch_code_A16,subbranch_code_A13.449,1,node_2,node_10,False
branch_code_A16,subbranch_code_A15.145,1,node_2,node_7,False
branch_code_A16,subbranch_code_A16,1,node_2,node_10,False
branch_code_A16,subbranch_code_A16.094,1,node_2,node_1,False
branch_code_A16,subbranch_code_A16.142,1,node_2,node_2,True
branch_code_A16,subbranch_code_A16.166,1,node_2,node_3,False
branch_code_A16,subbranch_code_A16.178,1,node_2,node_4,False
branch_code_A16,subbranch_code_A16.216,1,node_2,node_5,False
branch_code_A16,subbranch_code_A16.254,12,node_2,node_6,False
branch_code_A16,subbranch_code_A16.331,7,node_2,node_7,False
branch_code_A16,subbranch_code_A16.378,13,node_2,node_8,False
branch_code_A16,subbranch_code_A16.441,1,node_2,node_9,False
branch_code_A16,subbranch_code_A16.504,6,node_2,node_10,False
branch_code_A16,subbranch_code_A16.535,1,node_2,node_1,False
branch_code_A16,subbranch_code_A16.551,1,node_2,node_2,True
branch_code_A16,subbranch_code_A16.567,1,node_2,node_3,False
branch_code_A16,subbranch_code_A16.599,1,node_2,node_4,False
branch_code_A16,subbranch_code_A16.615,1,node_2,node_5,False
branch_code_A16,subbranch_code_A16.623,1,node_2,node_6,False
branch_code_A16,subbranch_code_A16.627,1,node_2,node_7,False
branch_code_A16,subbranch_code_A16.629,1,node_2,node_8,False
branch_code_A16,subbranch_code_A16.630,1,node_2,node_9,False
branch_code_A16,subbranch_code_A16.660,1,node_2,node_10,False
branch_code_A16,subbranch_code_A16.675,1,node_2,node_1,False
branch_code_A16,subbranch_code_A16.690,4,node_2,node_2,True
branch_code_A16,subbranch_code_A16.710,6,node_2,node_3,False
branch_code_A16,subbranch_code_A16.830,1,node_2,node_4,False
branch_code_A16,subbranch_code_A16.835,2,node_2,node_5,False
branch_code_A16,subbranch_code_A16.890,1,node_2,node_6,False
branch_code_A16,subbranch_code_A16.920,1,node_2,node_7,False
branch_code_A16,subbranch_code_A16.935,1,node_2,node_8,False
branch_code_A16,subbranch_code_A16.950,1,node_2,node_9,False
branch_code_A16,subbranch_code_G07.203,1,node_2,node_4,False
branch_code_A16,subbranch_code_J02.500,1,node_2,node_7,False
branch_code_A17,subbranch_code_A01.456,2,node_3,node_6,False
branch_code_A17,subbranch_code_A09.371,1,node_3,node_9,False
branch_code_A17,subbranch_code_A10.272,2,node_3,node_6,False
branch_code_A17,subbranch_code_A10.336,4,node_3,node_7,False
branch_code_A17,subbranch_code_A13.078,1,node_3,node_9,False
branch_code_A17,subbranch_code_A13.079,1,node_3,node_10,False
branch_code_A17,subbranch_code_A13.970,1,node_3,node_7,False
branch_code_A17,subbranch_code_A17,1,node_3,node_10,False
branch_code_A17,subbranch_code_A17.100,1,node_3,node_1,False
branch_code_A17,subbranch_code_A17.360,6,node_3,node_2,False
branch_code_A17,subbranch_code_A17.600,1,node_3,node_3,True
branch_code_A17,subbranch_code_A17.815,9,node_3,node_4,False
branch_code_A18,subbranch_code_A11.284,2,node_4,node_6,False
branch_code_A18,subbranch_code_A11.497,1,node_4,node_4,True
branch_code_A18,subbranch_code_A11.600,1,node_4,node_7,False
branch_code_A18,subbranch_code_A18,1,node_4,node_5,False
branch_code_A18,subbranch_code_A18.005,1,node_4,node_6,False
branch_code_A18,subbranch_code_A18.024,28,node_4,node_7,False
branch_code_A18,subbranch_code_A18.400,8,node_4,node_8,False
branch_code_A18,subbranch_code_A18.450,4,node_4,node_9,False
branch_code_A18,subbranch_code_A18.550,2,node_4,node_10,False
branch_code_A18,subbranch_code_A18.560,1,node_4,node_1,False
branch_code_A18,subbranch_code_A19.690,1,node_4,node_7,False
branch_code_A18,subbranch_code_A19.800,1,node_4,node_8,False
branch_code_A18,subbranch_code_B01.300,1,node_4,node_3,False
branch_code_A18,subbranch_code_B01.650,2,node_4,node_9,False
branch_code_A18,subbranch_code_B05.550,1,node_4,node_7,False
branch_code_A18,subbranch_code_G05.360,1,node_4,node_6,False
branch_code_A18,subbranch_code_G07.203,4,node_4,node_4,True
branch_code_A18,subbranch_code_J01.637,1,node_4,node_7,False
branch_code_A18,subbranch_code_J02.500,4,node_4,node_7,False
branch_code_A19,subbranch_code_A11.284,2,node_5,node_6,False
branch_code_A19,subbranch_code_A11.870,1,node_5,node_2,False
branch_code_A19,subbranch_code_A18.400,1,node_5,node_8,False
branch_code_A19,subbranch_code_A18.560,1,node_5,node_1,False
branch_code_A19,subbranch_code_A19,1,node_5,node_2,False
branch_code_A19,subbranch_code_A19.311,2,node_5,node_3,False
branch_code_A19,subbranch_code_A19.374,2,node_5,node_4,False
branch_code_A19,subbranch_code_A19.530,1,node_5,node_5,True
branch_code_A19,subbranch_code_A19.687,2,node_5,node_6,False
branch_code_A19,subbranch_code_A19.690,1,node_5,node_7,False
branch_code_A19,subbranch_code_A19.800,1,node_5,node_8,False
branch_code_A19,subbranch_code_B01.300,1,node_5,node_3,False
branch_code_A19,subbranch_code_B05.550,1,node_5,node_7,False
branch_code_A19,subbranch_code_B05.775,1,node_5,node_10,False
branch_code_A19,subbranch_code_G05.360,2,node_5,node_6,False
branch_code_A20,subbranch_code_A11.284,10,node_6,node_6,True
branch_code_A20,subbranch_code_A20,1,node_6,node_9,False
branch_code_A20,subbranch_code_A20.186,1,node_6,node_10,False
branch_code_A20,subbranch_code_A20.374,1,node_6,node_1,False
branch_code_A20,subbranch_code_A20.484,1,node_6,node_2,False
branch_code_A20,subbranch_code_A20.593,2,node_6,node_3,False
branch_code_A20,subbranch_code_A20.812,2,node_6,node_4,False
branch_code_A20,subbranch_code_A20.843,1,node_6,node_5,False
branch_code_A20,subbranch_code_A20.859,1,node_6,node_6,True
branch_code_A20,subbranch_code_A20.867,1,node_6,node_7,False
branch_code_A20,subbranch_code_A20.871,1,node_6,node_8,False
branch_code_A20,subbranch_code_A20.873,1,node_6,node_9,False
branch_code_A20,subbranch_code_A20.874,1,node_6,node_10,False
branch_code_A20,subbranch_code_G05.360,2,node_6,node_6,True
branch_code_A20,subbranch_code_G06.120,2,node_6,node_2,False
branch_code_A21,subbranch_code_A21,1,node_7,node_1,False
branch_code_A21,subbranch_code_A21.063,1,node_7,node_2,False
branch_code_A21,subbranch_code_A21.125,1,node_7,node_3,False
branch_code_A21,subbranch_code_A21.249,4,node_7,node_4,False
branch_code_B01,subbranch_code_A18.024,1,node_8,node_7,False
branch_code_B01,subbranch_code_A18.400,1,node_8,node_8,True
branch_code_B01,subbranch_code_A18.550,1,node_8,node_10,False
branch_code_B01,subbranch_code_A19.690,1,node_8,node_7,False
branch_code_B01,subbranch_code_B01,1,node_8,node_5,False
branch_code_B01,subbranch_code_B01.043,61,node_8,node_6,False
branch_code_B01,subbranch_code_B01.046,27,node_8,node_7,False
branch_code_B01,subbranch_code_B01.050,836,node_8,node_8,True
branch_code_B01,subbranch_code_B01.175,1,node_8,node_9,False
branch_code_B01,subbranch_code_B01.206,1,node_8,node_10,False
branch_code_B01,subbranch_code_B01.237,3,node_8,node_1,False
branch_code_B01,subbranch_code_B01.268,27,node_8,node_2,False
branch_code_B01,subbranch_code_B01.300,214,node_8,node_3,False
branch_code_B01,subbranch_code_B01.350,2,node_8,node_4,False
branch_code_B01,subbranch_code_B01.400,1,node_8,node_5,False
branch_code_B01,subbranch_code_B01.500,2,node_8,node_6,False
branch_code_B01,subbranch_code_B01.625,1,node_8,node_7,False
branch_code_B01,subbranch_code_B01.630,8,node_8,node_8,True
branch_code_B01,subbranch_code_B01.650,14,node_8,node_9,False
branch_code_B01,subbranch_code_B01.675,1,node_8,node_10,False
branch_code_B01,subbranch_code_B01.680,5,node_8,node_1,False
branch_code_B01,subbranch_code_B01.715,7,node_8,node_2,False
branch_code_B01,subbranch_code_B01.750,21,node_8,node_3,False
branch_code_B01,subbranch_code_B01.875,1222,node_8,node_4,False
branch_code_B01,subbranch_code_B03.054,1,node_8,node_1,False
branch_code_B01,subbranch_code_B05.080,2,node_8,node_7,False
branch_code_B01,subbranch_code_B05.350,1,node_8,node_4,False
branch_code_B01,subbranch_code_B05.525,1,node_8,node_6,False
branch_code_B01,subbranch_code_B05.550,1,node_8,node_7,False
branch_code_B01,subbranch_code_B05.620,2,node_8,node_8,True
branch_code_B01,subbranch_code_G07.203,5,node_8,node_4,False
branch_code_B01,subbranch_code_G16.500,2,node_8,node_7,False
branch_code_B01,subbranch_code_J02.500,5,node_8,node_7,False
branch_code_B01,subbranch_code_N06.230,2,node_8,node_5,False
branch_code_B02,subbranch_code_B02,1,node_9,node_5,False
branch_code_B02,subbranch_code_B02.075,16,node_9,node_6,False
branch_code_B02,subbranch_code_B02.200,42,node_9,node_7,False
branch_code_B02,subbranch_code_B02.600,1,node_9,node_8,False
branch_code_B03,subbranch_code_A11.868,1,node_10,node_1,False
branch_code_B03,subbranch_code_B01.300,1,node_10,node_3,False
branch_code_B03,subbranch_code_B03,1,node_10,node_9,False
branch_code_B03,subbranch_code_B03.026,1,node_10,node_10,True
branch_code_B03,subbranch_code_B03.054,1,node_10,node_1,False
branch_code_B03,subbranch_code_B03.110,3,node_10,node_2,False
branch_code_B03,subbranch_code_B03.120,1,node_10,node_3,False
branch_code_B03,subbranch_code_B03.130,1,node_10,node_4,False
branch_code_B03,subbranch_code_B03.135,1,node_10,node_5,False
branch_code_B03,subbranch_code_B03.250,2,node_10,node_6,False
branch_code_B03,subbranch_code_B03.275,3,node_10,node_7,False
branch_code_B03,subbranch_code_B03.280,24,node_10,node_8,False
branch_code_B03,subbranch_code_B03.300,83,node_10,node_9,False
branch_code_B03,subbranch_code_B03.353,164,node_10,node_10,True
branch_code_B03,subbranch_code_B03.370,7,node_10,node_1,False
branch_code_B03,subbranch_code_B03.440,521,node_10,node_2,False
branch_code_B03,subbranch_code_B03.510,246,node_10,node_3,False
branch_code_B03,subbranch_code_B03.585,23,node_10,node_4,False
branch_code_B03,subbranch_code_B03.660,418,node_10,node_5,False
branch_code_B03,subbranch_code_B03.851,18,node_10,node_6,False
branch_code_B03,subbranch_code_B03.900,10,node_10,node_7,False
branch_code_B03,subbranch_code_B05.110,3,node_10,node_8,False
branch_code_B04,subbranch_code_B04,1,node_1,node_8,False
branch_code_B04,subbranch_code_B04.080,1,node_1,node_9,False
branch_code_B04,subbranch_code_B04.100,7,node_1,node_10,False
branch_code_B04,subbranch_code_B04.123,42,node_1,node_1,True
branch_code_B04,subbranch_code_B04.265,12,node_1,node_2,False
branch_code_B04,subbranch_code_B04.280,182,node_1,node_3,False
branch_code_B04,subbranch_code_B04.352,1,node_1,node_4,False
branch_code_B04,subbranch_code_B04.423,1,node_1,node_5,False
branch_code_B04,subbranch_code_B04.450,17,node_1,node_6,False
branch_code_B04,subbranch_code_B04.525,13,node_1,node_7,False
branch_code_B04,subbranch_code_B04.613,83,node_1,node_8,False
branch_code_B04,subbranch_code_B04.700,1,node_1,node_9,False
branch_code_B04,subbranch_code_B04.715,47,node_1,node_10,False
branch_code_B04,subbranch_code_B04.725,1,node_1,node_1,True
branch_code_B04,subbranch_code_B04.800,1,node_1,node_2,False
branch_code_B04,subbranch_code_B04.820,344,node_1,node_3,False
branch_code_B04,subbranch_code_B04.956,1,node_1,node_4,False
branch_code_B04,subbranch_code_B04.970,4,node_1,node_5,False
branch_code_B04,subbranch_code_G02.111,1,node_1,node_10,False
branch_code_B04,subbranch_code_G05.360,1,node_1,node_6,False
branch_code_B05,subbranch_code_A11.868,1,node_2,node_1,False
branch_code_B05,subbranch_code_A11.870,9,node_2,node_2,True
branch_code_B05,subbranch_code_A18.400,1,node_2,node_8,False
branch_code_B05,subbranch_code_A19.374,1,node_2,node_4,False
branch_code_B05,subbranch_code_A19.690,1,node_2,node_7,False
branch_code_B05,subbranch_code_B01.050,2,node_2,node_8,False
branch_code_B05,subbranch_code_B01.300,2,node_2,node_3,False
branch_code_B05,subbranch_code_B01.650,1,node_2,node_9,False
branch_code_B05,subbranch_code_B01.715,2,node_2,node_2,True
branch_code_B05,subbranch_code_B03.110,3,node_2,node_2,True
branch_code_B05,subbranch_code_B05,1,node_2,node_6,False
branch_code_B05,subbranch_code_B05.080,10,node_2,node_7,False
branch_code_B05,subbranch_code_B05.110,3,node_2,node_8,False
branch_code_B05,subbranch_code_B05.155,1,node_2,node_9,False
branch_code_B05,subbranch_code_B05.200,3,node_2,node_10,False
branch_code_B05,subbranch_code_B05.237,1,node_2,node_1,False
branch_code_B05,subbranch_code_B05.256,1,node_2,node_2,True
branch_code_B05,subbranch_code_B05.275,1,node_2,node_3,False
branch_code_B05,subbranch_code_B05.350,1,node_2,node_4,False
branch_code_B05,subbranch_code_B05.500,11,node_2,node_5,False
branch_code_B05,subbranch_code_B05.525,1,node_2,node_6,False
branch_code_B05,subbranch_code_B05.550,1,node_2,node_7,False
branch_code_B05,subbranch_code_B05.620,4,node_2,node_8,False
branch_code_B05,subbranch_code_B05.698,1,node_2,node_9,False
branch_code_B05,subbranch_code_B05.775,9,node_2,node_10,False
branch_code_B05,subbranch_code_G06.591,1,node_2,node_1,False
branch_code_B05,subbranch_code_G07.345,11,node_2,node_9,False
branch_code_B05,subbranch_code_G12.470,1,node_2,node_6,False
branch_code_B05,subbranch_code_G16.500,2,node_2,node_7,False
branch_code_B05,subbranch_code_N06.230,1,node_2,node_5,False
branch_code_C01,subbranch_code_C01,1,node_3,node_1,False
branch_code_C01,subbranch_code_C01.069,1,node_3,node_2,False
branch_code_C01,subbranch_code_C01.100,2,node_3,node_3,True
branch_code_C01,subbranch_code_C01.125,1,node_3,node_4,False
branch_code_C01,subbranch_code_C01.150,280,node_3,node_5,False
branch_code_C01,subbranch_code_C01.160,10,node_3,node_6,False
branch_code_C01,subbranch_code_C01.175,1,node_3,node_7,False
branch_code_C01,subbranch_code_C01.190,6,node_3,node_8,False
branch_code_C01,subbranch_code_C01.195,1,node_3,node_9,False
branch_code_C01,subbranch_code_C01.207,72,node_3,node_10,False
branch_code_C01,subbranch_code_C01.218,1,node_3,node_1,False
branch_code_C01,subbranch_code_C01.221,33,node_3,node_2,False
branch_code_C01,subbranch_code_C01.234,2,node_3,node_3,True
branch_code_C01,subbranch_code_C01.248,3,node_3,node_4,False
branch_code_C01,subbranch_code_C01.375,21,node_3,node_5,False
branch_code_C01,subbranch_code_C01.392,2,node_3,node_6,False
branch_code_C01,subbranch_code_C01.408,3,node_3,node_7,False
branch_code_C01,subbranch_code_C01.436,4,node_3,node_8,False
branch_code_C01,subbranch_code_C01.463,6,node_3,node_9,False
branch_code_C01,subbranch_code_C01.503,1,node_3,node_10,False
branch_code_C01,subbranch_code_C01.550,3,node_3,node_1,False
branch_code_C01,subbranch_code_C01.597,3,node_3,node_2,False
branch_code_C01,subbranch_code_C01.610,139,node_3,node_3,True
branch_code_C01,subbranch_code_C01.635,2,node_3,node_4,False
branch_code_C01,subbranch_code_C01.645,1,node_3,node_5,False
branch_code_C01,subbranch_code_C01.655,1,node_3,node_6,False
branch_code_C01,subbranch_code_C01.674,3,node_3,node_7,False
branch_code_C01,subbranch_code_C01.685,1,node_3,node_8,False
branch_code_C01,subbranch_code_C01.730,1,node_3,node_9,False
branch_code_C01,subbranch_code_C01.748,64,node_3,node_10,False
branch_code_C01,subbranch_code_C01.757,8,node_3,node_1,False
branch_code_C01,subbranch_code_C01.778,22,node_3,node_2,False
branch_code_C01,subbranch_code_C01.800,45,node_3,node_3,True
branch_code_C01,subbranch_code_C01.820,1,node_3,node_4,False
branch_code_C01,subbranch_code_C01.830,26,node_3,node_5,False
branch_code_C01,subbranch_code_C01.861,2,node_3,node_6,False
branch_code_C01,subbranch_code_C01.915,4,node_3,node_7,False
branch_code_C01,subbranch_code_C01.918,1,node_3,node_8,False
branch_code_C01,subbranch_code_C01.920,75,node_3,node_9,False
branch_code_C01,subbranch_code_C01.925,229,node_3,node_10,False
branch_code_C01,subbranch_code_C01.936,1,node_3,node_1,False
branch_code_C01,subbranch_code_C01.947,2,node_3,node_2,False
branch_code_C01,subbranch_code_C01.973,3,node_3,node_3,True
branch_code_C01,subbranch_code_C04.557,9,node_3,node_7,False
branch_code_C01,subbranch_code_C04.588,3,node_3,node_8,False
branch_code_C01,subbranch_code_C04.619,2,node_3,node_9,False
branch_code_C01,subbranch_code_C04.730,2,node_3,node_7,False
branch_code_C01,subbranch_code_C04.834,1,node_3,node_8,False
branch_code_C01,subbranch_code_C05.116,11,node_3,node_1,False
branch_code_C01,subbranch_code_C05.550,3,node_3,node_8,False
branch_code_C01,subbranch_code_C05.651,2,node_3,node_9,False
branch_code_C01,subbranch_code_C05.799,1,node_3,node_1,False
branch_code_C01,subbranch_code_C06.405,15,node_3,node_7,False
branch_code_C01,subbranch_code_C06.552,20,node_3,node_8,False
branch_code_C01,subbranch_code_C06.844,3,node_3,node_10,False
branch_code_C01,subbranch_code_C07.320,1,node_3,node_3,True
branch_code_C01,subbranch_code_C07.465,15,node_3,node_4,False
branch_code_C01,subbranch_code_C07.550,6,node_3,node_5,False
branch_code_C01,subbranch_code_C07.793,1,node_3,node_8,False
branch_code_C01,subbranch_code_C08.127,5,node_3,node_10,False
branch_code_C01,subbranch_code_C08.360,3,node_3,node_3,True
branch_code_C01,subbranch_code_C08.381,35,node_3,node_4,False
branch_code_C01,subbranch_code_C08.460,9,node_3,node_5,False
branch_code_C01,subbranch_code_C08.528,5,node_3,node_6,False
branch_code_C01,subbranch_code_C08.618,1,node_3,node_7,False
branch_code_C01,subbranch_code_C08.674,3,node_3,node_8,False
branch_code_C01,subbranch_code_C08.730,65,node_3,node_1,False
branch_code_C01,subbranch_code_C08.907,1,node_3,node_4,False
branch_code_C01,subbranch_code_C09.218,5,node_3,node_7,False
branch_code_C01,subbranch_code_C09.400,3,node_3,node_8,False
branch_code_C01,subbranch_code_C09.603,9,node_3,node_9,False
branch_code_C01,subbranch_code_C09.775,6,node_3,node_1,False
branch_code_C01,subbranch_code_C10.114,3,node_3,node_3,True
branch_code_C01,subbranch_code_C10.228,74,node_3,node_5,False
branch_code_C01,subbranch_code_C10.292,2,node_3,node_7,False
branch_code_C01,subbranch_code_C10.314,2,node_3,node_8,False
branch_code_C01,subbranch_code_C10.574,10,node_3,node_2,False
branch_code_C01,subbranch_code_C10.586,40,node_3,node_3,True
branch_code_C01,subbranch_code_C10.668,5,node_3,node_5,False
branch_code_C01,subbranch_code_C10.720,1,node_3,node_6,False
branch_code_C01,subbranch_code_C10.886,1,node_3,node_8,False
branch_code_C01,subbranch_code_C11.187,7,node_3,node_3,True
branch_code_C01,subbranch_code_C11.204,6,node_3,node_4,False
branch_code_C01,subbranch_code_C11.270,1,node_3,node_6,False
branch_code_C01,subbranch_code_C11.294,25,node_3,node_8,False
branch_code_C01,subbranch_code_C11.338,1,node_3,node_2,False
branch_code_C01,subbranch_code_C11.675,1,node_3,node_9,False
branch_code_C01,subbranch_code_C11.768,1,node_3,node_2,False
branch_code_C01,subbranch_code_C11.941,2,node_3,node_4,False
branch_code_C01,subbranch_code_C12.050,18,node_3,node_8,False
branch_code_C01,subbranch_code_C12.100,32,node_3,node_9,False
branch_code_C01,subbranch_code_C12.200,11,node_3,node_10,False
branch_code_C01,subbranch_code_C12.600,4,node_3,node_2,False
branch_code_C01,subbranch_code_C12.950,6,node_3,node_5,False
branch_code_C01,subbranch_code_C14.260,6,node_3,node_8,False
branch_code_C01,subbranch_code_C14.280,5,node_3,node_9,False
branch_code_C01,subbranch_code_C14.907,5,node_3,node_1,False
branch_code_C01,subbranch_code_C15.378,5,node_3,node_3,True
branch_code_C01,subbranch_code_C15.604,6,node_3,node_4,False
branch_code_C01,subbranch_code_C16.131,1,node_3,node_6,False
branch_code_C01,subbranch_code_C16.320,1,node_3,node_8,False
branch_code_C01,subbranch_code_C16.614,4,node_3,node_9,False
branch_code_C01,subbranch_code_C17.300,4,node_3,node_1,False
branch_code_C01,subbranch_code_C17.800,66,node_3,node_2,False
branch_code_C01,subbranch_code_C18.452,3,node_3,node_4,False
branch_code_C01,subbranch_code_C18.654,1,node_3,node_5,False
branch_code_C01,subbranch_code_C19.053,1,node_3,node_7,False
branch_code_C01,subbranch_code_C19.874,1,node_3,node_6,False
branch_code_C01,subbranch_code_C19.927,1,node_3,node_7,False
branch_code_C01,subbranch_code_C20.111,2,node_3,node_9,False
branch_code_C01,subbranch_code_C20.543,3,node_3,node_3,True
branch_code_C01,subbranch_code_C20.673,17,node_3,node_5,False
branch_code_C01,subbranch_code_C20.683,3,node_3,node_6,False
branch_code_C01,subbranch_code_C22.021,1,node_3,node_4,False
branch_code_C01,subbranch_code_C22.039,1,node_3,node_5,False
branch_code_C01,subbranch_code_C22.062,1,node_3,node_6,False
branch_code_C01,subbranch_code_C22.085,1,node_3,node_8,False
branch_code_C01,subbranch_code_C22.131,11,node_3,node_9,False
branch_code_C01,subbranch_code_C22.152,1,node_3,node_10,False
branch_code_C01,subbranch_code_C22.180,4,node_3,node_1,False
branch_code_C01,subbranch_code_C22.196,15,node_3,node_2,False
branch_code_C01,subbranch_code_C22.214,1,node_3,node_3,True
branch_code_C01,subbranch_code_C22.268,2,node_3,node_5,False
branch_code_C01,subbranch_code_C22.313,1,node_3,node_6,False
branch_code_C01,subbranch_code_C22.331,2,node_3,node_7,False
branch_code_C01,subbranch_code_C22.362,2,node_3,node_8,False
branch_code_C01,subbranch_code_C22.380,1,node_3,node_9,False
branch_code_C01,subbranch_code_C22.394,1,node_3,node_10,False
branch_code_C01,subbranch_code_C22.434,1,node_3,node_2,False
branch_code_C01,subbranch_code_C22.467,4,node_3,node_3,True
branch_code_C01,subbranch_code_C22.488,4,node_3,node_4,False
branch_code_C01,subbranch_code_C22.500,1,node_3,node_5,False
branch_code_C01,subbranch_code_C22.557,1,node_3,node_8,False
branch_code_C01,subbranch_code_C22.627,1,node_3,node_10,False
branch_code_C01,subbranch_code_C22.674,16,node_3,node_1,False
branch_code_C01,subbranch_code_C22.688,1,node_3,node_2,False
branch_code_C01,subbranch_code_C22.706,1,node_3,node_4,False
branch_code_C01,subbranch_code_C22.717,1,node_3,node_5,False
branch_code_C01,subbranch_code_C22.735,3,node_3,node_6,False
branch_code_C01,subbranch_code_C22.742,1,node_3,node_7,False
branch_code_C01,subbranch_code_C22.761,1,node_3,node_8,False
branch_code_C01,subbranch_code_C22.780,1,node_3,node_9,False
branch_code_C01,subbranch_code_C22.795,3,node_3,node_10,False
branch_code_C01,subbranch_code_C22.812,1,node_3,node_1,False
branch_code_C01,subbranch_code_C22.836,9,node_3,node_2,False
branch_code_C01,subbranch_code_C22.905,10,node_3,node_4,False
branch_code_C01,subbranch_code_C22.952,1,node_3,node_6,False
branch_code_C01,subbranch_code_C22.955,1,node_3,node_7,False
branch_code_C01,subbranch_code_C22.969,3,node_3,node_8,False
branch_code_C01,subbranch_code_C23.300,1,node_3,node_1,False
branch_code_C01,subbranch_code_C23.550,46,node_3,node_2,False
branch_code_C01,subbranch_code_C23.888,2,node_3,node_3,True
branch_code_C01,subbranch_code_C24.506,1,node_3,node_2,False
branch_code_C01,subbranch_code_C24.800,1,node_3,node_5,False
branch_code_C01,subbranch_code_C25.723,3,node_3,node_9,False
branch_code_C01,subbranch_code_F03.615,2,node_3,node_9,False
branch_code_C04,subbranch_code_A11.436,1,node_4,node_1,False
branch_code_C04,subbranch_code_A11.642,1,node_4,node_10,False
branch_code_C04,subbranch_code_C01.207,2,node_4,node_10,False
branch_code_C04,subbranch_code_C01.221,1,node_4,node_2,False
branch_code_C04,subbranch_code_C01.925,10,node_4,node_10,False
branch_code_C04,subbranch_code_C04,1,node_4,node_4,True
branch_code_C04,subbranch_code_C04.182,39,node_4,node_5,False
branch_code_C04,subbranch_code_C04.445,5,node_4,node_6,False
branch_code_C04,subbranch_code_C04.557,441,node_4,node_7,False
branch_code_C04,subbranch_code_C04.588,241,node_4,node_8,False
branch_code_C04,subbranch_code_C04.619,19,node_4,node_9,False
branch_code_C04,subbranch_code_C04.626,1,node_4,node_10,False
branch_code_C04,subbranch_code_C04.651,8,node_4,node_1,False
branch_code_C04,subbranch_code_C04.666,1,node_4,node_2,False
branch_code_C04,subbranch_code_C04.682,2,node_4,node_3,False
branch_code_C04,subbranch_code_C04.692,1,node_4,node_4,True
branch_code_C04,subbranch_code_C04.697,21,node_4,node_5,False
branch_code_C04,subbranch_code_C04.700,25,node_4,node_6,False
branch_code_C04,subbranch_code_C04.730,14,node_4,node_7,False
branch_code_C04,subbranch_code_C04.834,15,node_4,node_8,False
branch_code_C04,subbranch_code_C04.850,8,node_4,node_9,False
branch_code_C04,subbranch_code_C05.116,19,node_4,node_1,False
branch_code_C04,subbranch_code_C05.360,1,node_4,node_5,False
branch_code_C04,subbranch_code_C05.500,12,node_4,node_7,False
branch_code_C04,subbranch_code_C05.550,2,node_4,node_8,False
branch_code_C04,subbranch_code_C05.651,5,node_4,node_9,False
branch_code_C04,subbranch_code_C05.660,2,node_4,node_10,False
branch_code_C04,subbranch_code_C06.130,5,node_4,node_3,False
branch_code_C04,subbranch_code_C06.198,1,node_4,node_4,True
branch_code_C04,subbranch_code_C06.301,43,node_4,node_6,False
branch_code_C04,subbranch_code_C06.405,26,node_4,node_7,False
branch_code_C04,subbranch_code_C06.552,4,node_4,node_8,False
branch_code_C04,subbranch_code_C06.689,12,node_4,node_9,False
branch_code_C04,subbranch_code_C06.844,2,node_4,node_10,False
branch_code_C04,subbranch_code_C07.320,12,node_4,node_3,False
branch_code_C04,subbranch_code_C07.465,14,node_4,node_4,True
branch_code_C04,subbranch_code_C07.550,6,node_4,node_5,False
branch_code_C04,subbranch_code_C08.127,2,node_4,node_10,False
branch_code_C04,subbranch_code_C08.360,1,node_4,node_3,False
branch_code_C04,subbranch_code_C08.381,8,node_4,node_4,True
branch_code_C04,subbranch_code_C08.460,3,node_4,node_5,False
branch_code_C04,subbranch_code_C08.528,2,node_4,node_6,False
branch_code_C04,subbranch_code_C08.695,1,node_4,node_9,False
branch_code_C04,subbranch_code_C08.785,17,node_4,node_2,False
branch_code_C04,subbranch_code_C08.846,2,node_4,node_3,False
branch_code_C04,subbranch_code_C08.907,1,node_4,node_4,True
branch_code_C04,subbranch_code_C09.218,3,node_4,node_7,False
branch_code_C04,subbranch_code_C09.400,1,node_4,node_8,False
branch_code_C04,subbranch_code_C09.603,3,node_4,node_9,False
branch_code_C04,subbranch_code_C09.647,14,node_4,node_10,False
branch_code_C04,subbranch_code_C09.775,6,node_4,node_1,False
branch_code_C04,subbranch_code_C10.114,3,node_4,node_3,False
branch_code_C04,subbranch_code_C10.228,27,node_4,node_5,False
branch_code_C04,subbranch_code_C10.292,7,node_4,node_7,False
branch_code_C04,subbranch_code_C10.314,1,node_4,node_8,False
branch_code_C04,subbranch_code_C10.500,6,node_4,node_9,False
branch_code_C04,subbranch_code_C10.551,32,node_4,node_10,False
branch_code_C04,subbranch_code_C10.562,6,node_4,node_1,False
branch_code_C04,subbranch_code_C10.574,13,node_4,node_2,False
branch_code_C04,subbranch_code_C10.586,3,node_4,node_3,False
branch_code_C04,subbranch_code_C10.597,2,node_4,node_4,True
branch_code_C04,subbranch_code_C10.668,10,node_4,node_5,False
branch_code_C04,subbranch_code_C11.187,1,node_4,node_3,False
branch_code_C04,subbranch_code_C11.250,1,node_4,node_5,False
branch_code_C04,subbranch_code_C11.270,2,node_4,node_6,False
branch_code_C04,subbranch_code_C11.319,11,node_4,node_1,False
branch_code_C04,subbranch_code_C11.338,2,node_4,node_2,False
branch_code_C04,subbranch_code_C11.590,1,node_4,node_7,False
branch_code_C04,subbranch_code_C11.640,2,node_4,node_8,False
branch_code_C04,subbranch_code_C11.675,1,node_4,node_9,False
branch_code_C04,subbranch_code_C11.768,2,node_4,node_2,False
branch_code_C04,subbranch_code_C11.941,5,node_4,node_4,True
branch_code_C04,subbranch_code_C12.050,45,node_4,node_8,False
branch_code_C04,subbranch_code_C12.100,32,node_4,node_9,False
branch_code_C04,subbranch_code_C12.200,21,node_4,node_10,False
branch_code_C04,subbranch_code_C12.800,3,node_4,node_3,False
branch_code_C04,subbranch_code_C12.900,38,node_4,node_4,True
branch_code_C04,subbranch_code_C12.950,11,node_4,node_5,False
branch_code_C04,subbranch_code_C14.240,2,node_4,node_7,False
branch_code_C04,subbranch_code_C14.280,4,node_4,node_9,False
branch_code_C04,subbranch_code_C14.907,6,node_4,node_1,False
branch_code_C04,subbranch_code_C15.378,54,node_4,node_3,False
branch_code_C04,subbranch_code_C15.604,53,node_4,node_4,True
branch_code_C04,subbranch_code_C16.131,18,node_4,node_6,False
branch_code_C04,subbranch_code_C16.320,26,node_4,node_8,False
branch_code_C04,subbranch_code_C17.300,6,node_4,node_1,False
branch_code_C04,subbranch_code_C17.800,30,node_4,node_2,False
branch_code_C04,subbranch_code_C18.452,4,node_4,node_4,True
branch_code_C04,subbranch_code_C19.053,4,node_4,node_7,False
branch_code_C04,subbranch_code_C19.344,40,node_4,node_1,False
branch_code_C04,subbranch_code_C19.391,18,node_4,node_2,False
branch_code_C04,subbranch_code_C19.642,1,node_4,node_3,False
branch_code_C04,subbranch_code_C19.700,5,node_4,node_4,True
branch_code_C04,subbranch_code_C19.874,3,node_4,node_6,False
branch_code_C04,subbranch_code_C20.111,4,node_4,node_9,False
branch_code_C04,subbranch_code_C20.673,1,node_4,node_5,False
branch_code_C04,subbranch_code_C20.683,49,node_4,node_6,False
branch_code_C04,subbranch_code_C20.762,8,node_4,node_7,False
branch_code_C04,subbranch_code_C22.073,1,node_4,node_7,False
branch_code_C04,subbranch_code_C22.131,2,node_4,node_9,False
branch_code_C04,subbranch_code_C22.180,1,node_4,node_1,False
branch_code_C04,subbranch_code_C22.196,1,node_4,node_2,False
branch_code_C04,subbranch_code_C22.520,1,node_4,node_7,False
branch_code_C04,subbranch_code_C22.836,1,node_4,node_2,False
branch_code_C04,subbranch_code_C22.950,1,node_4,node_5,False
branch_code_C04,subbranch_code_C23.149,3,node_4,node_10,False
branch_code_C04,subbranch_code_C23.300,5,node_4,node_1,False
branch_code_C04,subbranch_code_C23.550,28,node_4,node_2,False
branch_code_C04,subbranch_code_C26.733,2,node_4,node_5,False
branch_code_C04,subbranch_code_E05.598,6,node_4,node_2,False
branch_code_C04,subbranch_code_G01.750,2,node_4,node_10,False
branch_code_C04,subbranch_code_G02.111,1,node_4,node_10,False
branch_code_C04,subbranch_code_G03.191,1,node_4,node_3,False
branch_code_C04,subbranch_code_G03.197,1,node_4,node_5,False
branch_code_C04,subbranch_code_G03.295,1,node_4,node_1,False
branch_code_C04,subbranch_code_G03.493,1,node_4,node_3,False
branch_code_C04,subbranch_code_G04.270,1,node_4,node_2,False
branch_code_C04,subbranch_code_G06.920,1,node_4,node_4,True
branch_code_C04,subbranch_code_G16.767,1,node_4,node_8,False
branch_code_C05,subbranch_code_C01.100,2,node_5,node_3,False
branch_code_C05,subbranch_code_C01.150,3,node_5,node_5,True
branch_code_C05,subbranch_code_C01.160,10,node_5,node_6,False
branch_code_C05,subbranch_code_C01.207,1,node_5,node_10,False
branch_code_C05,subbranch_code_C01.830,1,node_5,node_5,True
branch_code_C05,subbranch_code_C01.925,1,node_5,node_10,False
branch_code_C05,subbranch_code_C04.182,10,node_5,node_5,True
branch_code_C05,subbranch_code_C04.445,2,node_5,node_6,False
branch_code_C05,subbranch_code_C04.557,9,node_5,node_7,False
branch_code_C05,subbranch_code_C04.588,15,node_5,node_8,False
branch_code_C05,subbranch_code_C04.651,1,node_5,node_1,False
branch_code_C05,subbranch_code_C04.700,2,node_5,node_6,False
branch_code_C05,subbranch_code_C05,1,node_5,node_10,False
branch_code_C05,subbranch_code_C05.116,164,node_5,node_1,False
branch_code_C05,subbranch_code_C05.182,10,node_5,node_2,False
branch_code_C05,subbranch_code_C05.321,3,node_5,node_3,False
branch_code_C05,subbranch_code_C05.330,18,node_5,node_4,False
branch_code_C05,subbranch_code_C05.360,7,node_5,node_5,True
branch_code_C05,subbranch_code_C05.390,3,node_5,node_6,False
branch_code_C05,subbranch_code_C05.500,30,node_5,node_7,False
branch_code_C05,subbranch_code_C05.550,76,node_5,node_8,False
branch_code_C05,subbranch_code_C05.651,77,node_5,node_9,False
branch_code_C05,subbranch_code_C05.660,68,node_5,node_10,False
branch_code_C05,subbranch_code_C05.799,21,node_5,node_1,False
branch_code_C05,subbranch_code_C07.320,30,node_5,node_3,False
branch_code_C05,subbranch_code_C07.465,9,node_5,node_4,False
branch_code_C05,subbranch_code_C07.650,8,node_5,node_6,False
branch_code_C05,subbranch_code_C07.678,2,node_5,node_7,False
branch_code_C05,subbranch_code_C07.793,2,node_5,node_8,False
branch_code_C05,subbranch_code_C08.127,2,node_5,node_10,False
branch_code_C05,subbranch_code_C08.360,1,node_5,node_3,False
branch_code_C05,subbranch_code_C08.381,2,node_5,node_4,False
branch_code_C05,subbranch_code_C08.460,1,node_5,node_5,True
branch_code_C05,subbranch_code_C08.618,1,node_5,node_7,False
branch_code_C05,subbranch_code_C08.785,1,node_5,node_2,False
branch_code_C05,subbranch_code_C08.907,2,node_5,node_4,False
branch_code_C05,subbranch_code_C09.218,2,node_5,node_7,False
branch_code_C05,subbranch_code_C09.400,1,node_5,node_8,False
branch_code_C05,subbranch_code_C09.603,1,node_5,node_9,False
branch_code_C05,subbranch_code_C09.647,1,node_5,node_10,False
branch_code_C05,subbranch_code_C10.228,8,node_5,node_5,True
branch_code_C05,subbranch_code_C10.292,2,node_5,node_7,False
branch_code_C05,subbranch_code_C10.500,5,node_5,node_9,False
branch_code_C05,subbranch_code_C10.551,1,node_5,node_10,False
branch_code_C05,subbranch_code_C10.574,4,node_5,node_2,False
branch_code_C05,subbranch_code_C10.586,2,node_5,node_3,False
branch_code_C05,subbranch_code_C10.597,8,node_5,node_4,False
branch_code_C05,subbranch_code_C10.668,43,node_5,node_5,True
branch_code_C05,subbranch_code_C11.250,1,node_5,node_5,True
branch_code_C05,subbranch_code_C11.270,2,node_5,node_6,False
branch_code_C05,subbranch_code_C11.319,1,node_5,node_1,False
branch_code_C05,subbranch_code_C11.496,1,node_5,node_3,False
branch_code_C05,subbranch_code_C11.590,2,node_5,node_7,False
branch_code_C05,subbranch_code_C11.675,3,node_5,node_9,False
branch_code_C05,subbranch_code_C11.768,1,node_5,node_2,False
branch_code_C05,subbranch_code_C12.050,4,node_5,node_8,False
branch_code_C05,subbranch_code_C12.200,3,node_5,node_10,False
branch_code_C05,subbranch_code_C12.800,1,node_5,node_3,False
branch_code_C05,subbranch_code_C12.950,2,node_5,node_5,True
branch_code_C05,subbranch_code_C14.240,5,node_5,node_7,False
branch_code_C05,subbranch_code_C14.280,7,node_5,node_9,False
branch_code_C05,subbranch_code_C14.907,8,node_5,node_1,False
branch_code_C05,subbranch_code_C15.378,2,node_5,node_3,False
branch_code_C05,subbranch_code_C15.604,3,node_5,node_4,False
branch_code_C05,subbranch_code_C16.131,81,node_5,node_6,False
branch_code_C05,subbranch_code_C16.320,56,node_5,node_8,False
branch_code_C05,subbranch_code_C16.614,2,node_5,node_9,False
branch_code_C05,subbranch_code_C17.300,30,node_5,node_1,False
branch_code_C05,subbranch_code_C17.800,9,node_5,node_2,False
branch_code_C05,subbranch_code_C18.452,30,node_5,node_4,False
branch_code_C05,subbranch_code_C18.654,5,node_5,node_5,True
branch_code_C05,subbranch_code_C19.149,1,node_5,node_8,False
branch_code_C05,subbranch_code_C19.246,1,node_5,node_9,False
branch_code_C05,subbranch_code_C19.297,4,node_5,node_10,False
branch_code_C05,subbranch_code_C19.642,3,node_5,node_3,False
branch_code_C05,subbranch_code_C19.700,3,node_5,node_4,False
branch_code_C05,subbranch_code_C19.874,1,node_5,node_6,False
branch_code_C05,subbranch_code_C20.111,6,node_5,node_9,False
branch_code_C05,subbranch_code_C20.543,1,node_5,node_3,False
branch_code_C05,subbranch_code_C23.300,7,node_5,node_1,False
branch_code_C05,subbranch_code_C23.550,17,node_5,node_2,False
branch_code_C05,subbranch_code_C23.888,13,node_5,node_3,False
branch_code_C05,subbranch_code_C24.800,1,node_5,node_5,True
branch_code_C05,subbranch_code_C25.100,1,node_5,node_8,False
branch_code_C05,subbranch_code_C26.088,3,node_5,node_5,True
branch_code_C05,subbranch_code_C26.289,12,node_5,node_6,False
branch_code_C05,subbranch_code_C26.404,4,node_5,node_2,False
branch_code_C05,subbranch_code_C26.531,1,node_5,node_7,False
branch_code_C05,subbranch_code_C26.558,4,node_5,node_9,False
branch_code_C05,subbranch_code_C26.733,1,node_5,node_5,True
branch_code_C05,subbranch_code_C26.803,2,node_5,node_1,False
branch_code_C05,subbranch_code_C26.874,4,node_5,node_6,False
branch_code_C05,subbranch_code_E05.598,1,node_5,node_2,False
branch_code_C05,subbranch_code_F02.830,5,node_5,node_6,False
branch_code_C05,subbranch_code_G01.750,1,node_5,node_10,False
branch_code_C05,subbranch_code_G11.427,3,node_5,node_5,True
branch_code_C05,subbranch_code_G11.561,5,node_5,node_6,False
branch_code_C06,subbranch_code_A03.556,1,node_6,node_6,True
branch_code_C06,subbranch_code_A12.459,1,node_6,node_10,False
branch_code_C06,subbranch_code_C01.150,6,node_6,node_5,False
branch_code_C06,subbranch_code_C01.221,5,node_6,node_2,False
branch_code_C06,subbranch_code_C01.436,4,node_6,node_8,False
branch_code_C06,subbranch_code_C01.463,5,node_6,node_9,False
branch_code_C06,subbranch_code_C01.610,12,node_6,node_3,False
branch_code_C06,subbranch_code_C01.778,1,node_6,node_2,False
branch_code_C06,subbranch_code_C01.830,4,node_6,node_5,False
branch_code_C06,subbranch_code_C01.920,1,node_6,node_9,False
branch_code_C06,subbranch_code_C01.925,13,node_6,node_10,False
branch_code_C06,subbranch_code_C04.182,5,node_6,node_5,False
branch_code_C06,subbranch_code_C04.557,16,node_6,node_7,False
branch_code_C06,subbranch_code_C04.588,40,node_6,node_8,False
branch_code_C06,subbranch_code_C04.619,1,node_6,node_9,False
branch_code_C06,subbranch_code_C04.700,4,node_6,node_6,True
branch_code_C06,subbranch_code_C04.730,1,node_6,node_7,False
branch_code_C06,subbranch_code_C04.834,1,node_6,node_8,False
branch_code_C06,subbranch_code_C06,1,node_6,node_2,False
branch_code_C06,subbranch_code_C06.130,32,node_6,node_3,False
branch_code_C06,subbranch_code_C06.198,15,node_6,node_4,False
branch_code_C06,subbranch_code_C06.267,9,node_6,node_5,False
branch_code_C06,subbranch_code_C06.301,43,node_6,node_6,True
branch_code_C06,subbranch_code_C06.405,177,node_6,node_7,False
branch_code_C06,subbranch_code_C06.552,71,node_6,node_8,False
branch_code_C06,subbranch_code_C06.689,27,node_6,node_9,False
branch_code_C06,subbranch_code_C06.844,14,node_6,node_10,False
branch_code_C06,subbranch_code_C07.465,1,node_6,node_4,False
branch_code_C06,subbranch_code_C08.360,1,node_6,node_3,False
branch_code_C06,subbranch_code_C08.381,3,node_6,node_4,False
branch_code_C06,subbranch_code_C08.618,1,node_6,node_7,False
branch_code_C06,subbranch_code_C08.702,1,node_6,node_10,False
branch_code_C06,subbranch_code_C08.907,1,node_6,node_4,False
branch_code_C06,subbranch_code_C09.775,1,node_6,node_1,False
branch_code_C06,subbranch_code_C10.228,4,node_6,node_5,False
branch_code_C06,subbranch_code_C10.574,1,node_6,node_2,False
branch_code_C06,subbranch_code_C12.050,4,node_6,node_8,False
branch_code_C06,subbranch_code_C12.100,2,node_6,node_9,False
branch_code_C06,subbranch_code_C12.200,3,node_6,node_10,False
branch_code_C06,subbranch_code_C12.800,1,node_6,node_3,False
branch_code_C06,subbranch_code_C12.950,3,node_6,node_5,False
branch_code_C06,subbranch_code_C14.240,2,node_6,node_7,False
branch_code_C06,subbranch_code_C14.907,10,node_6,node_1,False
branch_code_C06,subbranch_code_C15.378,3,node_6,node_3,False
branch_code_C06,subbranch_code_C15.604,2,node_6,node_4,False
branch_code_C06,subbranch_code_C16.131,18,node_6,node_6,True
branch_code_C06,subbranch_code_C16.320,18,node_6,node_8,False
branch_code_C06,subbranch_code_C16.614,3,node_6,node_9,False
branch_code_C06,subbranch_code_C17.300,2,node_6,node_1,False
branch_code_C06,subbranch_code_C17.800,11,node_6,node_2,False
branch_code_C06,subbranch_code_C18.452,25,node_6,node_4,False
branch_code_C06,subbranch_code_C19.344,10,node_6,node_1,False
branch_code_C06,subbranch_code_C20.111,2,node_6,node_9,False
branch_code_C06,subbranch_code_C20.543,1,node_6,node_3,False
branch_code_C06,subbranch_code_C20.673,1,node_6,node_5,False
branch_code_C06,subbranch_code_C20.683,1,node_6,node_6,True
branch_code_C06,subbranch_code_C22.073,1,node_6,node_7,False
branch_code_C06,subbranch_code_C22.268,1,node_6,node_5,False
branch_code_C06,subbranch_code_C22.467,4,node_6,node_3,False
branch_code_C06,subbranch_code_C22.674,1,node_6,node_1,False
branch_code_C06,subbranch_code_C23.300,21,node_6,node_1,False
branch_code_C06,subbranch_code_C23.550,27,node_6,node_2,False
branch_code_C06,subbranch_code_C23.888,2,node_6,node_3,False
branch_code_C06,subbranch_code_C25.100,2,node_6,node_8,False
branch_code_C06,subbranch_code_C25.723,2,node_6,node_9,False
branch_code_C06,subbranch_code_C25.775,5,node_6,node_10,False
branch_code_C06,subbranch_code_C26.017,1,node_6,node_2,False
branch_code_C06,subbranch_code_C26.348,1,node_6,node_9,False
branch_code_C06,subbranch_code_C26.761,1,node_6,node_8,False
branch_code_C06,subbranch_code_E05.598,2,node_6,node_2,False
branch_code_C06,subbranch_code_F03.400,1,node_6,node_6,True
branch_code_C07,subbranch_code_A14.549,3,node_7,node_3,False
branch_code_C07,subbranch_code_C01.150,4,node_7,node_5,False
branch_code_C07,subbranch_code_C01.392,1,node_7,node_6,False
branch_code_C07,subbranch_code_C01.408,3,node_7,node_7,True
branch_code_C07,subbranch_code_C01.748,5,node_7,node_10,False
branch_code_C07,subbranch_code_C01.800,1,node_7,node_3,False
branch_code_C07,subbranch_code_C01.830,4,node_7,node_5,False
branch_code_C07,subbranch_code_C01.925,7,node_7,node_10,False
branch_code_C07,subbranch_code_C04.182,9,node_7,node_5,False
branch_code_C07,subbranch_code_C04.557,3,node_7,node_7,True
branch_code_C07,subbranch_code_C04.588,21,node_7,node_8,False
branch_code_C07,subbranch_code_C04.700,1,node_7,node_6,False
branch_code_C07,subbranch_code_C04.834,2,node_7,node_8,False
branch_code_C07,subbranch_code_C05.116,9,node_7,node_1,False
branch_code_C07,subbranch_code_C05.500,30,node_7,node_7,True
branch_code_C07,subbranch_code_C05.550,3,node_7,node_8,False
branch_code_C07,subbranch_code_C05.651,3,node_7,node_9,False
branch_code_C07,subbranch_code_C05.660,8,node_7,node_10,False
branch_code_C07,subbranch_code_C05.799,1,node_7,node_1,False
branch_code_C07,subbranch_code_C06.405,1,node_7,node_7,True
branch_code_C07,subbranch_code_C07,1,node_7,node_1,False
branch_code_C07,subbranch_code_C07.160,1,node_7,node_2,False
branch_code_C07,subbranch_code_C07.320,34,node_7,node_3,False
branch_code_C07,subbranch_code_C07.465,122,node_7,node_4,False
branch_code_C07,subbranch_code_C07.550,15,node_7,node_5,False
branch_code_C07,subbranch_code_C07.650,30,node_7,node_6,False
branch_code_C07,subbranch_code_C07.678,2,node_7,node_7,True
branch_code_C07,subbranch_code_C07.793,64,node_7,node_8,False
branch_code_C07,subbranch_code_C08.730,5,node_7,node_1,False
branch_code_C07,subbranch_code_C09.218,1,node_7,node_7,True
branch_code_C07,subbranch_code_C09.647,6,node_7,node_10,False
branch_code_C07,subbranch_code_C09.775,15,node_7,node_1,False
branch_code_C07,subbranch_code_C10.292,13,node_7,node_7,True
branch_code_C07,subbranch_code_C10.597,2,node_7,node_4,False
branch_code_C07,subbranch_code_C10.886,1,node_7,node_8,False
branch_code_C07,subbranch_code_C10.900,4,node_7,node_9,False
branch_code_C07,subbranch_code_C11.496,1,node_7,node_3,False
branch_code_C07,subbranch_code_C11.590,1,node_7,node_7,True
branch_code_C07,subbranch_code_C11.941,1,node_7,node_4,False
branch_code_C07,subbranch_code_C14.907,2,node_7,node_1,False
branch_code_C07,subbranch_code_C15.378,1,node_7,node_3,False
branch_code_C07,subbranch_code_C15.604,1,node_7,node_4,False
branch_code_C07,subbranch_code_C16.131,33,node_7,node_6,False
branch_code_C07,subbranch_code_C16.320,3,node_7,node_8,False
branch_code_C07,subbranch_code_C16.614,1,node_7,node_9,False
branch_code_C07,subbranch_code_C17.300,1,node_7,node_1,False
branch_code_C07,subbranch_code_C17.800,5,node_7,node_2,False
branch_code_C07,subbranch_code_C20.111,1,node_7,node_9,False
branch_code_C07,subbranch_code_C20.543,1,node_7,node_3,False
branch_code_C07,subbranch_code_C22.952,1,node_7,node_6,False
branch_code_C07,subbranch_code_C23.300,10,node_7,node_1,False
branch_code_C07,subbranch_code_C23.550,7,node_7,node_2,False
branch_code_C07,subbranch_code_C23.888,6,node_7,node_3,False
branch_code_C07,subbranch_code_C25.100,1,node_7,node_8,False
branch_code_C07,subbranch_code_C26.900,4,node_7,node_8,False
branch_code_C07,subbranch_code_C26.915,4,node_7,node_9,False
branch_code_C07,subbranch_code_F01.145,1,node_7,node_1,False
branch_code_C07,subbranch_code_F01.470,1,node_7,node_4,False
branch_code_C07,subbranch_code_F02.830,1,node_7,node_6,False
branch_code_C07,subbranch_code_F03.870,1,node_7,node_6,False
branch_code_C07,subbranch_code_G10.549,5,node_7,node_3,False
branch_code_C07,subbranch_code_G11.427,1,node_7,node_5,False
branch_code_C07,subbranch_code_G11.561,1,node_7,node_6,False
branch_code_C08,subbranch_code_C01.150,25,node_8,node_5,False
branch_code_C08,subbranch_code_C01.234,1,node_8,node_3,False
branch_code_C08,subbranch_code_C01.248,2,node_8,node_4,False
branch_code_C08,subbranch_code_C01.610,2,node_8,node_3,False
branch_code_C08,subbranch_code_C01.748,64,node_8,node_10,False
branch_code_C08,subbranch_code_C01.800,2,node_8,node_3,False
branch_code_C08,subbranch_code_C01.830,5,node_8,node_5,False
branch_code_C08,subbranch_code_C01.920,1,node_8,node_9,False
branch_code_C08,subbranch_code_C01.925,9,node_8,node_10,False
branch_code_C08,subbranch_code_C04.182,2,node_8,node_5,False
branch_code_C08,subbranch_code_C04.557,1,node_8,node_7,False
branch_code_C08,subbranch_code_C04.588,18,node_8,node_8,True
branch_code_C08,subbranch_code_C05.116,2,node_8,node_1,False
branch_code_C08,subbranch_code_C05.182,4,node_8,node_2,False
branch_code_C08,subbranch_code_C05.550,1,node_8,node_8,True
branch_code_C08,subbranch_code_C05.651,1,node_8,node_9,False
branch_code_C08,subbranch_code_C05.799,1,node_8,node_1,False
branch_code_C08,subbranch_code_C06.267,1,node_8,node_5,False
branch_code_C08,subbranch_code_C06.405,3,node_8,node_7,False
branch_code_C08,subbranch_code_C06.552,2,node_8,node_8,True
branch_code_C08,subbranch_code_C06.689,1,node_8,node_9,False
branch_code_C08,subbranch_code_C07.550,5,node_8,node_5,False
branch_code_C08,subbranch_code_C08,1,node_8,node_9,False
branch_code_C08,subbranch_code_C08.127,27,node_8,node_10,False
branch_code_C08,subbranch_code_C08.200,2,node_8,node_1,False
branch_code_C08,subbranch_code_C08.280,2,node_8,node_2,False
branch_code_C08,subbranch_code_C08.360,21,node_8,node_3,False
branch_code_C08,subbranch_code_C08.381,111,node_8,node_4,False
branch_code_C08,subbranch_code_C08.460,27,node_8,node_5,False
branch_code_C08,subbranch_code_C08.528,15,node_8,node_6,False
branch_code_C08,subbranch_code_C08.618,41,node_8,node_7,False
branch_code_C08,subbranch_code_C08.674,18,node_8,node_8,True
branch_code_C08,subbranch_code_C08.695,9,node_8,node_9,False
branch_code_C08,subbranch_code_C08.702,3,node_8,node_10,False
branch_code_C08,subbranch_code_C08.730,65,node_8,node_1,False
branch_code_C08,subbranch_code_C08.785,17,node_8,node_2,False
branch_code_C08,subbranch_code_C08.846,6,node_8,node_3,False
branch_code_C08,subbranch_code_C08.907,8,node_8,node_4,False
branch_code_C08,subbranch_code_C09.150,2,node_8,node_6,False
branch_code_C08,subbranch_code_C09.400,20,node_8,node_8,True
branch_code_C08,subbranch_code_C09.603,27,node_8,node_9,False
branch_code_C08,subbranch_code_C09.647,4,node_8,node_10,False
branch_code_C08,subbranch_code_C09.775,5,node_8,node_1,False
branch_code_C08,subbranch_code_C10.292,3,node_8,node_7,False
branch_code_C08,subbranch_code_C10.597,6,node_8,node_4,False
branch_code_C08,subbranch_code_C10.668,1,node_8,node_5,False
branch_code_C08,subbranch_code_C10.886,4,node_8,node_8,True
branch_code_C08,subbranch_code_C10.900,2,node_8,node_9,False
branch_code_C08,subbranch_code_C12.050,2,node_8,node_8,True
branch_code_C08,subbranch_code_C12.200,1,node_8,node_10,False
branch_code_C08,subbranch_code_C12.950,1,node_8,node_5,False
branch_code_C08,subbranch_code_C14.240,2,node_8,node_7,False
branch_code_C08,subbranch_code_C14.280,3,node_8,node_9,False
branch_code_C08,subbranch_code_C14.907,6,node_8,node_1,False
branch_code_C08,subbranch_code_C15.378,4,node_8,node_3,False
branch_code_C08,subbranch_code_C15.604,3,node_8,node_4,False
branch_code_C08,subbranch_code_C16.131,15,node_8,node_6,False
branch_code_C08,subbranch_code_C16.300,1,node_8,node_7,False
branch_code_C08,subbranch_code_C16.320,7,node_8,node_8,True
branch_code_C08,subbranch_code_C16.614,7,node_8,node_9,False
branch_code_C08,subbranch_code_C17.300,5,node_8,node_1,False
branch_code_C08,subbranch_code_C17.800,3,node_8,node_2,False
branch_code_C08,subbranch_code_C18.452,3,node_8,node_4,False
branch_code_C08,subbranch_code_C18.654,1,node_8,node_5,False
branch_code_C08,subbranch_code_C20.111,2,node_8,node_9,False
branch_code_C08,subbranch_code_C20.452,1,node_8,node_2,False
branch_code_C08,subbranch_code_C20.543,19,node_8,node_3,False
branch_code_C08,subbranch_code_C20.920,1,node_8,node_9,False
branch_code_C08,subbranch_code_C22.196,3,node_8,node_2,False
branch_code_C08,subbranch_code_C22.905,1,node_8,node_4,False
branch_code_C08,subbranch_code_C23.300,4,node_8,node_1,False
branch_code_C08,subbranch_code_C23.550,22,node_8,node_2,False
branch_code_C08,subbranch_code_C23.888,22,node_8,node_3,False
branch_code_C08,subbranch_code_C24.080,2,node_8,node_5,False
branch_code_C08,subbranch_code_C24.102,1,node_8,node_6,False
branch_code_C08,subbranch_code_C24.125,1,node_8,node_7,False
branch_code_C08,subbranch_code_C24.800,9,node_8,node_5,False
branch_code_C08,subbranch_code_C25.100,1,node_8,node_8,True
branch_code_C08,subbranch_code_C26.670,1,node_8,node_2,False
branch_code_C08,subbranch_code_C26.733,1,node_8,node_5,False
branch_code_C08,subbranch_code_C26.891,1,node_8,node_7,False
branch_code_C08,subbranch_code_C26.915,2,node_8,node_9,False
branch_code_C08,subbranch_code_G01.750,1,node_8,node_10,False
branch_code_C09,subbranch_code_C01.150,5,node_9,node_5,False
branch_code_C09,subbranch_code_C01.160,2,node_9,node_6,False
branch_code_C09,subbranch_code_C01.748,17,node_9,node_10,False
branch_code_C09,subbranch_code_C01.800,1,node_9,node_3,False
branch_code_C09,subbranch_code_C01.830,3,node_9,node_5,False
branch_code_C09,subbranch_code_C01.925,1,node_9,node_10,False
branch_code_C09,subbranch_code_C04.557,3,node_9,node_7,False
branch_code_C09,subbranch_code_C04.588,13,node_9,node_8,False
branch_code_C09,subbranch_code_C04.700,1,node_9,node_6,False
branch_code_C09,subbranch_code_C05.116,3,node_9,node_1,False
branch_code_C09,subbranch_code_C05.182,1,node_9,node_2,False
branch_code_C09,subbranch_code_C06.405,1,node_9,node_7,False
branch_code_C09,subbranch_code_C07.465,2,node_9,node_4,False
branch_code_C09,subbranch_code_C07.550,15,node_9,node_5,False
branch_code_C09,subbranch_code_C07.650,1,node_9,node_6,False
branch_code_C09,subbranch_code_C08.127,1,node_9,node_10,False
branch_code_C09,subbranch_code_C08.200,2,node_9,node_1,False
branch_code_C09,subbranch_code_C08.280,1,node_9,node_2,False
branch_code_C09,subbranch_code_C08.360,20,node_9,node_3,False
branch_code_C09,subbranch_code_C08.460,27,node_9,node_5,False
branch_code_C09,subbranch_code_C08.618,5,node_9,node_7,False
branch_code_C09,subbranch_code_C08.674,5,node_9,node_8,False
branch_code_C09,subbranch_code_C08.695,3,node_9,node_9,True
branch_code_C09,subbranch_code_C08.730,17,node_9,node_1,False
branch_code_C09,subbranch_code_C08.785,4,node_9,node_2,False
branch_code_C09,subbranch_code_C09,1,node_9,node_5,False
branch_code_C09,subbranch_code_C09.150,2,node_9,node_6,False
branch_code_C09,subbranch_code_C09.218,64,node_9,node_7,False
branch_code_C09,subbranch_code_C09.400,20,node_9,node_8,False
branch_code_C09,subbranch_code_C09.603,27,node_9,node_9,True
branch_code_C09,subbranch_code_C09.647,14,node_9,node_10,False
branch_code_C09,subbranch_code_C09.775,16,node_9,node_1,False
branch_code_C09,subbranch_code_C10.228,5,node_9,node_5,False
branch_code_C09,subbranch_code_C10.292,10,node_9,node_7,False
branch_code_C09,subbranch_code_C10.562,1,node_9,node_1,False
branch_code_C09,subbranch_code_C10.574,2,node_9,node_2,False
branch_code_C09,subbranch_code_C10.597,31,node_9,node_4,False
branch_code_C09,subbranch_code_C10.900,3,node_9,node_9,True
branch_code_C09,subbranch_code_C11.270,2,node_9,node_6,False
branch_code_C09,subbranch_code_C11.640,1,node_9,node_8,False
branch_code_C09,subbranch_code_C11.768,2,node_9,node_2,False
branch_code_C09,subbranch_code_C11.966,5,node_9,node_5,False
branch_code_C09,subbranch_code_C12.050,1,node_9,node_8,False
branch_code_C09,subbranch_code_C12.200,1,node_9,node_10,False
branch_code_C09,subbranch_code_C12.950,1,node_9,node_5,False
branch_code_C09,subbranch_code_C14.240,1,node_9,node_7,False
branch_code_C09,subbranch_code_C14.280,1,node_9,node_9,True
branch_code_C09,subbranch_code_C14.907,2,node_9,node_1,False
branch_code_C09,subbranch_code_C16.131,12,node_9,node_6,False
branch_code_C09,subbranch_code_C16.320,6,node_9,node_8,False
branch_code_C09,subbranch_code_C17.300,1,node_9,node_1,False
branch_code_C09,subbranch_code_C17.800,2,node_9,node_2,False
branch_code_C09,subbranch_code_C18.452,1,node_9,node_4,False
branch_code_C09,subbranch_code_C19.246,1,node_9,node_9,True
branch_code_C09,subbranch_code_C19.700,1,node_9,node_4,False
branch_code_C09,subbranch_code_C20.111,1,node_9,node_9,True
branch_code_C09,subbranch_code_C20.543,5,node_9,node_3,False
branch_code_C09,subbranch_code_C23.300,2,node_9,node_1,False
branch_code_C09,subbranch_code_C23.550,3,node_9,node_2,False
branch_code_C09,subbranch_code_C23.888,33,node_9,node_3,False
branch_code_C09,subbranch_code_C25.100,1,node_9,node_8,False
branch_code_C09,subbranch_code_C26.670,1,node_9,node_2,False
branch_code_C09,subbranch_code_C26.733,1,node_9,node_5,False
branch_code_C09,subbranch_code_C26.915,3,node_9,node_9,True
branch_code_C09,subbranch_code_C26.930,1,node_9,node_10,False
branch_code_C09,subbranch_code_F01.145,1,node_9,node_1,False
branch_code_C09,subbranch_code_F01.700,1,node_9,node_10,False
branch_code_C09,subbranch_code_F02.830,1,node_9,node_6,False
branch_code_C09,subbranch_code_F03.615,1,node_9,node_9,True
branch_code_C09,subbranch_code_G01.750,1,node_9,node_10,False
branch_code_C09,subbranch_code_G11.561,1,node_9,node_6,False
branch_code_C10,subbranch_code_C01.150,20,node_10,node_5,False
branch_code_C10,subbranch_code_C01.207,72,node_10,node_10,True
branch_code_C10,subbranch_code_C01.221,2,node_10,node_2,False
branch_code_C10,subbranch_code_C01.610,8,node_10,node_3,False
branch_code_C10,subbranch_code_C01.778,2,node_10,node_2,False
branch_code_C10,subbranch_code_C01.830,5,node_10,node_5,False
branch_code_C10,subbranch_code_C01.920,13,node_10,node_9,False
branch_code_C10,subbranch_code_C01.925,27,node_10,node_10,True
branch_code_C10,subbranch_code_C04.182,3,node_10,node_5,False
branch_code_C10,subbranch_code_C04.445,2,node_10,node_6,False
branch_code_C10,subbranch_code_C04.557,23,node_10,node_7,False
branch_code_C10,subbranch_code_C04.588,43,node_10,node_8,False
branch_code_C10,subbranch_code_C04.651,1,node_10,node_1,False
branch_code_C10,subbranch_code_C04.700,5,node_10,node_6,False
branch_code_C10,subbranch_code_C04.730,9,node_10,node_7,False
branch_code_C10,subbranch_code_C05.116,5,node_10,node_1,False
branch_code_C10,subbranch_code_C05.360,1,node_10,node_5,False
branch_code_C10,subbranch_code_C05.550,1,node_10,node_8,False
branch_code_C10,subbranch_code_C05.651,47,node_10,node_9,False
branch_code_C10,subbranch_code_C05.660,7,node_10,node_10,True
branch_code_C10,subbranch_code_C05.799,1,node_10,node_1,False
branch_code_C10,subbranch_code_C06.552,4,node_10,node_8,False
branch_code_C10,subbranch_code_C07.465,15,node_10,node_4,False
branch_code_C10,subbranch_code_C07.793,1,node_10,node_8,False
branch_code_C10,subbranch_code_C08.360,7,node_10,node_3,False
branch_code_C10,subbranch_code_C08.618,7,node_10,node_7,False
branch_code_C10,subbranch_code_C09.218,34,node_10,node_7,False
branch_code_C10,subbranch_code_C09.400,7,node_10,node_8,False
branch_code_C10,subbranch_code_C09.647,2,node_10,node_10,True
branch_code_C10,subbranch_code_C10,1,node_10,node_2,False
branch_code_C10,subbranch_code_C10.114,29,node_10,node_3,False
branch_code_C10,subbranch_code_C10.177,20,node_10,node_4,False
branch_code_C10,subbranch_code_C10.228,413,node_10,node_5,False
branch_code_C10,subbranch_code_C10.281,4,node_10,node_6,False
branch_code_C10,subbranch_code_C10.292,76,node_10,node_7,False
branch_code_C10,subbranch_code_C10.314,27,node_10,node_8,False
branch_code_C10,subbranch_code_C10.500,55,node_10,node_9,False
branch_code_C10,subbranch_code_C10.551,33,node_10,node_10,True
branch_code_C10,subbranch_code_C10.562,9,node_10,node_1,False
branch_code_C10,subbranch_code_C10.574,78,node_10,node_2,False
branch_code_C10,subbranch_code_C10.586,47,node_10,node_3,False
branch_code_C10,subbranch_code_C10.597,215,node_10,node_4,False
branch_code_C10,subbranch_code_C10.668,125,node_10,node_5,False
branch_code_C10,subbranch_code_C10.720,20,node_10,node_6,False
branch_code_C10,subbranch_code_C10.803,1,node_10,node_7,False
branch_code_C10,subbranch_code_C10.886,29,node_10,node_8,False
branch_code_C10,subbranch_code_C10.900,76,node_10,node_9,False
branch_code_C10,subbranch_code_C11.180,1,node_10,node_2,False
branch_code_C10,subbranch_code_C11.204,2,node_10,node_4,False
branch_code_C10,subbranch_code_C11.250,1,node_10,node_5,False
branch_code_C10,subbranch_code_C11.270,13,node_10,node_6,False
branch_code_C10,subbranch_code_C11.297,3,node_10,node_9,False
branch_code_C10,subbranch_code_C11.590,21,node_10,node_7,False
branch_code_C10,subbranch_code_C11.640,16,node_10,node_8,False
branch_code_C10,subbranch_code_C11.675,1,node_10,node_9,False
branch_code_C10,subbranch_code_C11.710,6,node_10,node_10,True
branch_code_C10,subbranch_code_C11.768,4,node_10,node_2,False
branch_code_C10,subbranch_code_C11.941,2,node_10,node_4,False
branch_code_C10,subbranch_code_C11.966,16,node_10,node_5,False
branch_code_C10,subbranch_code_C12.050,8,node_10,node_8,False
branch_code_C10,subbranch_code_C12.100,2,node_10,node_9,False
branch_code_C10,subbranch_code_C12.200,6,node_10,node_10,True
branch_code_C10,subbranch_code_C12.800,1,node_10,node_3,False
branch_code_C10,subbranch_code_C12.900,1,node_10,node_4,False
branch_code_C10,subbranch_code_C12.950,6,node_10,node_5,False
branch_code_C10,subbranch_code_C14.240,8,node_10,node_7,False
branch_code_C10,subbranch_code_C14.280,6,node_10,node_9,False
branch_code_C10,subbranch_code_C14.907,97,node_10,node_1,False
branch_code_C10,subbranch_code_C15.378,7,node_10,node_3,False
branch_code_C10,subbranch_code_C15.604,5,node_10,node_4,False
branch_code_C10,subbranch_code_C16.131,83,node_10,node_6,False
branch_code_C10,subbranch_code_C16.320,143,node_10,node_8,False
branch_code_C10,subbranch_code_C16.614,7,node_10,node_9,False
branch_code_C10,subbranch_code_C17.300,4,node_10,node_1,False
branch_code_C10,subbranch_code_C17.800,7,node_10,node_2,False
branch_code_C10,subbranch_code_C18.452,95,node_10,node_4,False
branch_code_C10,subbranch_code_C18.654,4,node_10,node_5,False
branch_code_C10,subbranch_code_C19.053,2,node_10,node_7,False
branch_code_C10,subbranch_code_C19.246,2,node_10,node_9,False
branch_code_C10,subbranch_code_C19.297,1,node_10,node_10,True
branch_code_C10,subbranch_code_C19.344,5,node_10,node_1,False
branch_code_C10,subbranch_code_C19.391,1,node_10,node_2,False
branch_code_C10,subbranch_code_C19.700,18,node_10,node_4,False
branch_code_C10,subbranch_code_C20.111,29,node_10,node_9,False
branch_code_C10,subbranch_code_C20.306,1,node_10,node_10,True
branch_code_C10,subbranch_code_C20.673,3,node_10,node_5,False
branch_code_C10,subbranch_code_C20.683,2,node_10,node_6,False
branch_code_C10,subbranch_code_C22.196,1,node_10,node_2,False
branch_code_C10,subbranch_code_C22.742,1,node_10,node_7,False
branch_code_C10,subbranch_code_C22.836,1,node_10,node_2,False
branch_code_C10,subbranch_code_C22.955,1,node_10,node_7,False
branch_code_C10,subbranch_code_C23.300,7,node_10,node_1,False
branch_code_C10,subbranch_code_C23.550,47,node_10,node_2,False
branch_code_C10,subbranch_code_C23.888,201,node_10,node_3,False
branch_code_C10,subbranch_code_C24.400,1,node_10,node_9,False
branch_code_C10,subbranch_code_C24.410,1,node_10,node_10,True
branch_code_C10,subbranch_code_C24.900,1,node_10,node_6,False
branch_code_C10,subbranch_code_C25.100,4,node_10,node_8,False
branch_code_C10,subbranch_code_C25.723,19,node_10,node_9,False
branch_code_C10,subbranch_code_C25.775,7,node_10,node_10,True
branch_code_C10,subbranch_code_C26.141,1,node_10,node_10,True
branch_code_C10,subbranch_code_C26.200,1,node_10,node_2,False
branch_code_C10,subbranch_code_C26.224,1,node_10,node_4,False
branch_code_C10,subbranch_code_C26.392,1,node_10,node_1,False
branch_code_C10,subbranch_code_C26.404,8,node_10,node_2,False
branch_code_C10,subbranch_code_C26.558,1,node_10,node_9,False
branch_code_C10,subbranch_code_C26.733,3,node_10,node_5,False
branch_code_C10,subbranch_code_C26.819,3,node_10,node_3,False
branch_code_C10,subbranch_code_C26.844,3,node_10,node_4,False
branch_code_C10,subbranch_code_C26.915,71,node_10,node_9,False
branch_code_C10,subbranch_code_C26.974,5,node_10,node_3,False
branch_code_C10,subbranch_code_C26.986,2,node_10,node_4,False
branch_code_C10,subbranch_code_E01.370,1,node_10,node_10,True
branch_code_C10,subbranch_code_E05.598,4,node_10,node_2,False
branch_code_C10,subbranch_code_F01.145,3,node_10,node_1,False
branch_code_C10,subbranch_code_F01.700,34,node_10,node_10,True
branch_code_C10,subbranch_code_F02.463,1,node_10,node_8,False
branch_code_C10,subbranch_code_F02.830,3,node_10,node_6,False
branch_code_C10,subbranch_code_F03.600,1,node_10,node_7,False
branch_code_C10,subbranch_code_F03.615,27,node_10,node_9,False
branch_code_C10,subbranch_code_F03.625,12,node_10,node_10,True
branch_code_C10,subbranch_code_F03.870,23,node_10,node_6,False
branch_code_C10,subbranch_code_F03.900,4,node_10,node_8,False
branch_code_C10,subbranch_code_G01.750,3,node_10,node_10,True
branch_code_C10,subbranch_code_G11.561,3,node_10,node_6,False
branch_code_C10,subbranch_code_I03.883,1,node_10,node_5,False
branch_code_C10,subbranch_code_N06.850,1,node_10,node_6,False
branch_code_C11,subbranch_code_C01.150,11,node_1,node_5,False
branch_code_C11,subbranch_code_C01.160,1,node_1,node_6,False
branch_code_C11,subbranch_code_C01.375,21,node_1,node_5,False
branch_code_C11,subbranch_code_C01.610,4,node_1,node_3,False
branch_code_C11,subbranch_code_C01.830,1,node_1,node_5,False
branch_code_C11,subbranch_code_C01.920,1,node_1,node_9,False
branch_code_C11,subbranch_code_C01.925,8,node_1,node_10,False
branch_code_C11,subbranch_code_C04.182,1,node_1,node_5,False
branch_code_C11,subbranch_code_C04.557,4,node_1,node_7,False
branch_code_C11,subbranch_code_C04.588,15,node_1,node_8,False
branch_code_C11,subbranch_code_C04.700,1,node_1,node_6,False
branch_code_C11,subbranch_code_C04.730,2,node_1,node_7,False
branch_code_C11,subbranch_code_C05.116,5,node_1,node_1,True
branch_code_C11,subbranch_code_C05.550,1,node_1,node_8,False
branch_code_C11,subbranch_code_C05.651,3,node_1,node_9,False
branch_code_C11,subbranch_code_C05.660,2,node_1,node_10,False
branch_code_C11,subbranch_code_C05.799,1,node_1,node_1,True
branch_code_C11,subbranch_code_C07.465,3,node_1,node_4,False
branch_code_C11,subbranch_code_C09.218,5,node_1,node_7,False
branch_code_C11,subbranch_code_C10.114,4,node_1,node_3,False
branch_code_C11,subbranch_code_C10.177,2,node_1,node_4,False
branch_code_C11,subbranch_code_C10.228,10,node_1,node_5,False
branch_code_C11,subbranch_code_C10.292,38,node_1,node_7,False
branch_code_C11,subbranch_code_C10.314,3,node_1,node_8,False
branch_code_C11,subbranch_code_C10.500,6,node_1,node_9,False
branch_code_C11,subbranch_code_C10.551,2,node_1,node_10,False
branch_code_C11,subbranch_code_C10.574,7,node_1,node_2,False
branch_code_C11,subbranch_code_C10.597,28,node_1,node_4,False
branch_code_C11,subbranch_code_C10.668,5,node_1,node_5,False
branch_code_C11,subbranch_code_C10.900,7,node_1,node_9,False
branch_code_C11,subbranch_code_C11,1,node_1,node_10,False
branch_code_C11,subbranch_code_C11.093,1,node_1,node_1,True
branch_code_C11,subbranch_code_C11.180,1,node_1,node_2,False
branch_code_C11,subbranch_code_C11.187,17,node_1,node_3,False
branch_code_C11,subbranch_code_C11.204,24,node_1,node_4,False
branch_code_C11,subbranch_code_C11.250,16,node_1,node_5,False
branch_code_C11,subbranch_code_C11.270,39,node_1,node_6,False
branch_code_C11,subbranch_code_C11.290,5,node_1,node_7,False
branch_code_C11,subbranch_code_C11.294,25,node_1,node_8,False
branch_code_C11,subbranch_code_C11.297,5,node_1,node_9,False
branch_code_C11,subbranch_code_C11.300,4,node_1,node_10,False
branch_code_C11,subbranch_code_C11.319,11,node_1,node_1,True
branch_code_C11,subbranch_code_C11.338,14,node_1,node_2,False
branch_code_C11,subbranch_code_C11.496,8,node_1,node_3,False
branch_code_C11,subbranch_code_C11.510,8,node_1,node_4,False
branch_code_C11,subbranch_code_C11.525,7,node_1,node_5,False
branch_code_C11,subbranch_code_C11.540,1,node_1,node_6,False
branch_code_C11,subbranch_code_C11.590,21,node_1,node_7,False
branch_code_C11,subbranch_code_C11.640,17,node_1,node_8,False
branch_code_C11,subbranch_code_C11.675,11,node_1,node_9,False
branch_code_C11,subbranch_code_C11.710,7,node_1,node_10,False
branch_code_C11,subbranch_code_C11.744,9,node_1,node_1,True
branch_code_C11,subbranch_code_C11.768,44,node_1,node_2,False
branch_code_C11,subbranch_code_C11.790,2,node_1,node_3,False
branch_code_C11,subbranch_code_C11.941,37,node_1,node_4,False
branch_code_C11,subbranch_code_C11.966,17,node_1,node_5,False
branch_code_C11,subbranch_code_C11.980,1,node_1,node_6,False
branch_code_C11,subbranch_code_C12.050,3,node_1,node_8,False
branch_code_C11,subbranch_code_C12.200,3,node_1,node_10,False
branch_code_C11,subbranch_code_C12.800,2,node_1,node_3,False
branch_code_C11,subbranch_code_C12.900,1,node_1,node_4,False
branch_code_C11,subbranch_code_C12.950,2,node_1,node_5,False
branch_code_C11,subbranch_code_C14.280,1,node_1,node_9,False
branch_code_C11,subbranch_code_C14.907,11,node_1,node_1,True
branch_code_C11,subbranch_code_C15.378,2,node_1,node_3,False
branch_code_C11,subbranch_code_C16.131,27,node_1,node_6,False
branch_code_C11,subbranch_code_C16.320,34,node_1,node_8,False
branch_code_C11,subbranch_code_C16.614,5,node_1,node_9,False
branch_code_C11,subbranch_code_C17.300,3,node_1,node_1,True
branch_code_C11,subbranch_code_C17.800,6,node_1,node_2,False
branch_code_C11,subbranch_code_C18.452,9,node_1,node_4,False
branch_code_C11,subbranch_code_C19.246,2,node_1,node_9,False
branch_code_C11,subbranch_code_C19.391,1,node_1,node_2,False
branch_code_C11,subbranch_code_C19.700,1,node_1,node_4,False
branch_code_C11,subbranch_code_C19.874,2,node_1,node_6,False
branch_code_C11,subbranch_code_C20.111,8,node_1,node_9,False
branch_code_C11,subbranch_code_C20.543,1,node_1,node_3,False
branch_code_C11,subbranch_code_C20.673,2,node_1,node_5,False
branch_code_C11,subbranch_code_C22.062,1,node_1,node_6,False
branch_code_C11,subbranch_code_C22.500,1,node_1,node_5,False
branch_code_C11,subbranch_code_C23.550,14,node_1,node_2,False
branch_code_C11,subbranch_code_C23.888,29,node_1,node_3,False
branch_code_C11,subbranch_code_C25.100,1,node_1,node_8,False
branch_code_C11,subbranch_code_C26.392,1,node_1,node_1,True
branch_code_C11,subbranch_code_C26.733,2,node_1,node_5,False
branch_code_C11,subbranch_code_C26.915,5,node_1,node_9,False
branch_code_C11,subbranch_code_F02.830,1,node_1,node_6,False
branch_code_C11,subbranch_code_G01.750,2,node_1,node_10,False
branch_code_C11,subbranch_code_G11.561,1,node_1,node_6,False
branch_code_C11,subbranch_code_N06.850,1,node_1,node_6,False
branch_code_C12,subbranch_code_A11.436,1,node_2,node_1,False
branch_code_C12,subbranch_code_C01.150,14,node_2,node_5,False
branch_code_C12,subbranch_code_C01.221,24,node_2,node_2,True
branch_code_C12,subbranch_code_C01.610,3,node_2,node_3,False
branch_code_C12,subbranch_code_C01.635,1,node_2,node_4,False
branch_code_C12,subbranch_code_C01.674,3,node_2,node_7,False
branch_code_C12,subbranch_code_C01.730,1,node_2,node_9,False
branch_code_C12,subbranch_code_C01.778,22,node_2,node_2,True
branch_code_C12,subbranch_code_C01.800,1,node_2,node_3,False
branch_code_C12,subbranch_code_C01.915,4,node_2,node_7,False
branch_code_C12,subbranch_code_C01.920,1,node_2,node_9,False
branch_code_C12,subbranch_code_C01.925,16,node_2,node_10,False
branch_code_C12,subbranch_code_C04.182,2,node_2,node_5,False
branch_code_C12,subbranch_code_C04.557,26,node_2,node_7,False
branch_code_C12,subbranch_code_C04.588,35,node_2,node_8,False
branch_code_C12,subbranch_code_C04.700,4,node_2,node_6,False
branch_code_C12,subbranch_code_C04.834,3,node_2,node_8,False
branch_code_C12,subbranch_code_C04.850,8,node_2,node_9,False
branch_code_C12,subbranch_code_C05.116,3,node_2,node_1,False
branch_code_C12,subbranch_code_C05.550,1,node_2,node_8,False
branch_code_C12,subbranch_code_C05.660,1,node_2,node_10,False
branch_code_C12,subbranch_code_C06.198,1,node_2,node_4,False
branch_code_C12,subbranch_code_C06.267,1,node_2,node_5,False
branch_code_C12,subbranch_code_C06.405,2,node_2,node_7,False
branch_code_C12,subbranch_code_C06.552,2,node_2,node_8,False
branch_code_C12,subbranch_code_C08.381,2,node_2,node_4,False
branch_code_C12,subbranch_code_C08.618,1,node_2,node_7,False
branch_code_C12,subbranch_code_C09.218,1,node_2,node_7,False
branch_code_C12,subbranch_code_C10.114,1,node_2,node_3,False
branch_code_C12,subbranch_code_C10.228,7,node_2,node_5,False
branch_code_C12,subbranch_code_C10.292,1,node_2,node_7,False
branch_code_C12,subbranch_code_C10.574,1,node_2,node_2,True
branch_code_C12,subbranch_code_C10.597,3,node_2,node_4,False
branch_code_C12,subbranch_code_C11.250,2,node_2,node_5,False
branch_code_C12,subbranch_code_C11.270,2,node_2,node_6,False
branch_code_C12,subbranch_code_C11.640,1,node_2,node_8,False
branch_code_C12,subbranch_code_C11.941,1,node_2,node_4,False
branch_code_C12,subbranch_code_C11.966,1,node_2,node_5,False
branch_code_C12,subbranch_code_C12,1,node_2,node_7,False
branch_code_C12,subbranch_code_C12.050,349,node_2,node_8,False
branch_code_C12,subbranch_code_C12.100,152,node_2,node_9,False
branch_code_C12,subbranch_code_C12.200,215,node_2,node_10,False
branch_code_C12,subbranch_code_C12.400,1,node_2,node_1,False
branch_code_C12,subbranch_code_C12.600,4,node_2,node_2,True
branch_code_C12,subbranch_code_C12.800,38,node_2,node_3,False
branch_code_C12,subbranch_code_C12.900,38,node_2,node_4,False
branch_code_C12,subbranch_code_C12.950,138,node_2,node_5,False
branch_code_C12,subbranch_code_C14.240,1,node_2,node_7,False
branch_code_C12,subbranch_code_C14.280,3,node_2,node_9,False
branch_code_C12,subbranch_code_C14.583,3,node_2,node_10,False
branch_code_C12,subbranch_code_C14.907,7,node_2,node_1,False
branch_code_C12,subbranch_code_C15.378,5,node_2,node_3,False
branch_code_C12,subbranch_code_C16.131,42,node_2,node_6,False
branch_code_C12,subbranch_code_C16.300,12,node_2,node_7,False
branch_code_C12,subbranch_code_C16.320,34,node_2,node_8,False
branch_code_C12,subbranch_code_C16.614,2,node_2,node_9,False
branch_code_C12,subbranch_code_C17.300,3,node_2,node_1,False
branch_code_C12,subbranch_code_C17.800,12,node_2,node_2,True
branch_code_C12,subbranch_code_C18.452,18,node_2,node_4,False
branch_code_C12,subbranch_code_C18.654,5,node_2,node_5,False
branch_code_C12,subbranch_code_C19.053,2,node_2,node_7,False
branch_code_C12,subbranch_code_C19.246,4,node_2,node_9,False
branch_code_C12,subbranch_code_C19.344,11,node_2,node_1,False
branch_code_C12,subbranch_code_C19.391,48,node_2,node_2,True
branch_code_C12,subbranch_code_C19.642,1,node_2,node_3,False
branch_code_C12,subbranch_code_C19.700,3,node_2,node_4,False
branch_code_C12,subbranch_code_C19.874,1,node_2,node_6,False
branch_code_C12,subbranch_code_C20.111,5,node_2,node_9,False
branch_code_C12,subbranch_code_C20.306,2,node_2,node_10,False
branch_code_C12,subbranch_code_C20.425,1,node_2,node_1,False
branch_code_C12,subbranch_code_C20.673,11,node_2,node_5,False
branch_code_C12,subbranch_code_C22.021,1,node_2,node_4,False
branch_code_C12,subbranch_code_C22.196,1,node_2,node_2,True
branch_code_C12,subbranch_code_C23.149,2,node_2,node_10,False
branch_code_C12,subbranch_code_C23.300,16,node_2,node_1,False
branch_code_C12,subbranch_code_C23.550,25,node_2,node_2,True
branch_code_C12,subbranch_code_C23.888,17,node_2,node_3,False
branch_code_C12,subbranch_code_C24.080,1,node_2,node_5,False
branch_code_C12,subbranch_code_C25.775,1,node_2,node_10,False
branch_code_C12,subbranch_code_C26.289,1,node_2,node_6,False
branch_code_C12,subbranch_code_C26.761,2,node_2,node_8,False
branch_code_C12,subbranch_code_F01.145,3,node_2,node_1,False
branch_code_C12,subbranch_code_F03.388,3,node_2,node_5,False
branch_code_C12,subbranch_code_F03.600,1,node_2,node_7,False
branch_code_C12,subbranch_code_F03.615,1,node_2,node_9,False
branch_code_C12,subbranch_code_F03.835,4,node_2,node_5,False
branch_code_C12,subbranch_code_G08.686,5,node_2,node_5,False
branch_code_C14,subbranch_code_C01.069,1,node_3,node_2,False
branch_code_C14,subbranch_code_C01.150,8,node_3,node_5,False
branch_code_C14,subbranch_code_C01.190,6,node_3,node_8,False
branch_code_C14,subbranch_code_C01.207,1,node_3,node_10,False
branch_code_C14,subbranch_code_C01.221,1,node_3,node_2,False
branch_code_C14,subbranch_code_C01.610,1,node_3,node_3,True
branch_code_C14,subbranch_code_C01.778,1,node_3,node_2,False
branch_code_C14,subbranch_code_C01.800,1,node_3,node_3,True
branch_code_C14,subbranch_code_C01.920,1,node_3,node_9,False
branch_code_C14,subbranch_code_C01.925,1,node_3,node_10,False
branch_code_C14,subbranch_code_C04.557,8,node_3,node_7,False
branch_code_C14,subbranch_code_C04.588,4,node_3,node_8,False
branch_code_C14,subbranch_code_C05.116,1,node_3,node_1,False
branch_code_C14,subbranch_code_C05.550,2,node_3,node_8,False
branch_code_C14,subbranch_code_C05.651,8,node_3,node_9,False
branch_code_C14,subbranch_code_C05.660,5,node_3,node_10,False
branch_code_C14,subbranch_code_C05.799,1,node_3,node_1,False
branch_code_C14,subbranch_code_C06.130,1,node_3,node_3,True
branch_code_C14,subbranch_code_C06.198,1,node_3,node_4,False
branch_code_C14,subbranch_code_C06.405,6,node_3,node_7,False
branch_code_C14,subbranch_code_C06.552,4,node_3,node_8,False
branch_code_C14,subbranch_code_C06.844,2,node_3,node_10,False
branch_code_C14,subbranch_code_C07.465,1,node_3,node_4,False
branch_code_C14,subbranch_code_C07.550,1,node_3,node_5,False
branch_code_C14,subbranch_code_C08.127,1,node_3,node_10,False
branch_code_C14,subbranch_code_C08.200,1,node_3,node_1,False
branch_code_C14,subbranch_code_C08.381,6,node_3,node_4,False
branch_code_C14,subbranch_code_C08.618,2,node_3,node_7,False
branch_code_C14,subbranch_code_C08.695,2,node_3,node_9,False
branch_code_C14,subbranch_code_C09.150,1,node_3,node_6,False
branch_code_C14,subbranch_code_C09.218,1,node_3,node_7,False
branch_code_C14,subbranch_code_C09.775,1,node_3,node_1,False
branch_code_C14,subbranch_code_C10.114,5,node_3,node_3,True
branch_code_C14,subbranch_code_C10.177,3,node_3,node_4,False
branch_code_C14,subbranch_code_C10.228,88,node_3,node_5,False
branch_code_C14,subbranch_code_C10.292,3,node_3,node_7,False
branch_code_C14,subbranch_code_C10.500,6,node_3,node_9,False
branch_code_C14,subbranch_code_C10.562,3,node_3,node_1,False
branch_code_C14,subbranch_code_C10.586,1,node_3,node_3,True
branch_code_C14,subbranch_code_C10.597,6,node_3,node_4,False
branch_code_C14,subbranch_code_C10.668,6,node_3,node_5,False
branch_code_C14,subbranch_code_C10.900,15,node_3,node_9,False
branch_code_C14,subbranch_code_C11.180,1,node_3,node_2,False
branch_code_C14,subbranch_code_C11.590,1,node_3,node_7,False
branch_code_C14,subbranch_code_C11.640,1,node_3,node_8,False
branch_code_C14,subbranch_code_C11.768,9,node_3,node_2,False
branch_code_C14,subbranch_code_C11.941,1,node_3,node_4,False
branch_code_C14,subbranch_code_C11.966,1,node_3,node_5,False
branch_code_C14,subbranch_code_C12.050,9,node_3,node_8,False
branch_code_C14,subbranch_code_C12.100,2,node_3,node_9,False
branch_code_C14,subbranch_code_C12.200,6,node_3,node_10,False
branch_code_C14,subbranch_code_C12.800,1,node_3,node_3,True
branch_code_C14,subbranch_code_C12.950,4,node_3,node_5,False
branch_code_C14,subbranch_code_C14,1,node_3,node_6,False
branch_code_C14,subbranch_code_C14.240,68,node_3,node_7,False
branch_code_C14,subbranch_code_C14.260,6,node_3,node_8,False
branch_code_C14,subbranch_code_C14.280,196,node_3,node_9,False
branch_code_C14,subbranch_code_C14.583,3,node_3,node_10,False
branch_code_C14,subbranch_code_C14.907,288,node_3,node_1,False
branch_code_C14,subbranch_code_C15.378,15,node_3,node_3,True
branch_code_C14,subbranch_code_C15.604,7,node_3,node_4,False
branch_code_C14,subbranch_code_C16.131,81,node_3,node_6,False
branch_code_C14,subbranch_code_C16.320,28,node_3,node_8,False
branch_code_C14,subbranch_code_C16.614,1,node_3,node_9,False
branch_code_C14,subbranch_code_C17.300,8,node_3,node_1,False
branch_code_C14,subbranch_code_C17.800,29,node_3,node_2,False
branch_code_C14,subbranch_code_C18.452,9,node_3,node_4,False
branch_code_C14,subbranch_code_C18.654,1,node_3,node_5,False
branch_code_C14,subbranch_code_C19.246,4,node_3,node_9,False
branch_code_C14,subbranch_code_C19.391,1,node_3,node_2,False
branch_code_C14,subbranch_code_C19.642,2,node_3,node_3,True
branch_code_C14,subbranch_code_C19.700,1,node_3,node_4,False
branch_code_C14,subbranch_code_C20.111,8,node_3,node_9,False
branch_code_C14,subbranch_code_C20.543,7,node_3,node_3,True
branch_code_C14,subbranch_code_C20.673,3,node_3,node_5,False
branch_code_C14,subbranch_code_C20.683,3,node_3,node_6,False
branch_code_C14,subbranch_code_C23.300,8,node_3,node_1,False
branch_code_C14,subbranch_code_C23.550,83,node_3,node_2,False
branch_code_C14,subbranch_code_C23.888,16,node_3,node_3,True
branch_code_C14,subbranch_code_C24.400,1,node_3,node_9,False
branch_code_C14,subbranch_code_C25.100,1,node_3,node_8,False
branch_code_C14,subbranch_code_C25.775,1,node_3,node_10,False
branch_code_C14,subbranch_code_C26.733,1,node_3,node_5,False
branch_code_C14,subbranch_code_C26.761,1,node_3,node_8,False
branch_code_C14,subbranch_code_C26.891,1,node_3,node_7,False
branch_code_C14,subbranch_code_C26.915,15,node_3,node_9,False
branch_code_C14,subbranch_code_C26.940,1,node_3,node_1,False
branch_code_C14,subbranch_code_C26.974,1,node_3,node_3,True
branch_code_C14,subbranch_code_F03.600,1,node_3,node_7,False
branch_code_C14,subbranch_code_F03.615,2,node_3,node_9,False
branch_code_C14,subbranch_code_G01.750,1,node_3,node_10,False
branch_code_C15,subbranch_code_C01.150,3,node_4,node_5,False
branch_code_C15,subbranch_code_C01.207,1,node_4,node_10,False
branch_code_C15,subbranch_code_C01.610,1,node_4,node_3,False
branch_code_C15,subbranch_code_C01.920,1,node_4,node_9,False
branch_code_C15,subbranch_code_C01.925,6,node_4,node_10,False
branch_code_C15,subbranch_code_C04.182,1,node_4,node_5,False
branch_code_C15,subbranch_code_C04.557,83,node_4,node_7,False
branch_code_C15,subbranch_code_C04.588,8,node_4,node_8,False
branch_code_C15,subbranch_code_C04.619,5,node_4,node_9,False
branch_code_C15,subbranch_code_C04.682,1,node_4,node_3,False
branch_code_C15,subbranch_code_C04.697,1,node_4,node_5,False
branch_code_C15,subbranch_code_C04.834,3,node_4,node_8,False
branch_code_C15,subbranch_code_C05.116,1,node_4,node_1,False
branch_code_C15,subbranch_code_C05.651,1,node_4,node_9,False
branch_code_C15,subbranch_code_C05.660,2,node_4,node_10,False
branch_code_C15,subbranch_code_C06.301,1,node_4,node_6,False
branch_code_C15,subbranch_code_C06.405,2,node_4,node_7,False
branch_code_C15,subbranch_code_C06.689,1,node_4,node_9,False
branch_code_C15,subbranch_code_C06.844,1,node_4,node_10,False
branch_code_C15,subbranch_code_C07.465,1,node_4,node_4,True
branch_code_C15,subbranch_code_C08.381,6,node_4,node_4,True
branch_code_C15,subbranch_code_C08.618,1,node_4,node_7,False
branch_code_C15,subbranch_code_C10.228,10,node_4,node_5,False
branch_code_C15,subbranch_code_C10.500,1,node_4,node_9,False
branch_code_C15,subbranch_code_C10.586,1,node_4,node_3,False
branch_code_C15,subbranch_code_C10.668,2,node_4,node_5,False
branch_code_C15,subbranch_code_C11.270,2,node_4,node_6,False
branch_code_C15,subbranch_code_C12.050,5,node_4,node_8,False
branch_code_C15,subbranch_code_C12.200,2,node_4,node_10,False
branch_code_C15,subbranch_code_C12.950,2,node_4,node_5,False
branch_code_C15,subbranch_code_C14.240,4,node_4,node_7,False
branch_code_C15,subbranch_code_C14.280,3,node_4,node_9,False
branch_code_C15,subbranch_code_C14.907,18,node_4,node_1,False
branch_code_C15,subbranch_code_C15,1,node_4,node_2,False
branch_code_C15,subbranch_code_C15.378,217,node_4,node_3,False
branch_code_C15,subbranch_code_C15.604,111,node_4,node_4,True
branch_code_C15,subbranch_code_C16.131,13,node_4,node_6,False
branch_code_C15,subbranch_code_C16.300,2,node_4,node_7,False
branch_code_C15,subbranch_code_C16.320,66,node_4,node_8,False
branch_code_C15,subbranch_code_C16.614,8,node_4,node_9,False
branch_code_C15,subbranch_code_C17.300,4,node_4,node_1,False
branch_code_C15,subbranch_code_C17.800,13,node_4,node_2,False
branch_code_C15,subbranch_code_C18.452,13,node_4,node_4,True
branch_code_C15,subbranch_code_C18.654,4,node_4,node_5,False
branch_code_C15,subbranch_code_C19.053,1,node_4,node_7,False
branch_code_C15,subbranch_code_C19.642,2,node_4,node_3,False
branch_code_C15,subbranch_code_C20.111,4,node_4,node_9,False
branch_code_C15,subbranch_code_C20.306,3,node_4,node_10,False
branch_code_C15,subbranch_code_C20.543,5,node_4,node_3,False
branch_code_C15,subbranch_code_C20.673,14,node_4,node_5,False
branch_code_C15,subbranch_code_C20.683,61,node_4,node_6,False
branch_code_C15,subbranch_code_C20.762,1,node_4,node_7,False
branch_code_C15,subbranch_code_C20.841,2,node_4,node_8,False
branch_code_C15,subbranch_code_C20.920,2,node_4,node_9,False
branch_code_C15,subbranch_code_C22.131,2,node_4,node_9,False
branch_code_C15,subbranch_code_C22.180,1,node_4,node_1,False
branch_code_C15,subbranch_code_C22.196,1,node_4,node_2,False
branch_code_C15,subbranch_code_C23.550,26,node_4,node_2,False
branch_code_C15,subbranch_code_C23.888,11,node_4,node_3,False
branch_code_C15,subbranch_code_C25.723,1,node_4,node_9,False
branch_code_C15,subbranch_code_C26.017,2,node_4,node_2,False
branch_code_C15,subbranch_code_C26.733,1,node_4,node_5,False
branch_code_C15,subbranch_code_C26.761,2,node_4,node_8,False
branch_code_C15,subbranch_code_E05.598,1,node_4,node_2,False
branch_code_C15,subbranch_code_G01.750,1,node_4,node_10,False
branch_code_C16,subbranch_code_A03.556,1,node_5,node_6,False
branch_code_C16,subbranch_code_C01.150,2,node_5,node_5,True
branch_code_C16,subbranch_code_C01.207,2,node_5,node_10,False
branch_code_C16,subbranch_code_C01.375,1,node_5,node_5,True
branch_code_C16,subbranch_code_C01.610,1,node_5,node_3,False
branch_code_C16,subbranch_code_C01.757,1,node_5,node_1,False
branch_code_C16,subbranch_code_C01.925,1,node_5,node_10,False
branch_code_C16,subbranch_code_C04.182,5,node_5,node_5,True
branch_code_C16,subbranch_code_C04.445,4,node_5,node_6,False
branch_code_C16,subbranch_code_C04.557,16,node_5,node_7,False
branch_code_C16,subbranch_code_C04.588,18,node_5,node_8,False
branch_code_C16,subbranch_code_C04.651,7,node_5,node_1,False
branch_code_C16,subbranch_code_C04.700,25,node_5,node_6,False
branch_code_C16,subbranch_code_C04.834,1,node_5,node_8,False
branch_code_C16,subbranch_code_C05.116,48,node_5,node_1,False
branch_code_C16,subbranch_code_C05.182,5,node_5,node_2,False
branch_code_C16,subbranch_code_C05.330,7,node_5,node_4,False
branch_code_C16,subbranch_code_C05.390,1,node_5,node_6,False
branch_code_C16,subbranch_code_C05.500,8,node_5,node_7,False
branch_code_C16,subbranch_code_C05.550,6,node_5,node_8,False
branch_code_C16,subbranch_code_C05.651,19,node_5,node_9,False
branch_code_C16,subbranch_code_C05.660,68,node_5,node_10,False
branch_code_C16,subbranch_code_C05.799,2,node_5,node_1,False
branch_code_C16,subbranch_code_C06.130,5,node_5,node_3,False
branch_code_C16,subbranch_code_C06.198,15,node_5,node_4,False
branch_code_C16,subbranch_code_C06.301,3,node_5,node_6,False
branch_code_C16,subbranch_code_C06.405,9,node_5,node_7,False
branch_code_C16,subbranch_code_C06.552,11,node_5,node_8,False
branch_code_C16,subbranch_code_C06.689,4,node_5,node_9,False
branch_code_C16,subbranch_code_C07.320,8,node_5,node_3,False
branch_code_C16,subbranch_code_C07.465,9,node_5,node_4,False
branch_code_C16,subbranch_code_C07.550,1,node_5,node_5,True
branch_code_C16,subbranch_code_C07.650,30,node_5,node_6,False
branch_code_C16,subbranch_code_C07.793,15,node_5,node_8,False
branch_code_C16,subbranch_code_C08.127,5,node_5,node_10,False
branch_code_C16,subbranch_code_C08.200,2,node_5,node_1,False
branch_code_C16,subbranch_code_C08.360,3,node_5,node_3,False
branch_code_C16,subbranch_code_C08.381,11,node_5,node_4,False
branch_code_C16,subbranch_code_C08.460,1,node_5,node_5,True
branch_code_C16,subbranch_code_C08.618,7,node_5,node_7,False
branch_code_C16,subbranch_code_C08.695,9,node_5,node_9,False
branch_code_C16,subbranch_code_C08.907,3,node_5,node_4,False
branch_code_C16,subbranch_code_C09.150,2,node_5,node_6,False
branch_code_C16,subbranch_code_C09.218,6,node_5,node_7,False
branch_code_C16,subbranch_code_C09.400,3,node_5,node_8,False
branch_code_C16,subbranch_code_C09.603,1,node_5,node_9,False
branch_code_C16,subbranch_code_C09.647,1,node_5,node_10,False
branch_code_C16,subbranch_code_C09.775,1,node_5,node_1,False
branch_code_C16,subbranch_code_C10.177,2,node_5,node_4,False
branch_code_C16,subbranch_code_C10.228,91,node_5,node_5,True
branch_code_C16,subbranch_code_C10.281,1,node_5,node_6,False
branch_code_C16,subbranch_code_C10.292,11,node_5,node_7,False
branch_code_C16,subbranch_code_C10.314,7,node_5,node_8,False
branch_code_C16,subbranch_code_C10.500,55,node_5,node_9,False
branch_code_C16,subbranch_code_C10.551,4,node_5,node_10,False
branch_code_C16,subbranch_code_C10.562,8,node_5,node_1,False
branch_code_C16,subbranch_code_C10.574,41,node_5,node_2,False
branch_code_C16,subbranch_code_C10.597,25,node_5,node_4,False
branch_code_C16,subbranch_code_C10.668,36,node_5,node_5,True
branch_code_C16,subbranch_code_C10.900,1,node_5,node_9,False
branch_code_C16,subbranch_code_C11.187,1,node_5,node_3,False
branch_code_C16,subbranch_code_C11.204,3,node_5,node_4,False
branch_code_C16,subbranch_code_C11.250,13,node_5,node_5,True
branch_code_C16,subbranch_code_C11.270,33,node_5,node_6,False
branch_code_C16,subbranch_code_C11.294,1,node_5,node_8,False
branch_code_C16,subbranch_code_C11.338,1,node_5,node_2,False
branch_code_C16,subbranch_code_C11.510,1,node_5,node_4,False
branch_code_C16,subbranch_code_C11.525,1,node_5,node_5,True
branch_code_C16,subbranch_code_C11.590,5,node_5,node_7,False
branch_code_C16,subbranch_code_C11.640,5,node_5,node_8,False
branch_code_C16,subbranch_code_C11.675,1,node_5,node_9,False
branch_code_C16,subbranch_code_C11.768,8,node_5,node_2,False
branch_code_C16,subbranch_code_C11.941,5,node_5,node_4,False
branch_code_C16,subbranch_code_C11.966,4,node_5,node_5,True
branch_code_C16,subbranch_code_C12.050,69,node_5,node_8,False
branch_code_C16,subbranch_code_C12.100,3,node_5,node_9,False
branch_code_C16,subbranch_code_C12.200,56,node_5,node_10,False
branch_code_C16,subbranch_code_C12.800,35,node_5,node_3,False
branch_code_C16,subbranch_code_C12.900,4,node_5,node_4,False
branch_code_C16,subbranch_code_C12.950,29,node_5,node_5,True
branch_code_C16,subbranch_code_C14.240,67,node_5,node_7,False
branch_code_C16,subbranch_code_C14.280,58,node_5,node_9,False
branch_code_C16,subbranch_code_C14.907,27,node_5,node_1,False
branch_code_C16,subbranch_code_C15.378,69,node_5,node_3,False
branch_code_C16,subbranch_code_C15.604,11,node_5,node_4,False
branch_code_C16,subbranch_code_C16,1,node_5,node_5,True
branch_code_C16,subbranch_code_C16.131,373,node_5,node_6,False
branch_code_C16,subbranch_code_C16.300,12,node_5,node_7,False
branch_code_C16,subbranch_code_C16.320,452,node_5,node_8,False
branch_code_C16,subbranch_code_C16.614,56,node_5,node_9,False
branch_code_C16,subbranch_code_C17.300,23,node_5,node_1,False
branch_code_C16,subbranch_code_C17.800,78,node_5,node_2,False
branch_code_C16,subbranch_code_C18.452,190,node_5,node_4,False
branch_code_C16,subbranch_code_C18.654,4,node_5,node_5,True
branch_code_C16,subbranch_code_C19.053,2,node_5,node_7,False
branch_code_C16,subbranch_code_C19.246,3,node_5,node_9,False
branch_code_C16,subbranch_code_C19.297,3,node_5,node_10,False
branch_code_C16,subbranch_code_C19.344,5,node_5,node_1,False
branch_code_C16,subbranch_code_C19.391,25,node_5,node_2,False
branch_code_C16,subbranch_code_C19.642,2,node_5,node_3,False
branch_code_C16,subbranch_code_C19.700,1,node_5,node_4,False
branch_code_C16,subbranch_code_C19.874,6,node_5,node_6,False
branch_code_C16,subbranch_code_C20.111,2,node_5,node_9,False
branch_code_C16,subbranch_code_C20.306,3,node_5,node_10,False
branch_code_C16,subbranch_code_C20.543,3,node_5,node_3,False
branch_code_C16,subbranch_code_C20.673,14,node_5,node_5,True
branch_code_C16,subbranch_code_C20.683,3,node_5,node_6,False
branch_code_C16,subbranch_code_C22.196,1,node_5,node_2,False
branch_code_C16,subbranch_code_C23.300,12,node_5,node_1,False
branch_code_C16,subbranch_code_C23.550,14,node_5,node_2,False
branch_code_C16,subbranch_code_C23.888,7,node_5,node_3,False
branch_code_C16,subbranch_code_C25.723,1,node_5,node_9,False
branch_code_C16,subbranch_code_C25.775,2,node_5,node_10,False
branch_code_C16,subbranch_code_C26.141,3,node_5,node_10,False
branch_code_C16,subbranch_code_C26.733,1,node_5,node_5,True
branch_code_C16,subbranch_code_C26.915,1,node_5,node_9,False
branch_code_C16,subbranch_code_F03.615,1,node_5,node_9,False
branch_code_C16,subbranch_code_F03.625,1,node_5,node_10,False
branch_code_C16,subbranch_code_F03.900,1,node_5,node_8,False
branch_code_C16,subbranch_code_G01.750,1,node_5,node_10,False
branch_code_C16,subbranch_code_N06.850,1,node_5,node_6,False
branch_code_C17,subbranch_code_A10.165,2,node_6,node_5,False
branch_code_C17,subbranch_code_C01.150,44,node_6,node_5,False
branch_code_C17,subbranch_code_C01.207,1,node_6,node_10,False
branch_code_C17,subbranch_code_C01.221,4,node_6,node_2,False
branch_code_C17,subbranch_code_C01.610,9,node_6,node_3,False
branch_code_C17,subbranch_code_C01.748,2,node_6,node_10,False
branch_code_C17,subbranch_code_C01.778,2,node_6,node_2,False
branch_code_C17,subbranch_code_C01.800,44,node_6,node_3,False
branch_code_C17,subbranch_code_C01.830,2,node_6,node_5,False
branch_code_C17,subbranch_code_C01.920,5,node_6,node_9,False
branch_code_C17,subbranch_code_C01.925,12,node_6,node_10,False
branch_code_C17,subbranch_code_C04.182,3,node_6,node_5,False
branch_code_C17,subbranch_code_C04.557,20,node_6,node_7,False
branch_code_C17,subbranch_code_C04.588,24,node_6,node_8,False
branch_code_C17,subbranch_code_C04.700,4,node_6,node_6,True
branch_code_C17,subbranch_code_C04.834,2,node_6,node_8,False
branch_code_C17,subbranch_code_C05.116,11,node_6,node_1,False
branch_code_C17,subbranch_code_C05.182,10,node_6,node_2,False
branch_code_C17,subbranch_code_C05.360,2,node_6,node_5,False
branch_code_C17,subbranch_code_C05.500,1,node_6,node_7,False
branch_code_C17,subbranch_code_C05.550,11,node_6,node_8,False
branch_code_C17,subbranch_code_C05.651,4,node_6,node_9,False
branch_code_C17,subbranch_code_C05.660,3,node_6,node_10,False
branch_code_C17,subbranch_code_C05.799,12,node_6,node_1,False
branch_code_C17,subbranch_code_C06.405,4,node_6,node_7,False
branch_code_C17,subbranch_code_C06.552,7,node_6,node_8,False
branch_code_C17,subbranch_code_C06.844,1,node_6,node_10,False
branch_code_C17,subbranch_code_C07.320,1,node_6,node_3,False
branch_code_C17,subbranch_code_C07.465,5,node_6,node_4,False
branch_code_C17,subbranch_code_C08.127,2,node_6,node_10,False
branch_code_C17,subbranch_code_C08.360,1,node_6,node_3,False
branch_code_C17,subbranch_code_C08.381,3,node_6,node_4,False
branch_code_C17,subbranch_code_C08.460,1,node_6,node_5,False
branch_code_C17,subbranch_code_C08.730,2,node_6,node_1,False
branch_code_C17,subbranch_code_C08.907,2,node_6,node_4,False
branch_code_C17,subbranch_code_C09.218,1,node_6,node_7,False
branch_code_C17,subbranch_code_C09.400,1,node_6,node_8,False
branch_code_C17,subbranch_code_C09.603,1,node_6,node_9,False
branch_code_C17,subbranch_code_C10.114,2,node_6,node_3,False
branch_code_C17,subbranch_code_C10.177,1,node_6,node_4,False
branch_code_C17,subbranch_code_C10.228,6,node_6,node_5,False
branch_code_C17,subbranch_code_C10.562,1,node_6,node_1,False
branch_code_C17,subbranch_code_C10.586,1,node_6,node_3,False
branch_code_C17,subbranch_code_C10.597,2,node_6,node_4,False
branch_code_C17,subbranch_code_C10.668,1,node_6,node_5,False
branch_code_C17,subbranch_code_C11.187,1,node_6,node_3,False
branch_code_C17,subbranch_code_C11.270,5,node_6,node_6,True
branch_code_C17,subbranch_code_C11.496,1,node_6,node_3,False
branch_code_C17,subbranch_code_C11.675,1,node_6,node_9,False
branch_code_C17,subbranch_code_C11.941,1,node_6,node_4,False
branch_code_C17,subbranch_code_C12.050,10,node_6,node_8,False
branch_code_C17,subbranch_code_C12.100,7,node_6,node_9,False
branch_code_C17,subbranch_code_C12.200,3,node_6,node_10,False
branch_code_C17,subbranch_code_C12.800,1,node_6,node_3,False
branch_code_C17,subbranch_code_C12.900,1,node_6,node_4,False
branch_code_C17,subbranch_code_C12.950,2,node_6,node_5,False
branch_code_C17,subbranch_code_C14.240,3,node_6,node_7,False
branch_code_C17,subbranch_code_C14.280,3,node_6,node_9,False
branch_code_C17,subbranch_code_C14.907,30,node_6,node_1,False
branch_code_C17,subbranch_code_C15.378,9,node_6,node_3,False
branch_code_C17,subbranch_code_C15.604,5,node_6,node_4,False
branch_code_C17,subbranch_code_C16.131,49,node_6,node_6,True
branch_code_C17,subbranch_code_C16.320,82,node_6,node_8,False
branch_code_C17,subbranch_code_C16.614,10,node_6,node_9,False
branch_code_C17,subbranch_code_C17,1,node_6,node_10,False
branch_code_C17,subbranch_code_C17.300,83,node_6,node_1,False
branch_code_C17,subbranch_code_C17.800,352,node_6,node_2,False
branch_code_C17,subbranch_code_C18.452,39,node_6,node_4,False
branch_code_C17,subbranch_code_C19.246,1,node_6,node_9,False
branch_code_C17,subbranch_code_C19.344,1,node_6,node_1,False
branch_code_C17,subbranch_code_C19.391,1,node_6,node_2,False
branch_code_C17,subbranch_code_C19.874,1,node_6,node_6,True
branch_code_C17,subbranch_code_C20.111,19,node_6,node_9,False
branch_code_C17,subbranch_code_C20.543,19,node_6,node_3,False
branch_code_C17,subbranch_code_C20.673,2,node_6,node_5,False
branch_code_C17,subbranch_code_C20.683,1,node_6,node_6,True
branch_code_C17,subbranch_code_C20.762,3,node_6,node_7,False
branch_code_C17,subbranch_code_C22.214,1,node_6,node_3,False
branch_code_C17,subbranch_code_C22.362,1,node_6,node_8,False
branch_code_C17,subbranch_code_C23.300,5,node_6,node_1,False
branch_code_C17,subbranch_code_C23.550,16,node_6,node_2,False
branch_code_C17,subbranch_code_C23.888,9,node_6,node_3,False
branch_code_C17,subbranch_code_C24.270,1,node_6,node_8,False
branch_code_C17,subbranch_code_C24.800,1,node_6,node_5,False
branch_code_C17,subbranch_code_C25.100,8,node_6,node_8,False
branch_code_C17,subbranch_code_C25.723,1,node_6,node_9,False
branch_code_C17,subbranch_code_C26.200,2,node_6,node_2,False
branch_code_C17,subbranch_code_C26.733,1,node_6,node_5,False
branch_code_C17,subbranch_code_F03.700,1,node_6,node_4,False
branch_code_C17,subbranch_code_G01.750,1,node_6,node_10,False
branch_code_C18,subbranch_code_C01.150,1,node_7,node_5,False
branch_code_C18,subbranch_code_C01.221,2,node_7,node_2,False
branch_code_C18,subbranch_code_C01.778,2,node_7,node_2,False
branch_code_C18,subbranch_code_C01.925,2,node_7,node_10,False
branch_code_C18,subbranch_code_C04.557,1,node_7,node_7,True
branch_code_C18,subbranch_code_C04.588,1,node_7,node_8,False
branch_code_C18,subbranch_code_C04.700,2,node_7,node_6,False
branch_code_C18,subbranch_code_C04.834,1,node_7,node_8,False
branch_code_C18,subbranch_code_C05.116,17,node_7,node_1,False
branch_code_C18,subbranch_code_C05.550,2,node_7,node_8,False
branch_code_C18,subbranch_code_C05.651,10,node_7,node_9,False
branch_code_C18,subbranch_code_C05.660,2,node_7,node_10,False
branch_code_C18,subbranch_code_C05.799,2,node_7,node_1,False
branch_code_C18,subbranch_code_C06.301,1,node_7,node_6,False
branch_code_C18,subbranch_code_C06.405,11,node_7,node_7,True
branch_code_C18,subbranch_code_C06.552,11,node_7,node_8,False
branch_code_C18,subbranch_code_C06.689,3,node_7,node_9,False
branch_code_C18,subbranch_code_C08.381,1,node_7,node_4,False
branch_code_C18,subbranch_code_C08.618,3,node_7,node_7,True
branch_code_C18,subbranch_code_C09.218,1,node_7,node_7,True
branch_code_C18,subbranch_code_C10.228,75,node_7,node_5,False
branch_code_C18,subbranch_code_C10.292,5,node_7,node_7,True
branch_code_C18,subbranch_code_C10.314,9,node_7,node_8,False
branch_code_C18,subbranch_code_C10.500,1,node_7,node_9,False
branch_code_C18,subbranch_code_C10.562,1,node_7,node_1,False
branch_code_C18,subbranch_code_C10.574,19,node_7,node_2,False
branch_code_C18,subbranch_code_C10.597,14,node_7,node_4,False
branch_code_C18,subbranch_code_C10.668,15,node_7,node_5,False
branch_code_C18,subbranch_code_C10.886,1,node_7,node_8,False
branch_code_C18,subbranch_code_C11.270,7,node_7,node_6,False
branch_code_C18,subbranch_code_C11.590,2,node_7,node_7,True
branch_code_C18,subbranch_code_C11.640,3,node_7,node_8,False
branch_code_C18,subbranch_code_C11.768,1,node_7,node_2,False
branch_code_C18,subbranch_code_C11.966,1,node_7,node_5,False
branch_code_C18,subbranch_code_C12.050,18,node_7,node_8,False
branch_code_C18,subbranch_code_C12.100,2,node_7,node_9,False
branch_code_C18,subbranch_code_C12.200,14,node_7,node_10,False
branch_code_C18,subbranch_code_C12.800,1,node_7,node_3,False
branch_code_C18,subbranch_code_C12.950,13,node_7,node_5,False
branch_code_C18,subbranch_code_C14.240,1,node_7,node_7,True
branch_code_C18,subbranch_code_C14.280,3,node_7,node_9,False
branch_code_C18,subbranch_code_C14.907,7,node_7,node_1,False
branch_code_C18,subbranch_code_C15.378,11,node_7,node_3,False
branch_code_C18,subbranch_code_C15.604,6,node_7,node_4,False
branch_code_C18,subbranch_code_C16.131,16,node_7,node_6,False
branch_code_C18,subbranch_code_C16.320,188,node_7,node_8,False
branch_code_C18,subbranch_code_C16.614,10,node_7,node_9,False
branch_code_C18,subbranch_code_C17.300,11,node_7,node_1,False
branch_code_C18,subbranch_code_C17.800,31,node_7,node_2,False
branch_code_C18,subbranch_code_C18,1,node_7,node_3,False
branch_code_C18,subbranch_code_C18.452,307,node_7,node_4,False
branch_code_C18,subbranch_code_C18.654,55,node_7,node_5,False
branch_code_C18,subbranch_code_C19.053,2,node_7,node_7,True
branch_code_C18,subbranch_code_C19.246,11,node_7,node_9,False
branch_code_C18,subbranch_code_C19.391,1,node_7,node_2,False
branch_code_C18,subbranch_code_C19.642,1,node_7,node_3,False
branch_code_C18,subbranch_code_C19.700,2,node_7,node_4,False
branch_code_C18,subbranch_code_C20.111,2,node_7,node_9,False
branch_code_C18,subbranch_code_C20.306,1,node_7,node_10,False
branch_code_C18,subbranch_code_C20.673,5,node_7,node_5,False
branch_code_C18,subbranch_code_C20.683,2,node_7,node_6,False
branch_code_C18,subbranch_code_C22.836,1,node_7,node_2,False
branch_code_C18,subbranch_code_C22.880,1,node_7,node_3,False
branch_code_C18,subbranch_code_C23.550,8,node_7,node_2,False
branch_code_C18,subbranch_code_C23.888,13,node_7,node_3,False
branch_code_C18,subbranch_code_C25.723,1,node_7,node_9,False
branch_code_C18,subbranch_code_C25.775,1,node_7,node_10,False
branch_code_C18,subbranch_code_E01.370,1,node_7,node_10,False
branch_code_C18,subbranch_code_E05.598,1,node_7,node_2,False
branch_code_C18,subbranch_code_F03.615,3,node_7,node_9,False
branch_code_C18,subbranch_code_F03.900,1,node_7,node_8,False
branch_code_C18,subbranch_code_G07.100,1,node_7,node_10,False
branch_code_C18,subbranch_code_G07.690,1,node_7,node_7,True
branch_code_C19,subbranch_code_C01.150,2,node_8,node_5,False
branch_code_C19,subbranch_code_C01.207,1,node_8,node_10,False
branch_code_C19,subbranch_code_C01.830,1,node_8,node_5,False
branch_code_C19,subbranch_code_C04.182,2,node_8,node_5,False
branch_code_C19,subbranch_code_C04.557,26,node_8,node_7,False
branch_code_C19,subbranch_code_C04.588,43,node_8,node_8,True
branch_code_C19,subbranch_code_C04.651,4,node_8,node_1,False
branch_code_C19,subbranch_code_C04.700,7,node_8,node_6,False
branch_code_C19,subbranch_code_C04.730,1,node_8,node_7,False
branch_code_C19,subbranch_code_C05.116,8,node_8,node_1,False
branch_code_C19,subbranch_code_C05.660,3,node_8,node_10,False
branch_code_C19,subbranch_code_C06.301,10,node_8,node_6,False
branch_code_C19,subbranch_code_C06.689,10,node_8,node_9,False
branch_code_C19,subbranch_code_C09.218,1,node_8,node_7,False
branch_code_C19,subbranch_code_C10.228,19,node_8,node_5,False
branch_code_C19,subbranch_code_C10.292,1,node_8,node_7,False
branch_code_C19,subbranch_code_C10.314,1,node_8,node_8,True
branch_code_C19,subbranch_code_C10.551,1,node_8,node_10,False
branch_code_C19,subbranch_code_C10.574,1,node_8,node_2,False
branch_code_C19,subbranch_code_C10.586,1,node_8,node_3,False
branch_code_C19,subbranch_code_C10.597,3,node_8,node_4,False
branch_code_C19,subbranch_code_C10.668,1,node_8,node_5,False
branch_code_C19,subbranch_code_C11.250,1,node_8,node_5,False
branch_code_C19,subbranch_code_C11.270,3,node_8,node_6,False
branch_code_C19,subbranch_code_C11.640,1,node_8,node_8,True
branch_code_C19,subbranch_code_C11.675,2,node_8,node_9,False
branch_code_C19,subbranch_code_C11.768,1,node_8,node_2,False
branch_code_C19,subbranch_code_C11.941,1,node_8,node_4,False
branch_code_C19,subbranch_code_C11.966,1,node_8,node_5,False
branch_code_C19,subbranch_code_C12.050,50,node_8,node_8,True
branch_code_C19,subbranch_code_C12.100,25,node_8,node_9,False
branch_code_C19,subbranch_code_C12.200,37,node_8,node_10,False
branch_code_C19,subbranch_code_C12.800,24,node_8,node_3,False
branch_code_C19,subbranch_code_C12.900,15,node_8,node_4,False
branch_code_C19,subbranch_code_C12.950,9,node_8,node_5,False
branch_code_C19,subbranch_code_C14.240,3,node_8,node_7,False
branch_code_C19,subbranch_code_C14.280,4,node_8,node_9,False
branch_code_C19,subbranch_code_C14.907,4,node_8,node_1,False
branch_code_C19,subbranch_code_C15.378,1,node_8,node_3,False
branch_code_C19,subbranch_code_C15.604,2,node_8,node_4,False
branch_code_C19,subbranch_code_C16.131,31,node_8,node_6,False
branch_code_C19,subbranch_code_C16.300,1,node_8,node_7,False
branch_code_C19,subbranch_code_C16.320,25,node_8,node_8,True
branch_code_C19,subbranch_code_C17.300,1,node_8,node_1,False
branch_code_C19,subbranch_code_C17.800,2,node_8,node_2,False
branch_code_C19,subbranch_code_C18.452,15,node_8,node_4,False
branch_code_C19,subbranch_code_C18.654,1,node_8,node_5,False
branch_code_C19,subbranch_code_C19,1,node_8,node_6,False
branch_code_C19,subbranch_code_C19.053,17,node_8,node_7,False
branch_code_C19,subbranch_code_C19.149,1,node_8,node_8,True
branch_code_C19,subbranch_code_C19.246,22,node_8,node_9,False
branch_code_C19,subbranch_code_C19.297,4,node_8,node_10,False
branch_code_C19,subbranch_code_C19.344,40,node_8,node_1,False
branch_code_C19,subbranch_code_C19.391,53,node_8,node_2,False
branch_code_C19,subbranch_code_C19.642,9,node_8,node_3,False
branch_code_C19,subbranch_code_C19.700,21,node_8,node_4,False
branch_code_C19,subbranch_code_C19.787,1,node_8,node_5,False
branch_code_C19,subbranch_code_C19.874,29,node_8,node_6,False
branch_code_C19,subbranch_code_C19.927,1,node_8,node_7,False
branch_code_C19,subbranch_code_C20.111,10,node_8,node_9,False
branch_code_C19,subbranch_code_C22.196,1,node_8,node_2,False
branch_code_C19,subbranch_code_C23.300,1,node_8,node_1,False
branch_code_C19,subbranch_code_C23.550,3,node_8,node_2,False
branch_code_C19,subbranch_code_C23.888,3,node_8,node_3,False
branch_code_C19,subbranch_code_E05.598,1,node_8,node_2,False
branch_code_C19,subbranch_code_G08.686,1,node_8,node_5,False
branch_code_C20,subbranch_code_C01.150,3,node_9,node_5,False
branch_code_C20,subbranch_code_C01.207,2,node_9,node_10,False
branch_code_C20,subbranch_code_C01.221,12,node_9,node_2,False
branch_code_C20,subbranch_code_C01.597,1,node_9,node_2,False
branch_code_C20,subbranch_code_C01.748,2,node_9,node_10,False
branch_code_C20,subbranch_code_C01.778,11,node_9,node_2,False
branch_code_C20,subbranch_code_C01.925,20,node_9,node_10,False
branch_code_C20,subbranch_code_C04.557,57,node_9,node_7,False
branch_code_C20,subbranch_code_C04.588,8,node_9,node_8,False
branch_code_C20,subbranch_code_C04.730,4,node_9,node_7,False
branch_code_C20,subbranch_code_C04.834,2,node_9,node_8,False
branch_code_C20,subbranch_code_C05.550,7,node_9,node_8,False
branch_code_C20,subbranch_code_C05.799,7,node_9,node_1,False
branch_code_C20,subbranch_code_C06.301,1,node_9,node_6,False
branch_code_C20,subbranch_code_C06.405,3,node_9,node_7,False
branch_code_C20,subbranch_code_C06.552,1,node_9,node_8,False
branch_code_C20,subbranch_code_C06.689,1,node_9,node_9,True
branch_code_C20,subbranch_code_C07.465,2,node_9,node_4,False
branch_code_C20,subbranch_code_C08.127,8,node_9,node_10,False
branch_code_C20,subbranch_code_C08.381,13,node_9,node_4,False
branch_code_C20,subbranch_code_C08.460,5,node_9,node_5,False
branch_code_C20,subbranch_code_C08.674,18,node_9,node_8,False
branch_code_C20,subbranch_code_C08.730,2,node_9,node_1,False
branch_code_C20,subbranch_code_C09.218,1,node_9,node_7,False
branch_code_C20,subbranch_code_C09.603,5,node_9,node_9,True
branch_code_C20,subbranch_code_C10.114,27,node_9,node_3,False
branch_code_C20,subbranch_code_C10.228,19,node_9,node_5,False
branch_code_C20,subbranch_code_C10.292,2,node_9,node_7,False
branch_code_C20,subbranch_code_C10.314,14,node_9,node_8,False
branch_code_C20,subbranch_code_C10.562,1,node_9,node_1,False
branch_code_C20,subbranch_code_C10.574,4,node_9,node_2,False
branch_code_C20,subbranch_code_C10.586,3,node_9,node_3,False
branch_code_C20,subbranch_code_C10.597,1,node_9,node_4,False
branch_code_C20,subbranch_code_C10.668,11,node_9,node_5,False
branch_code_C20,subbranch_code_C11.187,1,node_9,node_3,False
branch_code_C20,subbranch_code_C11.270,3,node_9,node_6,False
branch_code_C20,subbranch_code_C11.496,1,node_9,node_3,False
branch_code_C20,subbranch_code_C11.590,1,node_9,node_7,False
branch_code_C20,subbranch_code_C11.640,1,node_9,node_8,False
branch_code_C20,subbranch_code_C11.675,2,node_9,node_9,True
branch_code_C20,subbranch_code_C11.768,1,node_9,node_2,False
branch_code_C20,subbranch_code_C11.941,3,node_9,node_4,False
branch_code_C20,subbranch_code_C12.050,9,node_9,node_8,False
branch_code_C20,subbranch_code_C12.100,11,node_9,node_9,True
branch_code_C20,subbranch_code_C12.200,6,node_9,node_10,False
branch_code_C20,subbranch_code_C12.950,6,node_9,node_5,False
branch_code_C20,subbranch_code_C14.280,1,node_9,node_9,True
branch_code_C20,subbranch_code_C14.907,20,node_9,node_1,False
branch_code_C20,subbranch_code_C15.378,52,node_9,node_3,False
branch_code_C20,subbranch_code_C15.604,57,node_9,node_4,False
branch_code_C20,subbranch_code_C16.131,2,node_9,node_6,False
branch_code_C20,subbranch_code_C16.300,2,node_9,node_7,False
branch_code_C20,subbranch_code_C16.320,20,node_9,node_8,False
branch_code_C20,subbranch_code_C16.614,4,node_9,node_9,True
branch_code_C20,subbranch_code_C17.300,10,node_9,node_1,False
branch_code_C20,subbranch_code_C17.800,33,node_9,node_2,False
branch_code_C20,subbranch_code_C18.452,10,node_9,node_4,False
branch_code_C20,subbranch_code_C18.654,1,node_9,node_5,False
branch_code_C20,subbranch_code_C19.053,1,node_9,node_7,False
branch_code_C20,subbranch_code_C19.246,2,node_9,node_9,True
branch_code_C20,subbranch_code_C19.700,1,node_9,node_4,False
branch_code_C20,subbranch_code_C19.787,1,node_9,node_5,False
branch_code_C20,subbranch_code_C19.874,5,node_9,node_6,False
branch_code_C20,subbranch_code_C20,1,node_9,node_8,False
branch_code_C20,subbranch_code_C20.111,69,node_9,node_9,True
branch_code_C20,subbranch_code_C20.306,3,node_9,node_10,False
branch_code_C20,subbranch_code_C20.425,1,node_9,node_1,False
branch_code_C20,subbranch_code_C20.452,2,node_9,node_2,False
branch_code_C20,subbranch_code_C20.543,66,node_9,node_3,False
branch_code_C20,subbranch_code_C20.608,1,node_9,node_4,False
branch_code_C20,subbranch_code_C20.673,40,node_9,node_5,False
branch_code_C20,subbranch_code_C20.683,66,node_9,node_6,False
branch_code_C20,subbranch_code_C20.762,10,node_9,node_7,False
branch_code_C20,subbranch_code_C20.841,2,node_9,node_8,False
branch_code_C20,subbranch_code_C20.920,2,node_9,node_9,True
branch_code_C20,subbranch_code_C21.223,3,node_9,node_1,False
branch_code_C20,subbranch_code_C22.062,1,node_9,node_6,False
branch_code_C20,subbranch_code_C22.131,1,node_9,node_9,True
branch_code_C20,subbranch_code_C22.196,1,node_9,node_2,False
branch_code_C20,subbranch_code_C23.550,16,node_9,node_2,False
branch_code_C20,subbranch_code_C23.888,6,node_9,node_3,False
branch_code_C20,subbranch_code_C24.080,1,node_9,node_5,False
branch_code_C20,subbranch_code_C24.102,1,node_9,node_6,False
branch_code_C20,subbranch_code_C24.125,1,node_9,node_7,False
branch_code_C20,subbranch_code_C25.100,5,node_9,node_8,False
branch_code_C20,subbranch_code_E05.598,4,node_9,node_2,False
branch_code_C20,subbranch_code_F03.615,1,node_9,node_9,True
branch_code_C21,subbranch_code_C20.543,3,node_10,node_3,False
branch_code_C21,subbranch_code_C21,1,node_10,node_10,True
branch_code_C21,subbranch_code_C21.223,3,node_10,node_1,False
branch_code_C21,subbranch_code_C21.676,1,node_10,node_2,False
branch_code_C22,subbranch_code_C01.150,21,node_1,node_5,False
branch_code_C22,subbranch_code_C01.207,4,node_1,node_10,False
branch_code_C22,subbranch_code_C01.375,1,node_1,node_5,False
branch_code_C22,subbranch_code_C01.436,4,node_1,node_8,False
branch_code_C22,subbranch_code_C01.610,18,node_1,node_3,False
branch_code_C22,subbranch_code_C01.655,1,node_1,node_6,False
branch_code_C22,subbranch_code_C01.748,4,node_1,node_10,False
branch_code_C22,subbranch_code_C01.800,2,node_1,node_3,False
branch_code_C22,subbranch_code_C01.920,11,node_1,node_9,False
branch_code_C22,subbranch_code_C01.925,58,node_1,node_10,False
branch_code_C22,subbranch_code_C01.973,3,node_1,node_3,False
branch_code_C22,subbranch_code_C04.557,5,node_1,node_7,False
branch_code_C22,subbranch_code_C04.588,3,node_1,node_8,False
branch_code_C22,subbranch_code_C04.619,2,node_1,node_9,False
branch_code_C22,subbranch_code_C06.301,1,node_1,node_6,False
branch_code_C22,subbranch_code_C06.405,2,node_1,node_7,False
branch_code_C22,subbranch_code_C06.552,4,node_1,node_8,False
branch_code_C22,subbranch_code_C07.465,1,node_1,node_4,False
branch_code_C22,subbranch_code_C08.381,2,node_1,node_4,False
branch_code_C22,subbranch_code_C08.730,4,node_1,node_1,True
branch_code_C22,subbranch_code_C10.228,4,node_1,node_5,False
branch_code_C22,subbranch_code_C10.574,3,node_1,node_2,False
branch_code_C22,subbranch_code_C11.187,1,node_1,node_3,False
branch_code_C22,subbranch_code_C11.204,1,node_1,node_4,False
branch_code_C22,subbranch_code_C11.270,1,node_1,node_6,False
branch_code_C22,subbranch_code_C11.294,1,node_1,node_8,False
branch_code_C22,subbranch_code_C12.050,2,node_1,node_8,False
branch_code_C22,subbranch_code_C12.200,1,node_1,node_10,False
branch_code_C22,subbranch_code_C12.800,1,node_1,node_3,False
branch_code_C22,subbranch_code_C15.378,3,node_1,node_3,False
branch_code_C22,subbranch_code_C15.604,1,node_1,node_4,False
branch_code_C22,subbranch_code_C16.131,1,node_1,node_6,False
branch_code_C22,subbranch_code_C17.800,2,node_1,node_2,False
branch_code_C22,subbranch_code_C18.654,2,node_1,node_5,False
branch_code_C22,subbranch_code_C19.391,1,node_1,node_2,False
branch_code_C22,subbranch_code_C20.673,2,node_1,node_5,False
branch_code_C22,subbranch_code_C20.683,1,node_1,node_6,False
branch_code_C22,subbranch_code_C22,1,node_1,node_3,False
branch_code_C22,subbranch_code_C22.021,2,node_1,node_4,False
branch_code_C22,subbranch_code_C22.039,1,node_1,node_5,False
branch_code_C22,subbranch_code_C22.062,1,node_1,node_6,False
branch_code_C22,subbranch_code_C22.073,1,node_1,node_7,False
branch_code_C22,subbranch_code_C22.085,1,node_1,node_8,False
branch_code_C22,subbranch_code_C22.131,13,node_1,node_9,False
branch_code_C22,subbranch_code_C22.152,1,node_1,node_10,False
branch_code_C22,subbranch_code_C22.180,5,node_1,node_1,True
branch_code_C22,subbranch_code_C22.196,20,node_1,node_2,False
branch_code_C22,subbranch_code_C22.214,1,node_1,node_3,False
branch_code_C22,subbranch_code_C22.232,1,node_1,node_4,False
branch_code_C22,subbranch_code_C22.268,4,node_1,node_5,False
branch_code_C22,subbranch_code_C22.313,1,node_1,node_6,False
branch_code_C22,subbranch_code_C22.331,2,node_1,node_7,False
branch_code_C22,subbranch_code_C22.362,3,node_1,node_8,False
branch_code_C22,subbranch_code_C22.380,1,node_1,node_9,False
branch_code_C22,subbranch_code_C22.394,1,node_1,node_10,False
branch_code_C22,subbranch_code_C22.405,1,node_1,node_1,True
branch_code_C22,subbranch_code_C22.434,1,node_1,node_2,False
branch_code_C22,subbranch_code_C22.467,4,node_1,node_3,False
branch_code_C22,subbranch_code_C22.488,5,node_1,node_4,False
branch_code_C22,subbranch_code_C22.500,1,node_1,node_5,False
branch_code_C22,subbranch_code_C22.510,1,node_1,node_6,False
branch_code_C22,subbranch_code_C22.520,1,node_1,node_7,False
branch_code_C22,subbranch_code_C22.557,1,node_1,node_8,False
branch_code_C22,subbranch_code_C22.595,2,node_1,node_9,False
branch_code_C22,subbranch_code_C22.627,1,node_1,node_10,False
branch_code_C22,subbranch_code_C22.674,16,node_1,node_1,True
branch_code_C22,subbranch_code_C22.688,1,node_1,node_2,False
branch_code_C22,subbranch_code_C22.695,1,node_1,node_3,False
branch_code_C22,subbranch_code_C22.706,1,node_1,node_4,False
branch_code_C22,subbranch_code_C22.717,1,node_1,node_5,False
branch_code_C22,subbranch_code_C22.735,6,node_1,node_6,False
branch_code_C22,subbranch_code_C22.742,1,node_1,node_7,False
branch_code_C22,subbranch_code_C22.761,1,node_1,node_8,False
branch_code_C22,subbranch_code_C22.780,1,node_1,node_9,False
branch_code_C22,subbranch_code_C22.795,4,node_1,node_10,False
branch_code_C22,subbranch_code_C22.812,1,node_1,node_1,True
branch_code_C22,subbranch_code_C22.836,11,node_1,node_2,False
branch_code_C22,subbranch_code_C22.880,1,node_1,node_3,False
branch_code_C22,subbranch_code_C22.905,13,node_1,node_4,False
branch_code_C22,subbranch_code_C22.950,1,node_1,node_5,False
branch_code_C22,subbranch_code_C22.952,1,node_1,node_6,False
branch_code_C22,subbranch_code_C22.955,1,node_1,node_7,False
branch_code_C22,subbranch_code_C22.969,3,node_1,node_8,False
branch_code_C22,subbranch_code_C23.550,2,node_1,node_2,False
branch_code_C22,subbranch_code_E05.598,1,node_1,node_2,False
branch_code_C22,subbranch_code_E05.599,1,node_1,node_3,False
branch_code_C23,subbranch_code_A03.556,1,node_2,node_6,False
branch_code_C23,subbranch_code_A10.165,3,node_2,node_5,False
branch_code_C23,subbranch_code_A10.549,1,node_2,node_8,False
branch_code_C23,subbranch_code_A10.830,1,node_2,node_5,False
branch_code_C23,subbranch_code_A11.284,4,node_2,node_6,False
branch_code_C23,subbranch_code_A11.436,1,node_2,node_1,False
branch_code_C23,subbranch_code_A11.642,1,node_2,node_10,False
branch_code_C23,subbranch_code_A12.459,1,node_2,node_10,False
branch_code_C23,subbranch_code_A15.382,1,node_2,node_9,False
branch_code_C23,subbranch_code_C01.100,1,node_2,node_3,False
branch_code_C23,subbranch_code_C01.125,1,node_2,node_4,False
branch_code_C23,subbranch_code_C01.150,9,node_2,node_5,False
branch_code_C23,subbranch_code_C01.175,1,node_2,node_7,False
branch_code_C23,subbranch_code_C01.207,3,node_2,node_10,False
branch_code_C23,subbranch_code_C01.221,12,node_2,node_2,True
branch_code_C23,subbranch_code_C01.248,3,node_2,node_4,False
branch_code_C23,subbranch_code_C01.610,1,node_2,node_3,False
branch_code_C23,subbranch_code_C01.645,1,node_2,node_5,False
branch_code_C23,subbranch_code_C01.685,1,node_2,node_8,False
branch_code_C23,subbranch_code_C01.748,6,node_2,node_10,False
branch_code_C23,subbranch_code_C01.757,8,node_2,node_1,False
branch_code_C23,subbranch_code_C01.778,4,node_2,node_2,True
branch_code_C23,subbranch_code_C01.800,3,node_2,node_3,False
branch_code_C23,subbranch_code_C01.830,7,node_2,node_5,False
branch_code_C23,subbranch_code_C01.861,1,node_2,node_6,False
branch_code_C23,subbranch_code_C01.920,1,node_2,node_9,False
branch_code_C23,subbranch_code_C01.925,11,node_2,node_10,False
branch_code_C23,subbranch_code_C01.947,1,node_2,node_2,True
branch_code_C23,subbranch_code_C04.182,2,node_2,node_5,False
branch_code_C23,subbranch_code_C04.557,9,node_2,node_7,False
branch_code_C23,subbranch_code_C04.588,2,node_2,node_8,False
branch_code_C23,subbranch_code_C04.697,21,node_2,node_5,False
branch_code_C23,subbranch_code_C04.834,5,node_2,node_8,False
branch_code_C23,subbranch_code_C05.116,13,node_2,node_1,False
branch_code_C23,subbranch_code_C05.360,2,node_2,node_5,False
branch_code_C23,subbranch_code_C05.500,2,node_2,node_7,False
branch_code_C23,subbranch_code_C05.550,7,node_2,node_8,False
branch_code_C23,subbranch_code_C05.651,12,node_2,node_9,False
branch_code_C23,subbranch_code_C05.660,1,node_2,node_10,False
branch_code_C23,subbranch_code_C06.130,3,node_2,node_3,False
branch_code_C23,subbranch_code_C06.198,1,node_2,node_4,False
branch_code_C23,subbranch_code_C06.267,9,node_2,node_5,False
branch_code_C23,subbranch_code_C06.405,27,node_2,node_7,False
branch_code_C23,subbranch_code_C06.552,12,node_2,node_8,False
branch_code_C23,subbranch_code_C06.689,3,node_2,node_9,False
branch_code_C23,subbranch_code_C06.844,2,node_2,node_10,False
branch_code_C23,subbranch_code_C07.320,2,node_2,node_3,False
branch_code_C23,subbranch_code_C07.465,18,node_2,node_4,False
branch_code_C23,subbranch_code_C07.793,3,node_2,node_8,False
branch_code_C23,subbranch_code_C08.127,3,node_2,node_10,False
branch_code_C23,subbranch_code_C08.280,2,node_2,node_2,True
branch_code_C23,subbranch_code_C08.360,6,node_2,node_3,False
branch_code_C23,subbranch_code_C08.381,13,node_2,node_4,False
branch_code_C23,subbranch_code_C08.460,2,node_2,node_5,False
branch_code_C23,subbranch_code_C08.528,4,node_2,node_6,False
branch_code_C23,subbranch_code_C08.618,19,node_2,node_7,False
branch_code_C23,subbranch_code_C08.674,1,node_2,node_8,False
branch_code_C23,subbranch_code_C08.702,3,node_2,node_10,False
branch_code_C23,subbranch_code_C08.730,6,node_2,node_1,False
branch_code_C23,subbranch_code_C08.846,1,node_2,node_3,False
branch_code_C23,subbranch_code_C08.907,1,node_2,node_4,False
branch_code_C23,subbranch_code_C09.218,29,node_2,node_7,False
branch_code_C23,subbranch_code_C09.400,6,node_2,node_8,False
branch_code_C23,subbranch_code_C09.603,2,node_2,node_9,False
branch_code_C23,subbranch_code_C10.114,4,node_2,node_3,False
branch_code_C23,subbranch_code_C10.177,3,node_2,node_4,False
branch_code_C23,subbranch_code_C10.228,54,node_2,node_5,False
branch_code_C23,subbranch_code_C10.281,1,node_2,node_6,False
branch_code_C23,subbranch_code_C10.292,7,node_2,node_7,False
branch_code_C23,subbranch_code_C10.314,6,node_2,node_8,False
branch_code_C23,subbranch_code_C10.500,3,node_2,node_9,False
branch_code_C23,subbranch_code_C10.574,5,node_2,node_2,True
branch_code_C23,subbranch_code_C10.586,3,node_2,node_3,False
branch_code_C23,subbranch_code_C10.597,188,node_2,node_4,False
branch_code_C23,subbranch_code_C10.668,14,node_2,node_5,False
branch_code_C23,subbranch_code_C10.720,4,node_2,node_6,False
branch_code_C23,subbranch_code_C10.886,3,node_2,node_8,False
branch_code_C23,subbranch_code_C10.900,12,node_2,node_9,False
branch_code_C23,subbranch_code_C11.204,2,node_2,node_4,False
branch_code_C23,subbranch_code_C11.270,2,node_2,node_6,False
branch_code_C23,subbranch_code_C11.290,5,node_2,node_7,False
branch_code_C23,subbranch_code_C11.300,3,node_2,node_10,False
branch_code_C23,subbranch_code_C11.590,5,node_2,node_7,False
branch_code_C23,subbranch_code_C11.640,1,node_2,node_8,False
branch_code_C23,subbranch_code_C11.675,1,node_2,node_9,False
branch_code_C23,subbranch_code_C11.710,5,node_2,node_10,False
branch_code_C23,subbranch_code_C11.768,5,node_2,node_2,True
branch_code_C23,subbranch_code_C11.941,3,node_2,node_4,False
branch_code_C23,subbranch_code_C11.966,15,node_2,node_5,False
branch_code_C23,subbranch_code_C12.050,52,node_2,node_8,False
branch_code_C23,subbranch_code_C12.100,19,node_2,node_9,False
branch_code_C23,subbranch_code_C12.200,30,node_2,node_10,False
branch_code_C23,subbranch_code_C12.800,4,node_2,node_3,False
branch_code_C23,subbranch_code_C12.950,27,node_2,node_5,False
branch_code_C23,subbranch_code_C14.240,5,node_2,node_7,False
branch_code_C23,subbranch_code_C14.280,63,node_2,node_9,False
branch_code_C23,subbranch_code_C14.907,56,node_2,node_1,False
branch_code_C23,subbranch_code_C15.378,24,node_2,node_3,False
branch_code_C23,subbranch_code_C15.604,6,node_2,node_4,False
branch_code_C23,subbranch_code_C16.131,17,node_2,node_6,False
branch_code_C23,subbranch_code_C16.300,4,node_2,node_7,False
branch_code_C23,subbranch_code_C16.320,10,node_2,node_8,False
branch_code_C23,subbranch_code_C16.614,7,node_2,node_9,False
branch_code_C23,subbranch_code_C17.300,4,node_2,node_1,False
branch_code_C23,subbranch_code_C17.800,27,node_2,node_2,True
branch_code_C23,subbranch_code_C18.452,11,node_2,node_4,False
branch_code_C23,subbranch_code_C18.654,9,node_2,node_5,False
branch_code_C23,subbranch_code_C19.053,1,node_2,node_7,False
branch_code_C23,subbranch_code_C19.246,2,node_2,node_9,False
branch_code_C23,subbranch_code_C19.391,2,node_2,node_2,True
branch_code_C23,subbranch_code_C19.642,1,node_2,node_3,False
branch_code_C23,subbranch_code_C20.111,6,node_2,node_9,False
branch_code_C23,subbranch_code_C20.306,2,node_2,node_10,False
branch_code_C23,subbranch_code_C20.543,7,node_2,node_3,False
branch_code_C23,subbranch_code_C20.673,1,node_2,node_5,False
branch_code_C23,subbranch_code_C20.683,2,node_2,node_6,False
branch_code_C23,subbranch_code_C20.841,2,node_2,node_8,False
branch_code_C23,subbranch_code_C22.362,1,node_2,node_8,False
branch_code_C23,subbranch_code_C22.955,1,node_2,node_7,False
branch_code_C23,subbranch_code_C23,1,node_2,node_9,False
branch_code_C23,subbranch_code_C23.149,6,node_2,node_10,False
branch_code_C23,subbranch_code_C23.300,121,node_2,node_1,False
branch_code_C23,subbranch_code_C23.550,459,node_2,node_2,True
branch_code_C23,subbranch_code_C23.888,416,node_2,node_3,False
branch_code_C23,subbranch_code_C24.080,1,node_2,node_5,False
branch_code_C23,subbranch_code_C25.100,9,node_2,node_8,False
branch_code_C23,subbranch_code_C25.723,5,node_2,node_9,False
branch_code_C23,subbranch_code_C25.775,4,node_2,node_10,False
branch_code_C23,subbranch_code_C26.017,1,node_2,node_2,True
branch_code_C23,subbranch_code_C26.103,1,node_2,node_6,False
branch_code_C23,subbranch_code_C26.200,1,node_2,node_2,True
branch_code_C23,subbranch_code_C26.304,1,node_2,node_7,False
branch_code_C23,subbranch_code_C26.371,1,node_2,node_10,False
branch_code_C23,subbranch_code_C26.392,2,node_2,node_1,False
branch_code_C23,subbranch_code_C26.522,1,node_2,node_6,False
branch_code_C23,subbranch_code_C26.733,5,node_2,node_5,False
branch_code_C23,subbranch_code_C26.748,1,node_2,node_7,False
branch_code_C23,subbranch_code_C26.797,1,node_2,node_10,False
branch_code_C23,subbranch_code_C26.915,11,node_2,node_9,False
branch_code_C23,subbranch_code_C26.986,1,node_2,node_4,False
branch_code_C23,subbranch_code_E01.370,8,node_2,node_10,False
branch_code_C23,subbranch_code_E01.599,1,node_2,node_4,False
branch_code_C23,subbranch_code_E01.789,1,node_2,node_5,False
branch_code_C23,subbranch_code_E05.041,3,node_2,node_3,False
branch_code_C23,subbranch_code_E05.318,2,node_2,node_10,False
branch_code_C23,subbranch_code_E05.325,1,node_2,node_2,True
branch_code_C23,subbranch_code_E05.598,1,node_2,node_2,True
branch_code_C23,subbranch_code_F01.100,1,node_2,node_10,False
branch_code_C23,subbranch_code_F01.145,9,node_2,node_1,False
branch_code_C23,subbranch_code_F01.470,1,node_2,node_4,False
branch_code_C23,subbranch_code_F01.700,35,node_2,node_10,False
branch_code_C23,subbranch_code_F02.463,1,node_2,node_8,False
branch_code_C23,subbranch_code_F02.830,35,node_2,node_6,False
branch_code_C23,subbranch_code_F03.388,1,node_2,node_5,False
branch_code_C23,subbranch_code_F03.400,2,node_2,node_6,False
branch_code_C23,subbranch_code_F03.600,1,node_2,node_7,False
branch_code_C23,subbranch_code_F03.615,15,node_2,node_9,False
branch_code_C23,subbranch_code_F03.625,10,node_2,node_10,False
branch_code_C23,subbranch_code_F03.870,3,node_2,node_6,False
branch_code_C23,subbranch_code_F03.900,2,node_2,node_8,False
branch_code_C23,subbranch_code_G01.750,5,node_2,node_10,False
branch_code_C23,subbranch_code_G02.111,2,node_2,node_10,False
branch_code_C23,subbranch_code_G03.191,1,node_2,node_3,False
branch_code_C23,subbranch_code_G03.197,1,node_2,node_5,False
branch_code_C23,subbranch_code_G03.295,1,node_2,node_1,False
branch_code_C23,subbranch_code_G03.493,1,node_2,node_3,False
branch_code_C23,subbranch_code_G04.270,1,node_2,node_2,True
branch_code_C23,subbranch_code_G05.113,1,node_2,node_4,False
branch_code_C23,subbranch_code_G05.200,2,node_2,node_9,False
branch_code_C23,subbranch_code_G05.360,5,node_2,node_6,False
branch_code_C23,subbranch_code_G05.365,26,node_2,node_7,False
branch_code_C23,subbranch_code_G05.370,4,node_2,node_8,False
branch_code_C23,subbranch_code_G05.380,2,node_2,node_9,False
branch_code_C23,subbranch_code_G05.420,1,node_2,node_3,False
branch_code_C23,subbranch_code_G05.558,5,node_2,node_5,False
branch_code_C23,subbranch_code_G05.700,8,node_2,node_8,False
branch_code_C23,subbranch_code_G06.920,1,node_2,node_4,False
branch_code_C23,subbranch_code_G07.100,6,node_2,node_10,False
branch_code_C23,subbranch_code_G07.345,9,node_2,node_9,False
branch_code_C23,subbranch_code_G08.686,3,node_2,node_5,False
branch_code_C23,subbranch_code_G09.188,1,node_2,node_8,False
branch_code_C23,subbranch_code_G09.330,4,node_2,node_9,False
branch_code_C23,subbranch_code_G09.772,3,node_2,node_10,False
branch_code_C23,subbranch_code_G10.261,1,node_2,node_2,True
branch_code_C23,subbranch_code_G11.561,34,node_2,node_6,False
branch_code_C23,subbranch_code_G12.122,1,node_2,node_2,True
branch_code_C23,subbranch_code_G12.450,1,node_2,node_4,False
branch_code_C23,subbranch_code_G15.630,1,node_2,node_8,False
branch_code_C23,subbranch_code_G16.762,1,node_2,node_7,False
branch_code_C23,subbranch_code_G16.767,2,node_2,node_8,False
branch_code_C23,subbranch_code_I01.076,1,node_2,node_4,False
branch_code_C23,subbranch_code_I01.198,2,node_2,node_5,False
branch_code_C23,subbranch_code_I01.880,3,node_2,node_9,False
branch_code_C23,subbranch_code_I03.883,2,node_2,node_5,False
branch_code_C23,subbranch_code_N04.761,2,node_2,node_4,False
branch_code_C23,subbranch_code_N05.300,1,node_2,node_8,False
branch_code_C23,subbranch_code_N05.700,1,node_2,node_2,True
branch_code_C23,subbranch_code_N05.715,3,node_2,node_3,False
branch_code_C23,subbranch_code_N06.230,1,node_2,node_5,False
branch_code_C23,subbranch_code_N06.850,5,node_2,node_6,False
branch_code_C24,subbranch_code_C01.150,1,node_3,node_5,False
branch_code_C24,subbranch_code_C01.503,1,node_3,node_10,False
branch_code_C24,subbranch_code_C01.748,1,node_3,node_10,False
branch_code_C24,subbranch_code_C05.550,1,node_3,node_8,False
branch_code_C24,subbranch_code_C05.799,1,node_3,node_1,False
branch_code_C24,subbranch_code_C08.127,1,node_3,node_10,False
branch_code_C24,subbranch_code_C08.381,12,node_3,node_4,False
branch_code_C24,subbranch_code_C08.674,3,node_3,node_8,False
branch_code_C24,subbranch_code_C08.730,1,node_3,node_1,False
branch_code_C24,subbranch_code_C10.228,1,node_3,node_5,False
branch_code_C24,subbranch_code_C10.281,1,node_3,node_6,False
branch_code_C24,subbranch_code_C10.668,1,node_3,node_5,False
branch_code_C24,subbranch_code_C10.886,1,node_3,node_8,False
branch_code_C24,subbranch_code_C12.050,1,node_3,node_8,False
branch_code_C24,subbranch_code_C12.200,1,node_3,node_10,False
branch_code_C24,subbranch_code_C12.950,1,node_3,node_5,False
branch_code_C24,subbranch_code_C14.907,1,node_3,node_1,False
branch_code_C24,subbranch_code_C17.300,1,node_3,node_1,False
branch_code_C24,subbranch_code_C17.800,1,node_3,node_2,False
branch_code_C24,subbranch_code_C20.543,3,node_3,node_3,True
branch_code_C24,subbranch_code_C23.550,1,node_3,node_2,False
branch_code_C24,subbranch_code_C24,1,node_3,node_4,False
branch_code_C24,subbranch_code_C24.080,4,node_3,node_5,False
branch_code_C24,subbranch_code_C24.102,1,node_3,node_6,False
branch_code_C24,subbranch_code_C24.125,1,node_3,node_7,False
branch_code_C24,subbranch_code_C24.270,1,node_3,node_8,False
branch_code_C24,subbranch_code_C24.400,1,node_3,node_9,False
branch_code_C24,subbranch_code_C24.410,1,node_3,node_10,False
branch_code_C24,subbranch_code_C24.426,1,node_3,node_1,False
branch_code_C24,subbranch_code_C24.506,1,node_3,node_2,False
branch_code_C24,subbranch_code_C24.580,2,node_3,node_3,True
branch_code_C24,subbranch_code_C24.653,1,node_3,node_4,False
branch_code_C24,subbranch_code_C24.800,9,node_3,node_5,False
branch_code_C24,subbranch_code_C24.900,1,node_3,node_6,False
branch_code_C24,subbranch_code_C25.723,1,node_3,node_9,False
branch_code_C24,subbranch_code_C26.946,1,node_3,node_2,False
branch_code_C24,subbranch_code_F01.145,2,node_3,node_1,False
branch_code_C24,subbranch_code_F02.830,2,node_3,node_6,False
branch_code_C24,subbranch_code_F03.870,1,node_3,node_6,False
branch_code_C24,subbranch_code_I01.880,1,node_3,node_9,False
branch_code_C25,subbranch_code_C01.150,3,node_4,node_5,False
branch_code_C25,subbranch_code_C05.651,1,node_4,node_9,False
branch_code_C25,subbranch_code_C06.552,6,node_4,node_8,False
branch_code_C25,subbranch_code_C06.689,1,node_4,node_9,False
branch_code_C25,subbranch_code_C07.465,1,node_4,node_4,True
branch_code_C25,subbranch_code_C08.127,1,node_4,node_10,False
branch_code_C25,subbranch_code_C08.674,1,node_4,node_8,False
branch_code_C25,subbranch_code_C09.218,1,node_4,node_7,False
branch_code_C25,subbranch_code_C10.228,5,node_4,node_5,False
branch_code_C25,subbranch_code_C10.292,1,node_4,node_7,False
branch_code_C25,subbranch_code_C10.597,3,node_4,node_4,True
branch_code_C25,subbranch_code_C10.668,4,node_4,node_5,False
branch_code_C25,subbranch_code_C10.720,19,node_4,node_6,False
branch_code_C25,subbranch_code_C10.900,1,node_4,node_9,False
branch_code_C25,subbranch_code_C11.640,1,node_4,node_8,False
branch_code_C25,subbranch_code_C12.050,1,node_4,node_8,False
branch_code_C25,subbranch_code_C14.280,2,node_4,node_9,False
branch_code_C25,subbranch_code_C15.378,1,node_4,node_3,False
branch_code_C25,subbranch_code_C16.300,1,node_4,node_7,False
branch_code_C25,subbranch_code_C16.320,1,node_4,node_8,False
branch_code_C25,subbranch_code_C16.614,1,node_4,node_9,False
branch_code_C25,subbranch_code_C17.800,9,node_4,node_2,False
branch_code_C25,subbranch_code_C18.452,2,node_4,node_4,True
branch_code_C25,subbranch_code_C18.654,1,node_4,node_5,False
branch_code_C25,subbranch_code_C20.543,5,node_4,node_3,False
branch_code_C25,subbranch_code_C23.550,7,node_4,node_2,False
branch_code_C25,subbranch_code_C23.888,6,node_4,node_3,False
branch_code_C25,subbranch_code_C24.426,1,node_4,node_1,False
branch_code_C25,subbranch_code_C25,1,node_4,node_7,False
branch_code_C25,subbranch_code_C25.100,26,node_4,node_8,False
branch_code_C25,subbranch_code_C25.723,57,node_4,node_9,False
branch_code_C25,subbranch_code_C25.775,44,node_4,node_10,False
branch_code_C25,subbranch_code_C26.176,6,node_4,node_1,False
branch_code_C25,subbranch_code_C26.733,4,node_4,node_5,False
branch_code_C25,subbranch_code_D27.505,1,node_4,node_10,False
branch_code_C25,subbranch_code_F01.145,1,node_4,node_1,False
branch_code_C25,subbranch_code_F01.700,1,node_4,node_10,False
branch_code_C25,subbranch_code_F03.615,2,node_4,node_9,False
branch_code_C25,subbranch_code_F03.700,2,node_4,node_4,True
branch_code_C25,subbranch_code_F03.900,33,node_4,node_8,False
branch_code_C25,subbranch_code_G01.750,4,node_4,node_10,False
branch_code_C26,subbranch_code_C04.557,1,node_5,node_7,False
branch_code_C26,subbranch_code_C04.682,2,node_5,node_3,False
branch_code_C26,subbranch_code_C05.330,1,node_5,node_4,False
branch_code_C26,subbranch_code_C05.550,14,node_5,node_8,False
branch_code_C26,subbranch_code_C05.651,6,node_5,node_9,False
branch_code_C26,subbranch_code_C06.405,2,node_5,node_7,False
branch_code_C26,subbranch_code_C07.465,4,node_5,node_4,False
branch_code_C26,subbranch_code_C07.793,4,node_5,node_8,False
branch_code_C26,subbranch_code_C08.360,2,node_5,node_3,False
branch_code_C26,subbranch_code_C08.381,2,node_5,node_4,False
branch_code_C26,subbranch_code_C08.460,1,node_5,node_5,True
branch_code_C26,subbranch_code_C09.218,3,node_5,node_7,False
branch_code_C26,subbranch_code_C09.400,2,node_5,node_8,False
branch_code_C26,subbranch_code_C09.603,1,node_5,node_9,False
branch_code_C26,subbranch_code_C10.228,28,node_5,node_5,True
branch_code_C26,subbranch_code_C10.292,18,node_5,node_7,False
branch_code_C26,subbranch_code_C10.574,1,node_5,node_2,False
branch_code_C26,subbranch_code_C10.597,4,node_5,node_4,False
branch_code_C26,subbranch_code_C10.668,7,node_5,node_5,True
branch_code_C26,subbranch_code_C10.900,75,node_5,node_9,False
branch_code_C26,subbranch_code_C11.204,2,node_5,node_4,False
branch_code_C26,subbranch_code_C11.297,3,node_5,node_9,False
branch_code_C26,subbranch_code_C11.510,1,node_5,node_4,False
branch_code_C26,subbranch_code_C11.590,1,node_5,node_7,False
branch_code_C26,subbranch_code_C11.640,2,node_5,node_8,False
branch_code_C26,subbranch_code_C11.768,1,node_5,node_2,False
branch_code_C26,subbranch_code_C12.050,3,node_5,node_8,False
branch_code_C26,subbranch_code_C12.100,2,node_5,node_9,False
branch_code_C26,subbranch_code_C14.240,1,node_5,node_7,False
branch_code_C26,subbranch_code_C14.280,2,node_5,node_9,False
branch_code_C26,subbranch_code_C14.907,17,node_5,node_1,False
branch_code_C26,subbranch_code_C15.378,1,node_5,node_3,False
branch_code_C26,subbranch_code_C15.604,2,node_5,node_4,False
branch_code_C26,subbranch_code_C16.131,2,node_5,node_6,False
branch_code_C26,subbranch_code_C16.614,3,node_5,node_9,False
branch_code_C26,subbranch_code_C17.800,3,node_5,node_2,False
branch_code_C26,subbranch_code_C23.300,2,node_5,node_1,False
branch_code_C26,subbranch_code_C23.550,20,node_5,node_2,False
branch_code_C26,subbranch_code_C23.888,5,node_5,node_3,False
branch_code_C26,subbranch_code_C24.653,1,node_5,node_4,False
branch_code_C26,subbranch_code_C25.100,4,node_5,node_8,False
branch_code_C26,subbranch_code_C25.723,6,node_5,node_9,False
branch_code_C26,subbranch_code_C26,1,node_5,node_1,False
branch_code_C26,subbranch_code_C26.017,5,node_5,node_2,False
branch_code_C26,subbranch_code_C26.040,1,node_5,node_3,False
branch_code_C26,subbranch_code_C26.062,2,node_5,node_4,False
branch_code_C26,subbranch_code_C26.088,15,node_5,node_5,True
branch_code_C26,subbranch_code_C26.103,1,node_5,node_6,False
branch_code_C26,subbranch_code_C26.115,1,node_5,node_7,False
branch_code_C26,subbranch_code_C26.117,3,node_5,node_8,False
branch_code_C26,subbranch_code_C26.120,3,node_5,node_9,False
branch_code_C26,subbranch_code_C26.141,3,node_5,node_10,False
branch_code_C26,subbranch_code_C26.176,7,node_5,node_1,False
branch_code_C26,subbranch_code_C26.200,8,node_5,node_2,False
branch_code_C26,subbranch_code_C26.212,3,node_5,node_3,False
branch_code_C26,subbranch_code_C26.224,1,node_5,node_4,False
branch_code_C26,subbranch_code_C26.257,2,node_5,node_5,True
branch_code_C26,subbranch_code_C26.289,12,node_5,node_6,False
branch_code_C26,subbranch_code_C26.304,2,node_5,node_7,False
branch_code_C26,subbranch_code_C26.324,4,node_5,node_8,False
branch_code_C26,subbranch_code_C26.348,1,node_5,node_9,False
branch_code_C26,subbranch_code_C26.371,1,node_5,node_10,False
branch_code_C26,subbranch_code_C26.392,8,node_5,node_1,False
branch_code_C26,subbranch_code_C26.404,51,node_5,node_2,False
branch_code_C26,subbranch_code_C26.411,1,node_5,node_3,False
branch_code_C26,subbranch_code_C26.417,2,node_5,node_4,False
branch_code_C26,subbranch_code_C26.448,2,node_5,node_5,True
branch_code_C26,subbranch_code_C26.522,5,node_5,node_6,False
branch_code_C26,subbranch_code_C26.531,5,node_5,node_7,False
branch_code_C26,subbranch_code_C26.540,1,node_5,node_8,False
branch_code_C26,subbranch_code_C26.558,21,node_5,node_9,False
branch_code_C26,subbranch_code_C26.599,1,node_5,node_10,False
branch_code_C26,subbranch_code_C26.640,2,node_5,node_1,False
branch_code_C26,subbranch_code_C26.670,1,node_5,node_2,False
branch_code_C26,subbranch_code_C26.700,2,node_5,node_3,False
branch_code_C26,subbranch_code_C26.716,1,node_5,node_4,False
branch_code_C26,subbranch_code_C26.733,15,node_5,node_5,True
branch_code_C26,subbranch_code_C26.741,1,node_5,node_6,False
branch_code_C26,subbranch_code_C26.748,1,node_5,node_7,False
branch_code_C26,subbranch_code_C26.761,8,node_5,node_8,False
branch_code_C26,subbranch_code_C26.780,1,node_5,node_9,False
branch_code_C26,subbranch_code_C26.797,2,node_5,node_10,False
branch_code_C26,subbranch_code_C26.803,6,node_5,node_1,False
branch_code_C26,subbranch_code_C26.808,2,node_5,node_2,False
branch_code_C26,subbranch_code_C26.819,3,node_5,node_3,False
branch_code_C26,subbranch_code_C26.844,6,node_5,node_4,False
branch_code_C26,subbranch_code_C26.859,1,node_5,node_5,True
branch_code_C26,subbranch_code_C26.874,6,node_5,node_6,False
branch_code_C26,subbranch_code_C26.891,7,node_5,node_7,False
branch_code_C26,subbranch_code_C26.900,4,node_5,node_8,False
branch_code_C26,subbranch_code_C26.915,71,node_5,node_9,False
branch_code_C26,subbranch_code_C26.930,1,node_5,node_10,False
branch_code_C26,subbranch_code_C26.940,1,node_5,node_1,False
branch_code_C26,subbranch_code_C26.946,2,node_5,node_2,False
branch_code_C26,subbranch_code_C26.974,9,node_5,node_3,False
branch_code_C26,subbranch_code_C26.986,8,node_5,node_4,False
branch_code_C26,subbranch_code_E05.325,1,node_5,node_2,False
branch_code_C26,subbranch_code_E05.598,1,node_5,node_2,False
branch_code_C26,subbranch_code_F01.145,1,node_5,node_1,False
branch_code_C26,subbranch_code_G01.750,15,node_5,node_10,False
branch_code_C26,subbranch_code_I01.198,1,node_5,node_5,True
branch_code_C26,subbranch_code_I01.880,2,node_5,node_9,False
branch_code_C26,subbranch_code_N06.850,8,node_5,node_6,False
branch_code_D01,subbranch_code_D01,1,node_6,node_5,False
branch_code_D01,subbranch_code_D01.029,43,node_6,node_6,True
branch_code_D01,subbranch_code_D01.045,19,node_6,node_7,False
branch_code_D01,subbranch_code_D01.056,10,node_6,node_8,False
branch_code_D01,subbranch_code_D01.075,4,node_6,node_9,False
branch_code_D01,subbranch_code_D01.103,2,node_6,node_10,False
branch_code_D01,subbranch_code_D01.132,9,node_6,node_1,False
branch_code_D01,subbranch_code_D01.139,5,node_6,node_2,False
branch_code_D01,subbranch_code_D01.142,2,node_6,node_3,False
branch_code_D01,subbranch_code_D01.146,14,node_6,node_4,False
branch_code_D01,subbranch_code_D01.200,12,node_6,node_5,False
branch_code_D01,subbranch_code_D01.210,19,node_6,node_6,True
branch_code_D01,subbranch_code_D01.220,5,node_6,node_7,False
branch_code_D01,subbranch_code_D01.234,1,node_6,node_8,False
branch_code_D01,subbranch_code_D01.248,68,node_6,node_9,False
branch_code_D01,subbranch_code_D01.268,174,node_6,node_10,False
branch_code_D01,subbranch_code_D01.303,9,node_6,node_1,False
branch_code_D01,subbranch_code_D01.339,24,node_6,node_2,False
branch_code_D01,subbranch_code_D01.362,37,node_6,node_3,False
branch_code_D01,subbranch_code_D01.379,5,node_6,node_4,False
branch_code_D01,subbranch_code_D01.475,8,node_6,node_5,False
branch_code_D01,subbranch_code_D01.490,12,node_6,node_6,True
branch_code_D01,subbranch_code_D01.496,89,node_6,node_7,False
branch_code_D01,subbranch_code_D01.510,3,node_6,node_8,False
branch_code_D01,subbranch_code_D01.524,10,node_6,node_9,False
branch_code_D01,subbranch_code_D01.530,2,node_6,node_10,False
branch_code_D01,subbranch_code_D01.538,2,node_6,node_1,False
branch_code_D01,subbranch_code_D01.552,126,node_6,node_2,False
branch_code_D01,subbranch_code_D01.578,27,node_6,node_3,False
branch_code_D01,subbranch_code_D01.625,34,node_6,node_4,False
branch_code_D01,subbranch_code_D01.640,2,node_6,node_5,False
branch_code_D01,subbranch_code_D01.650,46,node_6,node_6,True
branch_code_D01,subbranch_code_D01.695,23,node_6,node_7,False
branch_code_D01,subbranch_code_D01.710,2,node_6,node_8,False
branch_code_D01,subbranch_code_D01.745,8,node_6,node_9,False
branch_code_D01,subbranch_code_D01.765,2,node_6,node_10,False
branch_code_D01,subbranch_code_D01.786,1,node_6,node_1,False
branch_code_D01,subbranch_code_D01.810,5,node_6,node_2,False
branch_code_D01,subbranch_code_D01.837,21,node_6,node_3,False
branch_code_D01,subbranch_code_D01.847,2,node_6,node_4,False
branch_code_D01,subbranch_code_D01.857,15,node_6,node_5,False
branch_code_D01,subbranch_code_D01.875,28,node_6,node_6,True
branch_code_D01,subbranch_code_D01.925,4,node_6,node_7,False
branch_code_D01,subbranch_code_D01.928,1,node_6,node_8,False
branch_code_D01,subbranch_code_D01.930,2,node_6,node_9,False
branch_code_D01,subbranch_code_D01.935,3,node_6,node_10,False
branch_code_D01,subbranch_code_D01.940,2,node_6,node_1,False
branch_code_D01,subbranch_code_D01.950,2,node_6,node_2,False
branch_code_D01,subbranch_code_D01.960,2,node_6,node_3,False
branch_code_D01,subbranch_code_D01.975,3,node_6,node_4,False
branch_code_D01,subbranch_code_D02.065,1,node_6,node_8,False
branch_code_D01,subbranch_code_D02.092,2,node_6,node_10,False
branch_code_D01,subbranch_code_D02.129,1,node_6,node_4,False
branch_code_D01,subbranch_code_D02.159,1,node_6,node_6,True
branch_code_D01,subbranch_code_D02.203,9,node_6,node_8,False
branch_code_D01,subbranch_code_D02.241,3,node_6,node_9,False
branch_code_D01,subbranch_code_D02.257,1,node_6,node_1,False
branch_code_D01,subbranch_code_D02.389,22,node_6,node_6,True
branch_code_D01,subbranch_code_D02.455,5,node_6,node_8,False
branch_code_D01,subbranch_code_D02.491,1,node_6,node_10,False
branch_code_D01,subbranch_code_D02.561,1,node_6,node_4,False
branch_code_D01,subbranch_code_D02.572,1,node_6,node_5,False
branch_code_D01,subbranch_code_D02.583,1,node_6,node_7,False
branch_code_D01,subbranch_code_D02.633,1,node_6,node_9,False
branch_code_D01,subbranch_code_D02.654,1,node_6,node_1,False
branch_code_D01,subbranch_code_D02.675,1,node_6,node_2,False
branch_code_D01,subbranch_code_D02.705,4,node_6,node_4,False
branch_code_D01,subbranch_code_D02.756,1,node_6,node_6,True
branch_code_D01,subbranch_code_D02.886,10,node_6,node_10,False
branch_code_D01,subbranch_code_D03.383,2,node_6,node_7,False
branch_code_D01,subbranch_code_D04.615,1,node_6,node_5,False
branch_code_D01,subbranch_code_D05.750,5,node_6,node_1,False
branch_code_D01,subbranch_code_D05.937,1,node_6,node_3,False
branch_code_D01,subbranch_code_D09.811,1,node_6,node_1,False
branch_code_D01,subbranch_code_D10.251,5,node_6,node_9,False
branch_code_D01,subbranch_code_D10.440,1,node_6,node_3,False
branch_code_D01,subbranch_code_D12.125,1,node_6,node_3,False
branch_code_D01,subbranch_code_D20.280,1,node_6,node_9,False
branch_code_D01,subbranch_code_D23.119,1,node_6,node_8,False
branch_code_D01,subbranch_code_D23.469,5,node_6,node_2,False
branch_code_D01,subbranch_code_D25.058,9,node_6,node_10,False
branch_code_D01,subbranch_code_D25.223,4,node_6,node_3,False
branch_code_D01,subbranch_code_D25.339,5,node_6,node_4,False
branch_code_D01,subbranch_code_D25.720,3,node_6,node_9,False
branch_code_D01,subbranch_code_D25.860,1,node_6,node_1,False
branch_code_D01,subbranch_code_D26.255,1,node_6,node_7,False
branch_code_D01,subbranch_code_D26.310,1,node_6,node_8,False
branch_code_D01,subbranch_code_D27.505,2,node_6,node_10,False
branch_code_D01,subbranch_code_D27.720,2,node_6,node_1,False
branch_code_D01,subbranch_code_D27.888,1,node_6,node_2,False
branch_code_D01,subbranch_code_G01.249,1,node_6,node_9,False
branch_code_D01,subbranch_code_G07.203,3,node_6,node_4,False
branch_code_D01,subbranch_code_G16.500,3,node_6,node_7,False
branch_code_D01,subbranch_code_J01.637,19,node_6,node_7,False
branch_code_D01,subbranch_code_J02.200,2,node_6,node_5,False
branch_code_D01,subbranch_code_J02.500,1,node_6,node_7,False
branch_code_D01,subbranch_code_N06.230,3,node_6,node_5,False
branch_code_D02,subbranch_code_D01.029,12,node_7,node_6,False
branch_code_D02,subbranch_code_D01.045,1,node_7,node_7,True
branch_code_D02,subbranch_code_D01.075,1,node_7,node_9,False
branch_code_D02,subbranch_code_D01.132,9,node_7,node_1,False
branch_code_D02,subbranch_code_D01.146,1,node_7,node_4,False
branch_code_D02,subbranch_code_D01.210,1,node_7,node_6,False
branch_code_D02,subbranch_code_D01.234,1,node_7,node_8,False
branch_code_D02,subbranch_code_D01.248,18,node_7,node_9,False
branch_code_D02,subbranch_code_D01.339,22,node_7,node_2,False
branch_code_D02,subbranch_code_D01.475,1,node_7,node_5,False
branch_code_D02,subbranch_code_D01.490,1,node_7,node_6,False
branch_code_D02,subbranch_code_D01.625,8,node_7,node_4,False
branch_code_D02,subbranch_code_D01.650,14,node_7,node_6,False
branch_code_D02,subbranch_code_D01.695,4,node_7,node_7,True
branch_code_D02,subbranch_code_D01.745,1,node_7,node_9,False
branch_code_D02,subbranch_code_D01.837,1,node_7,node_3,False
branch_code_D02,subbranch_code_D01.875,9,node_7,node_6,False
branch_code_D02,subbranch_code_D01.928,1,node_7,node_8,False
branch_code_D02,subbranch_code_D02,1,node_7,node_5,False
branch_code_D02,subbranch_code_D02.033,177,node_7,node_6,False
branch_code_D02,subbranch_code_D02.047,19,node_7,node_7,True
branch_code_D02,subbranch_code_D02.065,267,node_7,node_8,False
branch_code_D02,subbranch_code_D02.078,33,node_7,node_9,False
branch_code_D02,subbranch_code_D02.092,350,node_7,node_10,False
branch_code_D02,subbranch_code_D02.113,7,node_7,node_1,False
branch_code_D02,subbranch_code_D02.121,1,node_7,node_2,False
branch_code_D02,subbranch_code_D02.125,1,node_7,node_3,False
branch_code_D02,subbranch_code_D02.129,9,node_7,node_4,False
branch_code_D02,subbranch_code_D02.145,22,node_7,node_5,False
branch_code_D02,subbranch_code_D02.159,1,node_7,node_6,False
branch_code_D02,subbranch_code_D02.172,19,node_7,node_7,True
branch_code_D02,subbranch_code_D02.203,10,node_7,node_8,False
branch_code_D02,subbranch_code_D02.241,394,node_7,node_9,False
branch_code_D02,subbranch_code_D02.251,2,node_7,node_10,False
branch_code_D02,subbranch_code_D02.257,8,node_7,node_1,False
branch_code_D02,subbranch_code_D02.262,2,node_7,node_2,False
branch_code_D02,subbranch_code_D02.309,8,node_7,node_3,False
branch_code_D02,subbranch_code_D02.332,1,node_7,node_4,False
branch_code_D02,subbranch_code_D02.355,55,node_7,node_5,False
branch_code_D02,subbranch_code_D02.389,24,node_7,node_6,False
branch_code_D02,subbranch_code_D02.442,17,node_7,node_7,True
branch_code_D02,subbranch_code_D02.455,798,node_7,node_8,False
branch_code_D02,subbranch_code_D02.478,13,node_7,node_9,False
branch_code_D02,subbranch_code_D02.491,17,node_7,node_10,False
branch_code_D02,subbranch_code_D02.500,7,node_7,node_1,False
branch_code_D02,subbranch_code_D02.522,47,node_7,node_2,False
branch_code_D02,subbranch_code_D02.540,63,node_7,node_3,False
branch_code_D02,subbranch_code_D02.561,1,node_7,node_4,False
branch_code_D02,subbranch_code_D02.572,1,node_7,node_5,False
branch_code_D02,subbranch_code_D02.578,2,node_7,node_6,False
branch_code_D02,subbranch_code_D02.583,3,node_7,node_7,True
branch_code_D02,subbranch_code_D02.626,23,node_7,node_8,False
branch_code_D02,subbranch_code_D02.633,2,node_7,node_9,False
branch_code_D02,subbranch_code_D02.640,48,node_7,node_10,False
branch_code_D02,subbranch_code_D02.654,21,node_7,node_1,False
branch_code_D02,subbranch_code_D02.675,51,node_7,node_2,False
branch_code_D02,subbranch_code_D02.691,45,node_7,node_3,False
branch_code_D02,subbranch_code_D02.705,77,node_7,node_4,False
branch_code_D02,subbranch_code_D02.731,3,node_7,node_5,False
branch_code_D02,subbranch_code_D02.756,10,node_7,node_6,False
branch_code_D02,subbranch_code_D02.806,26,node_7,node_7,True
branch_code_D02,subbranch_code_D02.825,1,node_7,node_8,False
branch_code_D02,subbranch_code_D02.845,6,node_7,node_9,False
branch_code_D02,subbranch_code_D02.886,442,node_7,node_10,False
branch_code_D02,subbranch_code_D02.925,4,node_7,node_1,False
branch_code_D02,subbranch_code_D02.974,1,node_7,node_2,False
branch_code_D02,subbranch_code_D03.066,5,node_7,node_4,False
branch_code_D02,subbranch_code_D03.132,30,node_7,node_5,False
branch_code_D02,subbranch_code_D03.383,252,node_7,node_7,True
branch_code_D02,subbranch_code_D03.605,19,node_7,node_8,False
branch_code_D02,subbranch_code_D03.633,244,node_7,node_9,False
branch_code_D02,subbranch_code_D03.661,4,node_7,node_10,False
branch_code_D02,subbranch_code_D04.075,7,node_7,node_2,False
branch_code_D02,subbranch_code_D04.210,15,node_7,node_3,False
branch_code_D02,subbranch_code_D04.345,33,node_7,node_4,False
branch_code_D02,subbranch_code_D04.615,121,node_7,node_5,False
branch_code_D02,subbranch_code_D04.663,6,node_7,node_6,False
branch_code_D02,subbranch_code_D04.711,16,node_7,node_7,True
branch_code_D02,subbranch_code_D05.750,48,node_7,node_1,False
branch_code_D02,subbranch_code_D06.472,3,node_7,node_6,False
branch_code_D02,subbranch_code_D08.211,3,node_7,node_8,False
branch_code_D02,subbranch_code_D09.067,10,node_7,node_3,False
branch_code_D02,subbranch_code_D09.400,8,node_7,node_7,True
branch_code_D02,subbranch_code_D09.408,31,node_7,node_8,False
branch_code_D02,subbranch_code_D09.553,4,node_7,node_9,False
branch_code_D02,subbranch_code_D09.698,4,node_7,node_10,False
branch_code_D02,subbranch_code_D09.811,27,node_7,node_1,False
branch_code_D02,subbranch_code_D09.853,28,node_7,node_2,False
branch_code_D02,subbranch_code_D09.894,9,node_7,node_3,False
branch_code_D02,subbranch_code_D09.947,2,node_7,node_4,False
branch_code_D02,subbranch_code_D10.251,29,node_7,node_9,False
branch_code_D02,subbranch_code_D10.289,23,node_7,node_10,False
branch_code_D02,subbranch_code_D10.390,12,node_7,node_2,False
branch_code_D02,subbranch_code_D10.440,1,node_7,node_3,False
branch_code_D02,subbranch_code_D10.570,13,node_7,node_8,False
branch_code_D02,subbranch_code_D12.125,66,node_7,node_3,False
branch_code_D02,subbranch_code_D12.644,6,node_7,node_4,False
branch_code_D02,subbranch_code_D12.776,3,node_7,node_5,False
branch_code_D02,subbranch_code_D13.444,1,node_7,node_10,False
branch_code_D02,subbranch_code_D13.570,16,node_7,node_1,False
branch_code_D02,subbranch_code_D13.695,4,node_7,node_2,False
branch_code_D02,subbranch_code_D20.215,3,node_7,node_8,False
branch_code_D02,subbranch_code_D20.280,1,node_7,node_9,False
branch_code_D02,subbranch_code_D20.313,1,node_7,node_10,False
branch_code_D02,subbranch_code_D20.721,1,node_7,node_7,True
branch_code_D02,subbranch_code_D23.050,4,node_7,node_4,False
branch_code_D02,subbranch_code_D23.101,1,node_7,node_6,False
branch_code_D02,subbranch_code_D23.119,1,node_7,node_8,False
branch_code_D02,subbranch_code_D23.125,1,node_7,node_9,False
branch_code_D02,subbranch_code_D23.469,9,node_7,node_2,False
branch_code_D02,subbranch_code_D23.767,23,node_7,node_7,True
branch_code_D02,subbranch_code_D23.946,16,node_7,node_8,False
branch_code_D02,subbranch_code_D25.339,3,node_7,node_4,False
branch_code_D02,subbranch_code_D25.720,44,node_7,node_9,False
branch_code_D02,subbranch_code_D25.919,3,node_7,node_2,False
branch_code_D02,subbranch_code_D26.255,1,node_7,node_7,True
branch_code_D02,subbranch_code_D26.310,21,node_7,node_8,False
branch_code_D02,subbranch_code_D26.667,1,node_7,node_10,False
branch_code_D02,subbranch_code_D26.878,1,node_7,node_4,False
branch_code_D02,subbranch_code_D27.720,1,node_7,node_1,False
branch_code_D02,subbranch_code_G02.111,1,node_7,node_10,False
branch_code_D02,subbranch_code_G05.360,1,node_7,node_6,False
branch_code_D02,subbranch_code_J01.637,45,node_7,node_7,True
branch_code_D03,subbranch_code_D01.029,1,node_8,node_6,False
branch_code_D03,subbranch_code_D01.132,1,node_8,node_1,False
branch_code_D03,subbranch_code_D01.475,1,node_8,node_5,False
branch_code_D03,subbranch_code_D02.033,10,node_8,node_6,False
branch_code_D03,subbranch_code_D02.047,1,node_8,node_7,False
branch_code_D03,subbranch_code_D02.065,119,node_8,node_8,True
branch_code_D03,subbranch_code_D02.078,4,node_8,node_9,False
branch_code_D03,subbranch_code_D02.092,54,node_8,node_10,False
branch_code_D03,subbranch_code_D02.113,2,node_8,node_1,False
branch_code_D03,subbranch_code_D02.145,21,node_8,node_5,False
branch_code_D03,subbranch_code_D02.203,1,node_8,node_8,True
branch_code_D03,subbranch_code_D02.241,41,node_8,node_9,False
branch_code_D03,subbranch_code_D02.257,1,node_8,node_1,False
branch_code_D03,subbranch_code_D02.309,4,node_8,node_3,False
branch_code_D03,subbranch_code_D02.355,8,node_8,node_5,False
branch_code_D03,subbranch_code_D02.389,1,node_8,node_6,False
branch_code_D03,subbranch_code_D02.442,4,node_8,node_7,False
branch_code_D03,subbranch_code_D02.455,73,node_8,node_8,True
branch_code_D03,subbranch_code_D02.478,8,node_8,node_9,False
branch_code_D03,subbranch_code_D02.491,4,node_8,node_10,False
branch_code_D03,subbranch_code_D02.500,1,node_8,node_1,False
branch_code_D03,subbranch_code_D02.522,9,node_8,node_2,False
branch_code_D03,subbranch_code_D02.540,7,node_8,node_3,False
branch_code_D03,subbranch_code_D02.578,1,node_8,node_6,False
branch_code_D03,subbranch_code_D02.583,1,node_8,node_7,False
branch_code_D03,subbranch_code_D02.626,9,node_8,node_8,True
branch_code_D03,subbranch_code_D02.640,24,node_8,node_10,False
branch_code_D03,subbranch_code_D02.654,1,node_8,node_1,False
branch_code_D03,subbranch_code_D02.675,11,node_8,node_2,False
branch_code_D03,subbranch_code_D02.691,2,node_8,node_3,False
branch_code_D03,subbranch_code_D02.705,12,node_8,node_4,False
branch_code_D03,subbranch_code_D02.806,7,node_8,node_7,False
branch_code_D03,subbranch_code_D02.845,1,node_8,node_9,False
branch_code_D03,subbranch_code_D02.886,224,node_8,node_10,False
branch_code_D03,subbranch_code_D02.925,2,node_8,node_1,False
branch_code_D03,subbranch_code_D03,1,node_8,node_3,False
branch_code_D03,subbranch_code_D03.066,43,node_8,node_4,False
branch_code_D03,subbranch_code_D03.132,159,node_8,node_5,False
branch_code_D03,subbranch_code_D03.258,1,node_8,node_6,False
branch_code_D03,subbranch_code_D03.383,789,node_8,node_7,False
branch_code_D03,subbranch_code_D03.605,53,node_8,node_8,True
branch_code_D03,subbranch_code_D03.633,802,node_8,node_9,False
branch_code_D03,subbranch_code_D03.661,7,node_8,node_10,False
branch_code_D03,subbranch_code_D04.210,1,node_8,node_3,False
branch_code_D03,subbranch_code_D04.345,47,node_8,node_4,False
branch_code_D03,subbranch_code_D04.615,36,node_8,node_5,False
branch_code_D03,subbranch_code_D04.663,1,node_8,node_6,False
branch_code_D03,subbranch_code_D04.711,14,node_8,node_7,False
branch_code_D03,subbranch_code_D05.750,5,node_8,node_1,False
branch_code_D03,subbranch_code_D06.472,1,node_8,node_6,False
branch_code_D03,subbranch_code_D08.211,21,node_8,node_8,True
branch_code_D03,subbranch_code_D09.067,2,node_8,node_3,False
branch_code_D03,subbranch_code_D09.408,32,node_8,node_8,True
branch_code_D03,subbranch_code_D09.553,3,node_8,node_9,False
branch_code_D03,subbranch_code_D09.811,2,node_8,node_1,False
branch_code_D03,subbranch_code_D10.251,6,node_8,node_9,False
branch_code_D03,subbranch_code_D10.289,1,node_8,node_10,False
branch_code_D03,subbranch_code_D10.570,1,node_8,node_8,True
branch_code_D03,subbranch_code_D12.125,14,node_8,node_3,False
branch_code_D03,subbranch_code_D12.644,3,node_8,node_4,False
branch_code_D03,subbranch_code_D12.776,1,node_8,node_5,False
branch_code_D03,subbranch_code_D13.444,2,node_8,node_10,False
branch_code_D03,subbranch_code_D13.570,62,node_8,node_1,False
branch_code_D03,subbranch_code_D13.695,81,node_8,node_2,False
branch_code_D03,subbranch_code_D20.888,2,node_8,node_1,False
branch_code_D03,subbranch_code_D23.469,2,node_8,node_2,False
branch_code_D03,subbranch_code_D23.767,28,node_8,node_7,False
branch_code_D03,subbranch_code_D23.946,19,node_8,node_8,True
branch_code_D03,subbranch_code_D25.720,4,node_8,node_9,False
branch_code_D03,subbranch_code_D26.310,18,node_8,node_8,True
branch_code_D03,subbranch_code_D26.878,1,node_8,node_4,False
branch_code_D03,subbranch_code_G05.200,1,node_8,node_9,False
branch_code_D03,subbranch_code_J01.637,4,node_8,node_7,False
branch_code_D04,subbranch_code_D01.339,1,node_9,node_2,False
branch_code_D04,subbranch_code_D02.033,7,node_9,node_6,False
branch_code_D04,subbranch_code_D02.065,4,node_9,node_8,False
branch_code_D04,subbranch_code_D02.092,12,node_9,node_10,False
branch_code_D04,subbranch_code_D02.172,4,node_9,node_7,False
branch_code_D04,subbranch_code_D02.241,7,node_9,node_9,True
branch_code_D04,subbranch_code_D02.257,1,node_9,node_1,False
branch_code_D04,subbranch_code_D02.355,12,node_9,node_5,False
branch_code_D04,subbranch_code_D02.389,1,node_9,node_6,False
branch_code_D04,subbranch_code_D02.455,165,node_9,node_8,False
branch_code_D04,subbranch_code_D02.478,1,node_9,node_9,True
branch_code_D04,subbranch_code_D02.500,2,node_9,node_1,False
branch_code_D04,subbranch_code_D02.522,2,node_9,node_2,False
branch_code_D04,subbranch_code_D02.540,22,node_9,node_3,False
branch_code_D04,subbranch_code_D02.626,1,node_9,node_8,False
branch_code_D04,subbranch_code_D02.640,1,node_9,node_10,False
branch_code_D04,subbranch_code_D02.691,1,node_9,node_3,False
branch_code_D04,subbranch_code_D02.806,14,node_9,node_7,False
branch_code_D04,subbranch_code_D02.886,16,node_9,node_10,False
branch_code_D04,subbranch_code_D03.132,30,node_9,node_5,False
branch_code_D04,subbranch_code_D03.383,50,node_9,node_7,False
branch_code_D04,subbranch_code_D03.605,25,node_9,node_8,False
branch_code_D04,subbranch_code_D03.633,81,node_9,node_9,True
branch_code_D04,subbranch_code_D04,1,node_9,node_1,False
branch_code_D04,subbranch_code_D04.075,7,node_9,node_2,False
branch_code_D04,subbranch_code_D04.210,270,node_9,node_3,False
branch_code_D04,subbranch_code_D04.345,117,node_9,node_4,False
branch_code_D04,subbranch_code_D04.615,149,node_9,node_5,False
branch_code_D04,subbranch_code_D04.663,6,node_9,node_6,False
branch_code_D04,subbranch_code_D04.711,17,node_9,node_7,False
branch_code_D04,subbranch_code_D06.472,51,node_9,node_6,False
branch_code_D04,subbranch_code_D08.211,1,node_9,node_8,False
branch_code_D04,subbranch_code_D09.301,5,node_9,node_6,False
branch_code_D04,subbranch_code_D09.408,29,node_9,node_8,False
branch_code_D04,subbranch_code_D09.698,6,node_9,node_10,False
branch_code_D04,subbranch_code_D10.212,1,node_9,node_8,False
branch_code_D04,subbranch_code_D10.289,1,node_9,node_10,False
branch_code_D04,subbranch_code_D10.477,4,node_9,node_5,False
branch_code_D04,subbranch_code_D10.532,3,node_9,node_7,False
branch_code_D04,subbranch_code_D10.570,34,node_9,node_8,False
branch_code_D04,subbranch_code_D12.125,4,node_9,node_3,False
branch_code_D04,subbranch_code_D12.644,38,node_9,node_4,False
branch_code_D04,subbranch_code_D12.776,10,node_9,node_5,False
branch_code_D04,subbranch_code_D20.215,2,node_9,node_8,False
branch_code_D04,subbranch_code_D23.704,6,node_9,node_6,False
branch_code_D04,subbranch_code_D23.767,20,node_9,node_7,False
branch_code_D04,subbranch_code_D23.946,15,node_9,node_8,False
branch_code_D04,subbranch_code_D26.310,8,node_9,node_8,False
branch_code_D04,subbranch_code_D27.505,1,node_9,node_10,False
branch_code_D05,subbranch_code_A11.284,3,node_10,node_6,False
branch_code_D05,subbranch_code_D01.248,2,node_10,node_9,False
branch_code_D05,subbranch_code_D01.268,1,node_10,node_10,True
branch_code_D05,subbranch_code_D01.475,1,node_10,node_5,False
branch_code_D05,subbranch_code_D01.552,1,node_10,node_2,False
branch_code_D05,subbranch_code_D01.837,1,node_10,node_3,False
branch_code_D05,subbranch_code_D02.033,11,node_10,node_6,False
branch_code_D05,subbranch_code_D02.092,2,node_10,node_10,True
branch_code_D05,subbranch_code_D02.113,1,node_10,node_1,False
branch_code_D05,subbranch_code_D02.241,12,node_10,node_9,False
branch_code_D05,subbranch_code_D02.455,17,node_10,node_8,False
branch_code_D05,subbranch_code_D02.491,1,node_10,node_10,True
branch_code_D05,subbranch_code_D02.522,1,node_10,node_2,False
branch_code_D05,subbranch_code_D02.626,3,node_10,node_8,False
branch_code_D05,subbranch_code_D02.691,1,node_10,node_3,False
branch_code_D05,subbranch_code_D02.756,8,node_10,node_6,False
branch_code_D05,subbranch_code_D02.886,1,node_10,node_10,True
branch_code_D05,subbranch_code_D03.383,5,node_10,node_7,False
branch_code_D05,subbranch_code_D03.633,1,node_10,node_9,False
branch_code_D05,subbranch_code_D05,1,node_10,node_8,False
branch_code_D05,subbranch_code_D05.374,1,node_10,node_9,False
branch_code_D05,subbranch_code_D05.500,91,node_10,node_10,True
branch_code_D05,subbranch_code_D05.750,212,node_10,node_1,False
branch_code_D05,subbranch_code_D05.875,1,node_10,node_2,False
branch_code_D05,subbranch_code_D05.937,3,node_10,node_3,False
branch_code_D05,subbranch_code_D06.472,1,node_10,node_6,False
branch_code_D05,subbranch_code_D08.244,2,node_10,node_9,False
branch_code_D05,subbranch_code_D08.811,71,node_10,node_1,False
branch_code_D05,subbranch_code_D09.301,4,node_10,node_6,False
branch_code_D05,subbranch_code_D09.698,23,node_10,node_10,True
branch_code_D05,subbranch_code_D10.751,2,node_10,node_10,True
branch_code_D05,subbranch_code_D12.644,14,node_10,node_4,False
branch_code_D05,subbranch_code_D12.776,145,node_10,node_5,False
branch_code_D05,subbranch_code_D20.215,13,node_10,node_8,False
branch_code_D05,subbranch_code_D20.280,3,node_10,node_9,False
branch_code_D05,subbranch_code_D20.538,1,node_10,node_3,False
branch_code_D05,subbranch_code_D23.767,2,node_10,node_7,False
branch_code_D05,subbranch_code_D25.058,1,node_10,node_10,True
branch_code_D05,subbranch_code_D25.130,1,node_10,node_1,False
branch_code_D05,subbranch_code_D25.339,8,node_10,node_4,False
branch_code_D05,subbranch_code_D25.720,78,node_10,node_9,False
branch_code_D05,subbranch_code_D25.860,3,node_10,node_1,False
branch_code_D05,subbranch_code_D25.919,3,node_10,node_2,False
branch_code_D05,subbranch_code_D26.255,4,node_10,node_7,False
branch_code_D05,subbranch_code_D27.720,4,node_10,node_1,False
branch_code_D05,subbranch_code_E02.319,2,node_10,node_1,False
branch_code_D05,subbranch_code_E02.980,1,node_10,node_4,False
branch_code_D05,subbranch_code_G05.360,1,node_10,node_6,False
branch_code_D05,subbranch_code_G07.203,3,node_10,node_4,False
branch_code_D05,subbranch_code_J01.637,83,node_10,node_7,False
branch_code_D05,subbranch_code_J02.500,3,node_10,node_7,False
branch_code_D06,subbranch_code_D02.065,1,node_1,node_8,False
branch_code_D06,subbranch_code_D02.455,3,node_1,node_8,False
branch_code_D06,subbranch_code_D03.633,1,node_1,node_9,False
branch_code_D06,subbranch_code_D04.210,51,node_1,node_3,False
branch_code_D06,subbranch_code_D05.750,1,node_1,node_1,True
branch_code_D06,subbranch_code_D06,1,node_1,node_4,False
branch_code_D06,subbranch_code_D06.347,15,node_1,node_5,False
branch_code_D06,subbranch_code_D06.472,234,node_1,node_6,False
branch_code_D06,subbranch_code_D09.400,6,node_1,node_7,False
branch_code_D06,subbranch_code_D10.570,1,node_1,node_8,False
branch_code_D06,subbranch_code_D12.125,8,node_1,node_3,False
branch_code_D06,subbranch_code_D12.644,132,node_1,node_4,False
branch_code_D06,subbranch_code_D12.776,80,node_1,node_5,False
branch_code_D06,subbranch_code_D20.215,1,node_1,node_8,False
branch_code_D06,subbranch_code_D20.888,1,node_1,node_1,True
branch_code_D06,subbranch_code_D23.101,2,node_1,node_6,False
branch_code_D06,subbranch_code_D23.469,5,node_1,node_2,False
branch_code_D06,subbranch_code_D23.529,9,node_1,node_3,False
branch_code_D06,subbranch_code_D23.704,1,node_1,node_6,False
branch_code_D06,subbranch_code_D23.946,1,node_1,node_8,False
branch_code_D06,subbranch_code_D26.310,1,node_1,node_8,False
branch_code_D06,subbranch_code_D27.505,18,node_1,node_10,False
branch_code_D08,subbranch_code_A11.284,1,node_2,node_6,False
branch_code_D08,subbranch_code_D02.241,1,node_2,node_9,False
branch_code_D08,subbranch_code_D02.806,1,node_2,node_7,False
branch_code_D08,subbranch_code_D02.886,2,node_2,node_10,False
branch_code_D08,subbranch_code_D03.383,4,node_2,node_7,False
branch_code_D08,subbranch_code_D03.633,18,node_2,node_9,False
branch_code_D08,subbranch_code_D04.345,1,node_2,node_4,False
branch_code_D08,subbranch_code_D05.500,56,node_2,node_10,False
branch_code_D08,subbranch_code_D05.750,15,node_2,node_1,False
branch_code_D08,subbranch_code_D08,1,node_2,node_7,False
branch_code_D08,subbranch_code_D08.211,29,node_2,node_8,False
branch_code_D08,subbranch_code_D08.244,71,node_2,node_9,False
branch_code_D08,subbranch_code_D08.622,18,node_2,node_10,False
branch_code_D08,subbranch_code_D08.811,1838,node_2,node_1,False
branch_code_D08,subbranch_code_D09.400,19,node_2,node_7,False
branch_code_D08,subbranch_code_D10.251,3,node_2,node_9,False
branch_code_D08,subbranch_code_D12.644,22,node_2,node_4,False
branch_code_D08,subbranch_code_D12.776,785,node_2,node_5,False
branch_code_D08,subbranch_code_D13.444,3,node_2,node_10,False
branch_code_D08,subbranch_code_D13.695,9,node_2,node_2,True
branch_code_D08,subbranch_code_D20.777,2,node_2,node_9,False
branch_code_D08,subbranch_code_D20.888,2,node_2,node_1,False
branch_code_D08,subbranch_code_D23.050,13,node_2,node_4,False
branch_code_D08,subbranch_code_D23.101,8,node_2,node_6,False
branch_code_D08,subbranch_code_D23.113,1,node_2,node_7,False
branch_code_D08,subbranch_code_D23.119,17,node_2,node_8,False
branch_code_D08,subbranch_code_D23.529,3,node_2,node_3,False
branch_code_D08,subbranch_code_D23.767,7,node_2,node_7,False
branch_code_D08,subbranch_code_D23.946,13,node_2,node_8,False
branch_code_D09,subbranch_code_A11.284,1,node_3,node_6,False
branch_code_D09,subbranch_code_D01.490,1,node_3,node_6,False
branch_code_D09,subbranch_code_D02.033,30,node_3,node_6,False
branch_code_D09,subbranch_code_D02.047,1,node_3,node_7,False
branch_code_D09,subbranch_code_D02.065,8,node_3,node_8,False
branch_code_D09,subbranch_code_D02.078,1,node_3,node_9,False
branch_code_D09,subbranch_code_D02.092,1,node_3,node_10,False
branch_code_D09,subbranch_code_D02.125,1,node_3,node_3,True
branch_code_D09,subbranch_code_D02.241,32,node_3,node_9,False
branch_code_D09,subbranch_code_D02.257,1,node_3,node_1,False
branch_code_D09,subbranch_code_D02.455,26,node_3,node_8,False
branch_code_D09,subbranch_code_D02.491,4,node_3,node_10,False
branch_code_D09,subbranch_code_D02.540,2,node_3,node_3,True
branch_code_D09,subbranch_code_D02.583,1,node_3,node_7,False
branch_code_D09,subbranch_code_D02.626,1,node_3,node_8,False
branch_code_D09,subbranch_code_D02.654,1,node_3,node_1,False
branch_code_D09,subbranch_code_D02.705,2,node_3,node_4,False
branch_code_D09,subbranch_code_D02.806,2,node_3,node_7,False
branch_code_D09,subbranch_code_D02.886,10,node_3,node_10,False
branch_code_D09,subbranch_code_D03.132,3,node_3,node_5,False
branch_code_D09,subbranch_code_D03.383,25,node_3,node_7,False
branch_code_D09,subbranch_code_D03.633,15,node_3,node_9,False
branch_code_D09,subbranch_code_D04.210,16,node_3,node_3,True
branch_code_D09,subbranch_code_D04.345,7,node_3,node_4,False
branch_code_D09,subbranch_code_D04.615,13,node_3,node_5,False
branch_code_D09,subbranch_code_D05.750,23,node_3,node_1,False
branch_code_D09,subbranch_code_D06.472,6,node_3,node_6,False
branch_code_D09,subbranch_code_D08.622,1,node_3,node_10,False
branch_code_D09,subbranch_code_D08.811,18,node_3,node_1,False
branch_code_D09,subbranch_code_D09,1,node_3,node_2,False
branch_code_D09,subbranch_code_D09.067,18,node_3,node_3,True
branch_code_D09,subbranch_code_D09.161,1,node_3,node_4,False
branch_code_D09,subbranch_code_D09.254,6,node_3,node_5,False
branch_code_D09,subbranch_code_D09.301,18,node_3,node_6,False
branch_code_D09,subbranch_code_D09.400,359,node_3,node_7,False
branch_code_D09,subbranch_code_D09.408,117,node_3,node_8,False
branch_code_D09,subbranch_code_D09.553,4,node_3,node_9,False
branch_code_D09,subbranch_code_D09.698,109,node_3,node_10,False
branch_code_D09,subbranch_code_D09.811,28,node_3,node_1,False
branch_code_D09,subbranch_code_D09.853,28,node_3,node_2,False
branch_code_D09,subbranch_code_D09.894,24,node_3,node_3,True
branch_code_D09,subbranch_code_D09.947,36,node_3,node_4,False
branch_code_D09,subbranch_code_D09.973,1,node_3,node_5,False
branch_code_D09,subbranch_code_D10.390,24,node_3,node_2,False
branch_code_D09,subbranch_code_D10.494,3,node_3,node_6,False
branch_code_D09,subbranch_code_D10.532,2,node_3,node_7,False
branch_code_D09,subbranch_code_D10.570,21,node_3,node_8,False
branch_code_D09,subbranch_code_D12.644,54,node_3,node_4,False
branch_code_D09,subbranch_code_D12.776,328,node_3,node_5,False
branch_code_D09,subbranch_code_D13.570,3,node_3,node_1,False
branch_code_D09,subbranch_code_D13.695,21,node_3,node_2,False
branch_code_D09,subbranch_code_D20.215,8,node_3,node_8,False
branch_code_D09,subbranch_code_D23.050,129,node_3,node_4,False
branch_code_D09,subbranch_code_D23.101,11,node_3,node_6,False
branch_code_D09,subbranch_code_D23.113,2,node_3,node_7,False
branch_code_D09,subbranch_code_D23.529,26,node_3,node_3,True
branch_code_D09,subbranch_code_D23.767,1,node_3,node_7,False
branch_code_D09,subbranch_code_D23.946,10,node_3,node_8,False
branch_code_D09,subbranch_code_D25.720,3,node_3,node_9,False
branch_code_D09,subbranch_code_D26.310,1,node_3,node_8,False
branch_code_D09,subbranch_code_D27.720,2,node_3,node_1,False
branch_code_D09,subbranch_code_E02.980,1,node_3,node_4,False
branch_code_D09,subbranch_code_G07.203,10,node_3,node_4,False
branch_code_D09,subbranch_code_J01.637,2,node_3,node_7,False
branch_code_D09,subbranch_code_J02.500,10,node_3,node_7,False
branch_code_D10,subbranch_code_D01.248,6,node_4,node_9,False
branch_code_D10,subbranch_code_D01.339,6,node_4,node_2,False
branch_code_D10,subbranch_code_D01.650,6,node_4,node_6,False
branch_code_D10,subbranch_code_D02.033,28,node_4,node_6,False
branch_code_D10,subbranch_code_D02.065,10,node_4,node_8,False
branch_code_D10,subbranch_code_D02.092,4,node_4,node_10,False
branch_code_D10,subbranch_code_D02.241,18,node_4,node_9,False
branch_code_D10,subbranch_code_D02.355,3,node_4,node_5,False
branch_code_D10,subbranch_code_D02.389,6,node_4,node_6,False
branch_code_D10,subbranch_code_D02.455,19,node_4,node_8,False
branch_code_D10,subbranch_code_D02.522,1,node_4,node_2,False
branch_code_D10,subbranch_code_D02.540,1,node_4,node_3,False
branch_code_D10,subbranch_code_D02.675,1,node_4,node_2,False
branch_code_D10,subbranch_code_D02.705,1,node_4,node_4,True
branch_code_D10,subbranch_code_D02.886,3,node_4,node_10,False
branch_code_D10,subbranch_code_D03.132,2,node_4,node_5,False
branch_code_D10,subbranch_code_D03.383,3,node_4,node_7,False
branch_code_D10,subbranch_code_D03.633,3,node_4,node_9,False
branch_code_D10,subbranch_code_D04.210,34,node_4,node_3,False
branch_code_D10,subbranch_code_D04.345,5,node_4,node_4,True
branch_code_D10,subbranch_code_D05.750,2,node_4,node_1,False
branch_code_D10,subbranch_code_D06.472,1,node_4,node_6,False
branch_code_D10,subbranch_code_D08.211,2,node_4,node_8,False
branch_code_D10,subbranch_code_D08.244,1,node_4,node_9,False
branch_code_D10,subbranch_code_D08.811,1,node_4,node_1,False
branch_code_D10,subbranch_code_D09.400,23,node_4,node_7,False
branch_code_D10,subbranch_code_D09.408,1,node_4,node_8,False
branch_code_D10,subbranch_code_D09.698,3,node_4,node_10,False
branch_code_D10,subbranch_code_D09.853,2,node_4,node_2,False
branch_code_D10,subbranch_code_D09.894,5,node_4,node_3,False
branch_code_D10,subbranch_code_D10,1,node_4,node_6,False
branch_code_D10,subbranch_code_D10.150,1,node_4,node_7,False
branch_code_D10,subbranch_code_D10.212,28,node_4,node_8,False
branch_code_D10,subbranch_code_D10.251,127,node_4,node_9,False
branch_code_D10,subbranch_code_D10.289,23,node_4,node_10,False
branch_code_D10,subbranch_code_D10.351,6,node_4,node_1,False
branch_code_D10,subbranch_code_D10.390,25,node_4,node_2,False
branch_code_D10,subbranch_code_D10.440,1,node_4,node_3,False
branch_code_D10,subbranch_code_D10.460,1,node_4,node_4,True
branch_code_D10,subbranch_code_D10.477,7,node_4,node_5,False
branch_code_D10,subbranch_code_D10.494,3,node_4,node_6,False
branch_code_D10,subbranch_code_D10.532,38,node_4,node_7,False
branch_code_D10,subbranch_code_D10.570,79,node_4,node_8,False
branch_code_D10,subbranch_code_D10.627,27,node_4,node_9,False
branch_code_D10,subbranch_code_D10.751,2,node_4,node_10,False
branch_code_D10,subbranch_code_D10.945,2,node_4,node_1,False
branch_code_D10,subbranch_code_D12.644,7,node_4,node_4,True
branch_code_D10,subbranch_code_D12.776,45,node_4,node_5,False
branch_code_D10,subbranch_code_D13.695,1,node_4,node_2,False
branch_code_D10,subbranch_code_D20.215,18,node_4,node_8,False
branch_code_D10,subbranch_code_D23.050,4,node_4,node_4,True
branch_code_D10,subbranch_code_D23.119,1,node_4,node_8,False
branch_code_D10,subbranch_code_D23.469,43,node_4,node_2,False
branch_code_D10,subbranch_code_D23.704,6,node_4,node_6,False
branch_code_D10,subbranch_code_D23.767,2,node_4,node_7,False
branch_code_D10,subbranch_code_D23.946,4,node_4,node_8,False
branch_code_D10,subbranch_code_D26.310,1,node_4,node_8,False
branch_code_D10,subbranch_code_G07.203,11,node_4,node_4,True
branch_code_D10,subbranch_code_J01.637,1,node_4,node_7,False
branch_code_D10,subbranch_code_J02.500,11,node_4,node_7,False
branch_code_D12,subbranch_code_A11.284,9,node_5,node_6,False
branch_code_D12,subbranch_code_A12.207,2,node_5,node_8,False
branch_code_D12,subbranch_code_A12.790,2,node_5,node_3,False
branch_code_D12,subbranch_code_D01.248,1,node_5,node_9,False
branch_code_D12,subbranch_code_D01.875,1,node_5,node_6,False
branch_code_D12,subbranch_code_D02.065,4,node_5,node_8,False
branch_code_D12,subbranch_code_D02.078,1,node_5,node_9,False
branch_code_D12,subbranch_code_D02.092,10,node_5,node_10,False
branch_code_D12,subbranch_code_D02.172,1,node_5,node_7,False
branch_code_D12,subbranch_code_D02.241,20,node_5,node_9,False
branch_code_D12,subbranch_code_D02.455,15,node_5,node_8,False
branch_code_D12,subbranch_code_D02.478,1,node_5,node_9,False
branch_code_D12,subbranch_code_D02.491,5,node_5,node_10,False
branch_code_D12,subbranch_code_D02.540,1,node_5,node_3,False
branch_code_D12,subbranch_code_D02.654,2,node_5,node_1,False
branch_code_D12,subbranch_code_D02.675,2,node_5,node_2,False
branch_code_D12,subbranch_code_D02.691,5,node_5,node_3,False
branch_code_D12,subbranch_code_D02.705,2,node_5,node_4,False
branch_code_D12,subbranch_code_D02.731,2,node_5,node_5,True
branch_code_D12,subbranch_code_D02.886,31,node_5,node_10,False
branch_code_D12,subbranch_code_D03.132,2,node_5,node_5,True
branch_code_D12,subbranch_code_D03.383,13,node_5,node_7,False
branch_code_D12,subbranch_code_D03.633,6,node_5,node_9,False
branch_code_D12,subbranch_code_D04.210,6,node_5,node_3,False
branch_code_D12,subbranch_code_D04.345,40,node_5,node_4,False
branch_code_D12,subbranch_code_D05.500,56,node_5,node_10,False
branch_code_D12,subbranch_code_D05.750,94,node_5,node_1,False
branch_code_D12,subbranch_code_D06.472,142,node_5,node_6,False
branch_code_D12,subbranch_code_D08.211,1,node_5,node_8,False
branch_code_D12,subbranch_code_D08.244,70,node_5,node_9,False
branch_code_D12,subbranch_code_D08.622,18,node_5,node_10,False
branch_code_D12,subbranch_code_D08.811,754,node_5,node_1,False
branch_code_D12,subbranch_code_D09.067,1,node_5,node_3,False
branch_code_D12,subbranch_code_D09.400,333,node_5,node_7,False
branch_code_D12,subbranch_code_D09.408,2,node_5,node_8,False
branch_code_D12,subbranch_code_D09.698,16,node_5,node_10,False
branch_code_D12,subbranch_code_D09.811,1,node_5,node_1,False
branch_code_D12,subbranch_code_D10.251,1,node_5,node_9,False
branch_code_D12,subbranch_code_D10.477,7,node_5,node_5,True
branch_code_D12,subbranch_code_D10.532,38,node_5,node_7,False
branch_code_D12,subbranch_code_D10.570,6,node_5,node_8,False
branch_code_D12,subbranch_code_D12,1,node_5,node_2,False
branch_code_D12,subbranch_code_D12.125,160,node_5,node_3,False
branch_code_D12,subbranch_code_D12.644,819,node_5,node_4,False
branch_code_D12,subbranch_code_D12.776,3851,node_5,node_5,True
branch_code_D12,subbranch_code_D12.888,1,node_5,node_6,False
branch_code_D12,subbranch_code_D13.444,1,node_5,node_10,False
branch_code_D12,subbranch_code_D13.570,2,node_5,node_1,False
branch_code_D12,subbranch_code_D20.215,18,node_5,node_8,False
branch_code_D12,subbranch_code_D20.888,11,node_5,node_1,False
branch_code_D12,subbranch_code_D23.050,229,node_5,node_4,False
branch_code_D12,subbranch_code_D23.101,41,node_5,node_6,False
branch_code_D12,subbranch_code_D23.113,4,node_5,node_7,False
branch_code_D12,subbranch_code_D23.119,37,node_5,node_8,False
branch_code_D12,subbranch_code_D23.125,43,node_5,node_9,False
branch_code_D12,subbranch_code_D23.297,1,node_5,node_10,False
branch_code_D12,subbranch_code_D23.383,1,node_5,node_1,False
branch_code_D12,subbranch_code_D23.469,60,node_5,node_2,False
branch_code_D12,subbranch_code_D23.529,279,node_5,node_3,False
branch_code_D12,subbranch_code_D23.641,1,node_5,node_5,True
branch_code_D12,subbranch_code_D23.767,12,node_5,node_7,False
branch_code_D12,subbranch_code_D23.946,28,node_5,node_8,False
branch_code_D12,subbranch_code_D25.720,1,node_5,node_9,False
branch_code_D12,subbranch_code_D26.255,1,node_5,node_7,False
branch_code_D12,subbranch_code_D26.310,3,node_5,node_8,False
branch_code_D12,subbranch_code_D27.505,4,node_5,node_10,False
branch_code_D12,subbranch_code_D27.888,1,node_5,node_2,False
branch_code_D12,subbranch_code_E02.319,1,node_5,node_1,False
branch_code_D12,subbranch_code_G02.111,8,node_5,node_10,False
branch_code_D12,subbranch_code_G05.360,7,node_5,node_6,False
branch_code_D12,subbranch_code_G07.203,16,node_5,node_4,False
branch_code_D12,subbranch_code_G12.500,4,node_5,node_8,False
branch_code_D12,subbranch_code_J01.637,4,node_5,node_7,False
branch_code_D12,subbranch_code_J02.500,16,node_5,node_7,False
branch_code_D13,subbranch_code_D02.065,1,node_6,node_8,False
branch_code_D13,subbranch_code_D02.092,2,node_6,node_10,False
branch_code_D13,subbranch_code_D02.145,3,node_6,node_5,False
branch_code_D13,subbranch_code_D02.241,4,node_6,node_9,False
branch_code_D13,subbranch_code_D02.251,1,node_6,node_10,False
branch_code_D13,subbranch_code_D02.455,1,node_6,node_8,False
branch_code_D13,subbranch_code_D02.675,1,node_6,node_2,False
branch_code_D13,subbranch_code_D02.705,2,node_6,node_4,False
branch_code_D13,subbranch_code_D02.886,10,node_6,node_10,False
branch_code_D13,subbranch_code_D03.383,66,node_6,node_7,False
branch_code_D13,subbranch_code_D03.633,78,node_6,node_9,False
branch_code_D13,subbranch_code_D08.211,9,node_6,node_8,False
branch_code_D13,subbranch_code_D08.811,3,node_6,node_1,False
branch_code_D13,subbranch_code_D09.067,1,node_6,node_3,False
branch_code_D13,subbranch_code_D09.408,23,node_6,node_8,False
branch_code_D13,subbranch_code_D09.811,1,node_6,node_1,False
branch_code_D13,subbranch_code_D10.251,1,node_6,node_9,False
branch_code_D13,subbranch_code_D12.125,3,node_6,node_3,False
branch_code_D13,subbranch_code_D13,1,node_6,node_7,False
branch_code_D13,subbranch_code_D13.150,10,node_6,node_8,False
branch_code_D13,subbranch_code_D13.400,2,node_6,node_9,False
branch_code_D13,subbranch_code_D13.444,140,node_6,node_10,False
branch_code_D13,subbranch_code_D13.570,72,node_6,node_1,False
branch_code_D13,subbranch_code_D13.695,117,node_6,node_2,False
branch_code_D13,subbranch_code_D23.767,2,node_6,node_7,False
branch_code_D13,subbranch_code_D26.310,2,node_6,node_8,False
branch_code_D13,subbranch_code_D26.675,1,node_6,node_2,False
branch_code_D13,subbranch_code_D27.505,6,node_6,node_10,False
branch_code_D13,subbranch_code_D27.720,15,node_6,node_1,False
branch_code_D13,subbranch_code_G02.111,19,node_6,node_10,False
branch_code_D13,subbranch_code_G05.200,2,node_6,node_9,False
branch_code_D13,subbranch_code_G05.360,28,node_6,node_6,True
branch_code_D13,subbranch_code_G05.365,1,node_6,node_7,False
branch_code_D20,subbranch_code_A12.200,1,node_7,node_7,True
branch_code_D20,subbranch_code_A12.207,2,node_7,node_8,False
branch_code_D20,subbranch_code_D01.837,1,node_7,node_3,False
branch_code_D20,subbranch_code_D02.033,1,node_7,node_6,False
branch_code_D20,subbranch_code_D02.241,1,node_7,node_9,False
branch_code_D20,subbranch_code_D02.332,1,node_7,node_4,False
branch_code_D20,subbranch_code_D02.455,4,node_7,node_8,False
branch_code_D20,subbranch_code_D02.540,1,node_7,node_3,False
branch_code_D20,subbranch_code_D02.806,2,node_7,node_7,True
branch_code_D20,subbranch_code_D03.633,2,node_7,node_9,False
branch_code_D20,subbranch_code_D04.615,2,node_7,node_5,False
branch_code_D20,subbranch_code_D05.750,17,node_7,node_1,False
branch_code_D20,subbranch_code_D06.472,2,node_7,node_6,False
branch_code_D20,subbranch_code_D08.811,4,node_7,node_1,False
branch_code_D20,subbranch_code_D09.408,1,node_7,node_8,False
branch_code_D20,subbranch_code_D09.698,7,node_7,node_10,False
branch_code_D20,subbranch_code_D10.212,10,node_7,node_8,False
branch_code_D20,subbranch_code_D10.570,1,node_7,node_8,False
branch_code_D20,subbranch_code_D10.627,17,node_7,node_9,False
branch_code_D20,subbranch_code_D12.644,8,node_7,node_4,False
branch_code_D20,subbranch_code_D12.776,26,node_7,node_5,False
branch_code_D20,subbranch_code_D20,1,node_7,node_3,False
branch_code_D20,subbranch_code_D20.050,1,node_7,node_4,False
branch_code_D20,subbranch_code_D20.065,1,node_7,node_5,False
branch_code_D20,subbranch_code_D20.080,1,node_7,node_6,False
branch_code_D20,subbranch_code_D20.147,1,node_7,node_7,True
branch_code_D20,subbranch_code_D20.215,167,node_7,node_8,False
branch_code_D20,subbranch_code_D20.280,14,node_7,node_9,False
branch_code_D20,subbranch_code_D20.313,1,node_7,node_10,False
branch_code_D20,subbranch_code_D20.345,8,node_7,node_1,False
branch_code_D20,subbranch_code_D20.475,1,node_7,node_2,False
branch_code_D20,subbranch_code_D20.538,1,node_7,node_3,False
branch_code_D20,subbranch_code_D20.601,1,node_7,node_4,False
branch_code_D20,subbranch_code_D20.633,8,node_7,node_5,False
branch_code_D20,subbranch_code_D20.693,6,node_7,node_6,False
branch_code_D20,subbranch_code_D20.721,4,node_7,node_7,True
branch_code_D20,subbranch_code_D20.749,3,node_7,node_8,False
branch_code_D20,subbranch_code_D20.777,9,node_7,node_9,False
branch_code_D20,subbranch_code_D20.832,1,node_7,node_10,False
branch_code_D20,subbranch_code_D20.888,38,node_7,node_1,False
branch_code_D20,subbranch_code_D20.944,12,node_7,node_2,False
branch_code_D20,subbranch_code_D23.050,11,node_7,node_4,False
branch_code_D20,subbranch_code_D23.469,2,node_7,node_2,False
branch_code_D20,subbranch_code_D23.529,2,node_7,node_3,False
branch_code_D20,subbranch_code_D23.946,39,node_7,node_8,False
branch_code_D20,subbranch_code_D25.339,1,node_7,node_4,False
branch_code_D20,subbranch_code_D25.720,6,node_7,node_9,False
branch_code_D20,subbranch_code_D26.255,13,node_7,node_7,True
branch_code_D20,subbranch_code_D26.335,1,node_7,node_9,False
branch_code_D20,subbranch_code_D26.667,4,node_7,node_10,False
branch_code_D20,subbranch_code_D27.888,5,node_7,node_2,False
branch_code_D20,subbranch_code_E02.319,1,node_7,node_1,False
branch_code_D20,subbranch_code_G01.060,1,node_7,node_4,False
branch_code_D20,subbranch_code_G01.311,3,node_7,node_1,False
branch_code_D20,subbranch_code_G07.203,10,node_7,node_4,False
branch_code_D20,subbranch_code_G16.500,5,node_7,node_7,True
branch_code_D20,subbranch_code_J01.576,1,node_7,node_6,False
branch_code_D20,subbranch_code_J01.637,7,node_7,node_7,True
branch_code_D20,subbranch_code_J02.200,4,node_7,node_5,False
branch_code_D20,subbranch_code_J02.350,1,node_7,node_6,False
branch_code_D20,subbranch_code_J02.500,6,node_7,node_7,True
branch_code_D20,subbranch_code_N06.230,13,node_7,node_5,False
branch_code_D20,subbranch_code_N06.850,13,node_7,node_6,False
branch_code_D23,subbranch_code_A12.200,1,node_8,node_7,False
branch_code_D23,subbranch_code_D01.248,5,node_8,node_9,False
branch_code_D23,subbranch_code_D01.268,1,node_8,node_10,False
branch_code_D23,subbranch_code_D01.339,5,node_8,node_2,False
branch_code_D23,subbranch_code_D01.552,1,node_8,node_2,False
branch_code_D23,subbranch_code_D01.650,5,node_8,node_6,False
branch_code_D23,subbranch_code_D02.033,2,node_8,node_6,False
branch_code_D23,subbranch_code_D02.047,1,node_8,node_7,False
branch_code_D23,subbranch_code_D02.065,1,node_8,node_8,True
branch_code_D23,subbranch_code_D02.092,4,node_8,node_10,False
branch_code_D23,subbranch_code_D02.129,1,node_8,node_4,False
branch_code_D23,subbranch_code_D02.172,1,node_8,node_7,False
branch_code_D23,subbranch_code_D02.241,2,node_8,node_9,False
branch_code_D23,subbranch_code_D02.257,1,node_8,node_1,False
branch_code_D23,subbranch_code_D02.355,5,node_8,node_5,False
branch_code_D23,subbranch_code_D02.389,5,node_8,node_6,False
branch_code_D23,subbranch_code_D02.455,36,node_8,node_8,True
branch_code_D23,subbranch_code_D02.540,7,node_8,node_3,False
branch_code_D23,subbranch_code_D02.640,3,node_8,node_10,False
branch_code_D23,subbranch_code_D02.675,1,node_8,node_2,False
branch_code_D23,subbranch_code_D02.886,1,node_8,node_10,False
branch_code_D23,subbranch_code_D03.132,1,node_8,node_5,False
branch_code_D23,subbranch_code_D03.383,30,node_8,node_7,False
branch_code_D23,subbranch_code_D03.633,43,node_8,node_9,False
branch_code_D23,subbranch_code_D04.210,6,node_8,node_3,False
branch_code_D23,subbranch_code_D04.345,33,node_8,node_4,False
branch_code_D23,subbranch_code_D04.615,2,node_8,node_5,False
branch_code_D23,subbranch_code_D05.500,2,node_8,node_10,False
branch_code_D23,subbranch_code_D06.472,18,node_8,node_6,False
branch_code_D23,subbranch_code_D08.211,4,node_8,node_8,True
branch_code_D23,subbranch_code_D08.622,10,node_8,node_10,False
branch_code_D23,subbranch_code_D08.811,44,node_8,node_1,False
branch_code_D23,subbranch_code_D09.400,158,node_8,node_7,False
branch_code_D23,subbranch_code_D09.408,3,node_8,node_8,True
branch_code_D23,subbranch_code_D09.698,8,node_8,node_10,False
branch_code_D23,subbranch_code_D09.894,1,node_8,node_3,False
branch_code_D23,subbranch_code_D10.150,1,node_8,node_7,False
branch_code_D23,subbranch_code_D10.251,42,node_8,node_9,False
branch_code_D23,subbranch_code_D10.390,1,node_8,node_2,False
branch_code_D23,subbranch_code_D10.460,1,node_8,node_4,False
branch_code_D23,subbranch_code_D10.494,3,node_8,node_6,False
branch_code_D23,subbranch_code_D10.570,8,node_8,node_8,True
branch_code_D23,subbranch_code_D12.125,2,node_8,node_3,False
branch_code_D23,subbranch_code_D12.644,298,node_8,node_4,False
branch_code_D23,subbranch_code_D12.776,581,node_8,node_5,False
branch_code_D23,subbranch_code_D13.695,2,node_8,node_2,False
branch_code_D23,subbranch_code_D20.215,12,node_8,node_8,True
branch_code_D23,subbranch_code_D20.888,38,node_8,node_1,False
branch_code_D23,subbranch_code_D23,1,node_8,node_3,False
branch_code_D23,subbranch_code_D23.050,308,node_8,node_4,False
branch_code_D23,subbranch_code_D23.063,1,node_8,node_5,False
branch_code_D23,subbranch_code_D23.101,75,node_8,node_6,False
branch_code_D23,subbranch_code_D23.113,5,node_8,node_7,False
branch_code_D23,subbranch_code_D23.119,39,node_8,node_8,True
branch_code_D23,subbranch_code_D23.125,45,node_8,node_9,False
branch_code_D23,subbranch_code_D23.297,2,node_8,node_10,False
branch_code_D23,subbranch_code_D23.383,1,node_8,node_1,False
branch_code_D23,subbranch_code_D23.469,108,node_8,node_2,False
branch_code_D23,subbranch_code_D23.529,279,node_8,node_3,False
branch_code_D23,subbranch_code_D23.585,1,node_8,node_4,False
branch_code_D23,subbranch_code_D23.641,4,node_8,node_5,False
branch_code_D23,subbranch_code_D23.704,7,node_8,node_6,False
branch_code_D23,subbranch_code_D23.767,67,node_8,node_7,False
branch_code_D23,subbranch_code_D23.946,116,node_8,node_8,True
branch_code_D23,subbranch_code_D26.667,1,node_8,node_10,False
branch_code_D23,subbranch_code_D27.505,1,node_8,node_10,False
branch_code_D23,subbranch_code_D27.720,1,node_8,node_1,False
branch_code_D23,subbranch_code_G02.111,1,node_8,node_10,False
branch_code_D23,subbranch_code_G05.695,1,node_8,node_7,False
branch_code_D23,subbranch_code_G07.203,1,node_8,node_4,False
branch_code_D23,subbranch_code_G12.500,1,node_8,node_8,True
branch_code_D23,subbranch_code_G16.505,1,node_8,node_8,True
branch_code_D23,subbranch_code_J02.500,1,node_8,node_7,False
branch_code_D23,subbranch_code_N06.850,1,node_8,node_6,False
branch_code_D25,subbranch_code_A11.284,1,node_9,node_6,False
branch_code_D25,subbranch_code_D01.029,1,node_9,node_6,False
branch_code_D25,subbranch_code_D01.220,2,node_9,node_7,False
branch_code_D25,subbranch_code_D01.268,1,node_9,node_10,False
branch_code_D25,subbranch_code_D01.303,4,node_9,node_1,False
branch_code_D25,subbranch_code_D01.379,1,node_9,node_4,False
branch_code_D25,subbranch_code_D01.475,1,node_9,node_5,False
branch_code_D25,subbranch_code_D01.490,2,node_9,node_6,False
branch_code_D25,subbranch_code_D01.552,9,node_9,node_2,False
branch_code_D25,subbranch_code_D01.695,1,node_9,node_7,False
branch_code_D25,subbranch_code_D01.837,1,node_9,node_3,False
branch_code_D25,subbranch_code_D01.857,2,node_9,node_5,False
branch_code_D25,subbranch_code_D01.935,1,node_9,node_10,False
branch_code_D25,subbranch_code_D02.033,11,node_9,node_6,False
branch_code_D25,subbranch_code_D02.092,2,node_9,node_10,False
branch_code_D25,subbranch_code_D02.241,11,node_9,node_9,True
branch_code_D25,subbranch_code_D02.455,16,node_9,node_8,False
branch_code_D25,subbranch_code_D02.491,1,node_9,node_10,False
branch_code_D25,subbranch_code_D02.522,1,node_9,node_2,False
branch_code_D25,subbranch_code_D02.626,3,node_9,node_8,False
branch_code_D25,subbranch_code_D02.756,8,node_9,node_6,False
branch_code_D25,subbranch_code_D02.886,1,node_9,node_10,False
branch_code_D25,subbranch_code_D03.383,4,node_9,node_7,False
branch_code_D25,subbranch_code_D05.750,80,node_9,node_1,False
branch_code_D25,subbranch_code_D05.937,3,node_9,node_3,False
branch_code_D25,subbranch_code_D09.698,3,node_9,node_10,False
branch_code_D25,subbranch_code_D12.644,1,node_9,node_4,False
branch_code_D25,subbranch_code_D20.215,2,node_9,node_8,False
branch_code_D25,subbranch_code_D20.280,3,node_9,node_9,True
branch_code_D25,subbranch_code_D20.538,1,node_9,node_3,False
branch_code_D25,subbranch_code_D25,1,node_9,node_9,True
branch_code_D25,subbranch_code_D25.058,9,node_9,node_10,False
branch_code_D25,subbranch_code_D25.130,5,node_9,node_1,False
branch_code_D25,subbranch_code_D25.187,1,node_9,node_2,False
branch_code_D25,subbranch_code_D25.223,5,node_9,node_3,False
branch_code_D25,subbranch_code_D25.339,32,node_9,node_4,False
branch_code_D25,subbranch_code_D25.376,3,node_9,node_5,False
branch_code_D25,subbranch_code_D25.479,5,node_9,node_6,False
branch_code_D25,subbranch_code_D25.583,2,node_9,node_7,False
branch_code_D25,subbranch_code_D25.651,1,node_9,node_8,False
branch_code_D25,subbranch_code_D25.720,84,node_9,node_9,True
branch_code_D25,subbranch_code_D25.800,1,node_9,node_10,False
branch_code_D25,subbranch_code_D25.860,3,node_9,node_1,False
branch_code_D25,subbranch_code_D25.919,4,node_9,node_2,False
branch_code_D25,subbranch_code_D26.255,5,node_9,node_7,False
branch_code_D25,subbranch_code_D26.655,1,node_9,node_8,False
branch_code_D25,subbranch_code_D27.505,2,node_9,node_10,False
branch_code_D25,subbranch_code_D27.720,16,node_9,node_1,False
branch_code_D25,subbranch_code_E06.780,1,node_9,node_4,False
branch_code_D25,subbranch_code_E07.695,1,node_9,node_10,False
branch_code_D25,subbranch_code_E07.858,1,node_9,node_8,False
branch_code_D25,subbranch_code_J01.637,136,node_9,node_7,False
branch_code_D26,subbranch_code_D01.339,1,node_10,node_2,False
branch_code_D26,subbranch_code_D01.837,1,node_10,node_3,False
branch_code_D26,subbranch_code_D02.033,6,node_10,node_6,False
branch_code_D26,subbranch_code_D02.065,5,node_10,node_8,False
branch_code_D26,subbranch_code_D02.078,1,node_10,node_9,False
branch_code_D26,subbranch_code_D02.092,9,node_10,node_10,True
branch_code_D26,subbranch_code_D02.145,2,node_10,node_5,False
branch_code_D26,subbranch_code_D02.241,2,node_10,node_9,False
branch_code_D26,subbranch_code_D02.389,1,node_10,node_6,False
branch_code_D26,subbranch_code_D02.455,8,node_10,node_8,False
branch_code_D26,subbranch_code_D02.540,1,node_10,node_3,False
branch_code_D26,subbranch_code_D02.626,1,node_10,node_8,False
branch_code_D26,subbranch_code_D02.705,4,node_10,node_4,False
branch_code_D26,subbranch_code_D02.886,5,node_10,node_10,True
branch_code_D26,subbranch_code_D03.132,3,node_10,node_5,False
branch_code_D26,subbranch_code_D03.383,11,node_10,node_7,False
branch_code_D26,subbranch_code_D03.605,3,node_10,node_8,False
branch_code_D26,subbranch_code_D03.633,11,node_10,node_9,False
branch_code_D26,subbranch_code_D04.210,4,node_10,node_3,False
branch_code_D26,subbranch_code_D04.615,4,node_10,node_5,False
branch_code_D26,subbranch_code_D05.374,1,node_10,node_9,False
branch_code_D26,subbranch_code_D05.750,3,node_10,node_1,False
branch_code_D26,subbranch_code_D06.472,1,node_10,node_6,False
branch_code_D26,subbranch_code_D09.408,1,node_10,node_8,False
branch_code_D26,subbranch_code_D10.251,1,node_10,node_9,False
branch_code_D26,subbranch_code_D12.125,1,node_10,node_3,False
branch_code_D26,subbranch_code_D12.644,1,node_10,node_4,False
branch_code_D26,subbranch_code_D12.776,2,node_10,node_5,False
branch_code_D26,subbranch_code_D13.570,2,node_10,node_1,False
branch_code_D26,subbranch_code_D13.695,1,node_10,node_2,False
branch_code_D26,subbranch_code_D20.215,6,node_10,node_8,False
branch_code_D26,subbranch_code_D20.280,12,node_10,node_9,False
branch_code_D26,subbranch_code_D23.946,1,node_10,node_8,False
branch_code_D26,subbranch_code_D25.479,3,node_10,node_6,False
branch_code_D26,subbranch_code_D25.651,1,node_10,node_8,False
branch_code_D26,subbranch_code_D25.720,2,node_10,node_9,False
branch_code_D26,subbranch_code_D26,1,node_10,node_3,False
branch_code_D26,subbranch_code_D26.025,1,node_10,node_4,False
branch_code_D26,subbranch_code_D26.049,1,node_10,node_5,False
branch_code_D26,subbranch_code_D26.074,1,node_10,node_6,False
branch_code_D26,subbranch_code_D26.255,37,node_10,node_7,False
branch_code_D26,subbranch_code_D26.310,30,node_10,node_8,False
branch_code_D26,subbranch_code_D26.335,1,node_10,node_9,False
branch_code_D26,subbranch_code_D26.355,1,node_10,node_10,True
branch_code_D26,subbranch_code_D26.360,1,node_10,node_1,False
branch_code_D26,subbranch_code_D26.371,1,node_10,node_2,False
branch_code_D26,subbranch_code_D26.526,1,node_10,node_3,False
branch_code_D26,subbranch_code_D26.528,1,node_10,node_4,False
branch_code_D26,subbranch_code_D26.530,2,node_10,node_5,False
branch_code_D26,subbranch_code_D26.593,1,node_10,node_6,False
branch_code_D26,subbranch_code_D26.650,11,node_10,node_7,False
branch_code_D26,subbranch_code_D26.655,1,node_10,node_8,False
branch_code_D26,subbranch_code_D26.660,1,node_10,node_9,False
branch_code_D26,subbranch_code_D26.667,4,node_10,node_10,True
branch_code_D26,subbranch_code_D26.670,1,node_10,node_1,False
branch_code_D26,subbranch_code_D26.675,2,node_10,node_2,False
branch_code_D26,subbranch_code_D26.776,22,node_10,node_3,False
branch_code_D26,subbranch_code_D26.878,2,node_10,node_4,False
branch_code_D26,subbranch_code_D26.894,2,node_10,node_5,False
branch_code_D26,subbranch_code_D26.909,2,node_10,node_6,False
branch_code_D26,subbranch_code_D26.939,1,node_10,node_7,False
branch_code_D26,subbranch_code_D26.969,1,node_10,node_8,False
branch_code_D26,subbranch_code_D27.505,14,node_10,node_10,True
branch_code_D26,subbranch_code_D27.720,22,node_10,node_1,False
branch_code_D26,subbranch_code_E02.319,9,node_10,node_1,False
branch_code_D26,subbranch_code_E02.785,1,node_10,node_9,False
branch_code_D26,subbranch_code_E05.916,2,node_10,node_9,False
branch_code_D26,subbranch_code_E07.357,1,node_10,node_9,False
branch_code_D26,subbranch_code_G07.203,1,node_10,node_4,False
branch_code_D26,subbranch_code_J01.637,7,node_10,node_7,False
branch_code_D26,subbranch_code_J02.500,1,node_10,node_7,False
branch_code_D27,subbranch_code_A11.284,1,node_1,node_6,False
branch_code_D27,subbranch_code_C25.100,1,node_1,node_8,False
branch_code_D27,subbranch_code_D01.268,1,node_1,node_10,False
branch_code_D27,subbranch_code_D01.362,2,node_1,node_3,False
branch_code_D27,subbranch_code_D01.496,1,node_1,node_7,False
branch_code_D27,subbranch_code_D01.552,1,node_1,node_2,False
branch_code_D27,subbranch_code_D02.047,1,node_1,node_7,False
branch_code_D27,subbranch_code_D04.210,1,node_1,node_3,False
branch_code_D27,subbranch_code_D05.750,2,node_1,node_1,True
branch_code_D27,subbranch_code_D05.937,3,node_1,node_3,False
branch_code_D27,subbranch_code_D06,1,node_1,node_4,False
branch_code_D27,subbranch_code_D06.347,15,node_1,node_5,False
branch_code_D27,subbranch_code_D06.472,2,node_1,node_6,False
branch_code_D27,subbranch_code_D09.301,2,node_1,node_6,False
branch_code_D27,subbranch_code_D09.698,1,node_1,node_10,False
branch_code_D27,subbranch_code_D09.947,2,node_1,node_4,False
branch_code_D27,subbranch_code_D12.644,2,node_1,node_4,False
branch_code_D27,subbranch_code_D12.776,4,node_1,node_5,False
branch_code_D27,subbranch_code_D13.150,6,node_1,node_8,False
branch_code_D27,subbranch_code_D13.444,14,node_1,node_10,False
branch_code_D27,subbranch_code_D13.695,4,node_1,node_2,False
branch_code_D27,subbranch_code_D20.693,4,node_1,node_6,False
branch_code_D27,subbranch_code_D20.944,2,node_1,node_2,False
branch_code_D27,subbranch_code_D23.063,1,node_1,node_5,False
branch_code_D27,subbranch_code_D25,1,node_1,node_9,False
branch_code_D27,subbranch_code_D25.058,1,node_1,node_10,False
branch_code_D27,subbranch_code_D25.130,2,node_1,node_1,True
branch_code_D27,subbranch_code_D25.187,1,node_1,node_2,False
branch_code_D27,subbranch_code_D25.223,1,node_1,node_3,False
branch_code_D27,subbranch_code_D25.339,3,node_1,node_4,False
branch_code_D27,subbranch_code_D25.376,1,node_1,node_5,False
branch_code_D27,subbranch_code_D25.583,1,node_1,node_7,False
branch_code_D27,subbranch_code_D25.720,2,node_1,node_9,False
branch_code_D27,subbranch_code_D25.800,1,node_1,node_10,False
branch_code_D27,subbranch_code_D25.860,3,node_1,node_1,True
branch_code_D27,subbranch_code_D25.919,1,node_1,node_2,False
branch_code_D27,subbranch_code_D26.074,1,node_1,node_6,False
branch_code_D27,subbranch_code_D26.255,2,node_1,node_7,False
branch_code_D27,subbranch_code_D26.310,1,node_1,node_8,False
branch_code_D27,subbranch_code_D26.650,11,node_1,node_7,False
branch_code_D27,subbranch_code_D26.776,10,node_1,node_3,False
branch_code_D27,subbranch_code_D27,1,node_1,node_9,False
branch_code_D27,subbranch_code_D27.505,539,node_1,node_10,False
branch_code_D27,subbranch_code_D27.720,177,node_1,node_1,True
branch_code_D27,subbranch_code_D27.888,59,node_1,node_2,False
branch_code_D27,subbranch_code_E02.319,2,node_1,node_1,True
branch_code_D27,subbranch_code_E05.916,1,node_1,node_9,False
branch_code_D27,subbranch_code_E07.206,3,node_1,node_9,False
branch_code_D27,subbranch_code_E07.357,1,node_1,node_9,False
branch_code_D27,subbranch_code_E07.720,2,node_1,node_5,False
branch_code_D27,subbranch_code_E07.858,1,node_1,node_8,False
branch_code_D27,subbranch_code_G07.203,14,node_1,node_4,False
branch_code_D27,subbranch_code_J01.516,5,node_1,node_5,False
branch_code_D27,subbranch_code_J01.637,20,node_1,node_7,False
branch_code_D27,subbranch_code_J02.500,14,node_1,node_7,False
branch_code_D27,subbranch_code_N06.850,3,node_1,node_6,False
branch_code_E01,subbranch_code_A09.371,1,node_2,node_9,False
branch_code_E01,subbranch_code_A10.802,1,node_2,node_2,True
branch_code_E01,subbranch_code_C10.597,1,node_2,node_4,False
branch_code_E01,subbranch_code_C18.654,1,node_2,node_5,False
branch_code_E01,subbranch_code_C23.550,2,node_2,node_2,True
branch_code_E01,subbranch_code_C23.888,8,node_2,node_3,False
branch_code_E01,subbranch_code_E01,1,node_2,node_3,False
branch_code_E01,subbranch_code_E01.055,3,node_2,node_4,False
branch_code_E01,subbranch_code_E01.110,1,node_2,node_5,False
branch_code_E01,subbranch_code_E01.158,3,node_2,node_6,False
branch_code_E01,subbranch_code_E01.171,1,node_2,node_7,False
branch_code_E01,subbranch_code_E01.190,1,node_2,node_8,False
branch_code_E01,subbranch_code_E01.354,4,node_2,node_9,False
branch_code_E01,subbranch_code_E01.370,748,node_2,node_10,False
branch_code_E01,subbranch_code_E01.390,2,node_2,node_1,False
branch_code_E01,subbranch_code_E01.410,1,node_2,node_2,True
branch_code_E01,subbranch_code_E01.505,1,node_2,node_3,False
branch_code_E01,subbranch_code_E01.599,1,node_2,node_4,False
branch_code_E01,subbranch_code_E01.789,18,node_2,node_5,False
branch_code_E01,subbranch_code_E01.894,1,node_2,node_6,False
branch_code_E01,subbranch_code_E02.148,3,node_2,node_7,False
branch_code_E01,subbranch_code_E02.309,1,node_2,node_10,False
branch_code_E01,subbranch_code_E02.319,1,node_2,node_1,False
branch_code_E01,subbranch_code_E02.467,1,node_2,node_6,False
branch_code_E01,subbranch_code_E02.583,1,node_2,node_4,False
branch_code_E01,subbranch_code_E02.760,1,node_2,node_3,False
branch_code_E01,subbranch_code_E02.792,5,node_2,node_10,False
branch_code_E01,subbranch_code_E02.800,8,node_2,node_2,True
branch_code_E01,subbranch_code_E02.875,3,node_2,node_9,False
branch_code_E01,subbranch_code_E02.900,1,node_2,node_5,False
branch_code_E01,subbranch_code_E02.921,1,node_2,node_9,False
branch_code_E01,subbranch_code_E04.074,12,node_2,node_2,True
branch_code_E01,subbranch_code_E04.100,3,node_2,node_5,False
branch_code_E01,subbranch_code_E04.210,15,node_2,node_2,True
branch_code_E01,subbranch_code_E04.221,2,node_2,node_3,False
branch_code_E01,subbranch_code_E04.237,1,node_2,node_4,False
branch_code_E01,subbranch_code_E04.446,1,node_2,node_4,False
branch_code_E01,subbranch_code_E04.494,1,node_2,node_7,False
branch_code_E01,subbranch_code_E04.502,38,node_2,node_8,False
branch_code_E01,subbranch_code_E04.510,2,node_2,node_10,False
branch_code_E01,subbranch_code_E04.520,4,node_2,node_2,True
branch_code_E01,subbranch_code_E04.525,1,node_2,node_3,False
branch_code_E01,subbranch_code_E04.555,1,node_2,node_6,False
branch_code_E01,subbranch_code_E04.579,1,node_2,node_7,False
branch_code_E01,subbranch_code_E04.580,1,node_2,node_8,False
branch_code_E01,subbranch_code_E04.665,14,node_2,node_7,False
branch_code_E01,subbranch_code_E04.928,5,node_2,node_3,False
branch_code_E01,subbranch_code_E04.950,6,node_2,node_6,False
branch_code_E01,subbranch_code_E05.003,1,node_2,node_9,False
branch_code_E01,subbranch_code_E05.041,23,node_2,node_3,False
branch_code_E01,subbranch_code_E05.070,2,node_2,node_7,False
branch_code_E01,subbranch_code_E05.091,1,node_2,node_8,False
branch_code_E01,subbranch_code_E05.157,3,node_2,node_3,False
branch_code_E01,subbranch_code_E05.196,18,node_2,node_6,False
branch_code_E01,subbranch_code_E05.200,242,node_2,node_9,False
branch_code_E01,subbranch_code_E05.242,53,node_2,node_2,True
branch_code_E01,subbranch_code_E05.301,4,node_2,node_7,False
branch_code_E01,subbranch_code_E05.318,9,node_2,node_10,False
branch_code_E01,subbranch_code_E05.333,1,node_2,node_5,False
branch_code_E01,subbranch_code_E05.337,5,node_2,node_7,False
branch_code_E01,subbranch_code_E05.393,21,node_2,node_3,False
branch_code_E01,subbranch_code_E05.478,62,node_2,node_7,False
branch_code_E01,subbranch_code_E05.481,5,node_2,node_8,False
branch_code_E01,subbranch_code_E05.484,1,node_2,node_9,False
branch_code_E01,subbranch_code_E05.490,3,node_2,node_10,False
branch_code_E01,subbranch_code_E05.540,2,node_2,node_5,False
branch_code_E01,subbranch_code_E05.559,1,node_2,node_6,False
branch_code_E01,subbranch_code_E05.581,1,node_2,node_8,False
branch_code_E01,subbranch_code_E05.591,2,node_2,node_10,False
branch_code_E01,subbranch_code_E05.595,33,node_2,node_1,False
branch_code_E01,subbranch_code_E05.599,1,node_2,node_3,False
branch_code_E01,subbranch_code_E05.601,5,node_2,node_4,False
branch_code_E01,subbranch_code_E05.613,1,node_2,node_5,False
branch_code_E01,subbranch_code_E05.629,15,node_2,node_7,False
branch_code_E01,subbranch_code_E05.638,1,node_2,node_9,False
branch_code_E01,subbranch_code_E05.642,6,node_2,node_10,False
branch_code_E01,subbranch_code_E05.696,1,node_2,node_6,False
branch_code_E01,subbranch_code_E05.712,3,node_2,node_7,False
branch_code_E01,subbranch_code_E05.760,5,node_2,node_10,False
branch_code_E01,subbranch_code_E05.796,1,node_2,node_1,False
branch_code_E01,subbranch_code_E05.799,2,node_2,node_2,True
branch_code_E01,subbranch_code_E05.820,3,node_2,node_3,False
branch_code_E01,subbranch_code_E05.830,1,node_2,node_4,False
branch_code_E01,subbranch_code_E05.925,2,node_2,node_1,False
branch_code_E01,subbranch_code_E05.933,1,node_2,node_3,False
branch_code_E01,subbranch_code_E05.940,1,node_2,node_4,False
branch_code_E01,subbranch_code_E05.979,1,node_2,node_2,True
branch_code_E01,subbranch_code_E06.342,7,node_2,node_8,False
branch_code_E01,subbranch_code_E06.623,2,node_2,node_7,False
branch_code_E01,subbranch_code_E07.305,1,node_2,node_5,False
branch_code_E01,subbranch_code_F01.145,3,node_2,node_1,False
branch_code_E01,subbranch_code_F01.490,1,node_2,node_5,False
branch_code_E01,subbranch_code_F01.752,1,node_2,node_1,False
branch_code_E01,subbranch_code_F02.463,5,node_2,node_8,False
branch_code_E01,subbranch_code_F02.830,2,node_2,node_6,False
branch_code_E01,subbranch_code_F04.096,3,node_2,node_2,True
branch_code_E01,subbranch_code_F04.669,1,node_2,node_7,False
branch_code_E01,subbranch_code_G01.590,1,node_2,node_7,False
branch_code_E01,subbranch_code_G02.111,2,node_2,node_10,False
branch_code_E01,subbranch_code_G03.143,1,node_2,node_8,False
branch_code_E01,subbranch_code_G03.180,2,node_2,node_1,False
branch_code_E01,subbranch_code_G03.490,1,node_2,node_2,True
branch_code_E01,subbranch_code_G03.680,1,node_2,node_8,False
branch_code_E01,subbranch_code_G04.140,10,node_2,node_10,False
branch_code_E01,subbranch_code_G04.198,1,node_2,node_10,False
branch_code_E01,subbranch_code_G04.325,1,node_2,node_4,False
branch_code_E01,subbranch_code_G06.099,1,node_2,node_1,False
branch_code_E01,subbranch_code_G06.920,3,node_2,node_4,False
branch_code_E01,subbranch_code_G07.100,24,node_2,node_10,False
branch_code_E01,subbranch_code_G07.110,1,node_2,node_1,False
branch_code_E01,subbranch_code_G07.265,8,node_2,node_6,False
branch_code_E01,subbranch_code_G07.345,7,node_2,node_9,False
branch_code_E01,subbranch_code_G07.690,1,node_2,node_7,False
branch_code_E01,subbranch_code_G07.888,2,node_2,node_2,True
branch_code_E01,subbranch_code_G08.686,2,node_2,node_5,False
branch_code_E01,subbranch_code_G08.852,1,node_2,node_6,False
branch_code_E01,subbranch_code_G09.188,19,node_2,node_8,False
branch_code_E01,subbranch_code_G09.330,9,node_2,node_9,False
branch_code_E01,subbranch_code_G09.772,27,node_2,node_10,False
branch_code_E01,subbranch_code_G10.261,1,node_2,node_2,True
branch_code_E01,subbranch_code_G11.427,7,node_2,node_5,False
branch_code_E01,subbranch_code_G11.561,16,node_2,node_6,False
branch_code_E01,subbranch_code_G12.122,1,node_2,node_2,True
branch_code_E01,subbranch_code_G12.248,1,node_2,node_5,False
branch_code_E01,subbranch_code_G12.450,1,node_2,node_4,False
branch_code_E01,subbranch_code_G12.565,1,node_2,node_2,True
branch_code_E01,subbranch_code_G13.750,1,node_2,node_5,False
branch_code_E01,subbranch_code_G14.370,1,node_2,node_6,False
branch_code_E01,subbranch_code_G14.760,1,node_2,node_2,True
branch_code_E01,subbranch_code_G14.940,3,node_2,node_5,False
branch_code_E01,subbranch_code_G16.690,2,node_2,node_5,False
branch_code_E01,subbranch_code_G17.582,1,node_2,node_9,False
branch_code_E01,subbranch_code_H01.158,2,node_2,node_6,False
branch_code_E01,subbranch_code_H01.181,2,node_2,node_7,False
branch_code_E01,subbranch_code_H01.603,1,node_2,node_3,False
branch_code_E01,subbranch_code_H01.671,1,node_2,node_4,False
branch_code_E01,subbranch_code_H01.770,1,node_2,node_5,False
branch_code_E01,subbranch_code_H02.403,1,node_2,node_7,False
branch_code_E01,subbranch_code_I01.198,4,node_2,node_5,False
branch_code_E01,subbranch_code_J01.293,1,node_2,node_3,False
branch_code_E01,subbranch_code_J01.897,2,node_2,node_2,True
branch_code_E01,subbranch_code_L01.224,5,node_2,node_2,True
branch_code_E01,subbranch_code_L01.280,2,node_2,node_3,False
branch_code_E01,subbranch_code_L01.313,3,node_2,node_6,False
branch_code_E01,subbranch_code_L01.462,3,node_2,node_8,False
branch_code_E01,subbranch_code_N01.400,1,node_2,node_6,False
branch_code_E01,subbranch_code_N02.421,14,node_2,node_5,False
branch_code_E01,subbranch_code_N04.590,2,node_2,node_3,False
branch_code_E01,subbranch_code_N04.761,13,node_2,node_4,False
branch_code_E01,subbranch_code_N05.300,1,node_2,node_8,False
branch_code_E01,subbranch_code_N05.715,22,node_2,node_3,False
branch_code_E01,subbranch_code_N06.850,17,node_2,node_6,False
branch_code_E02,subbranch_code_D05.750,3,node_3,node_1,False
branch_code_E02,subbranch_code_D09.698,1,node_3,node_10,False
branch_code_E02,subbranch_code_D12.776,1,node_3,node_5,False
branch_code_E02,subbranch_code_D20.215,1,node_3,node_8,False
branch_code_E02,subbranch_code_D26.255,8,node_3,node_7,False
branch_code_E02,subbranch_code_D26.650,1,node_3,node_7,False
branch_code_E02,subbranch_code_D26.660,1,node_3,node_9,False
branch_code_E02,subbranch_code_D27.505,1,node_3,node_10,False
branch_code_E02,subbranch_code_D27.720,1,node_3,node_1,False
branch_code_E02,subbranch_code_E01.110,1,node_3,node_5,False
branch_code_E02,subbranch_code_E01.370,23,node_3,node_10,False
branch_code_E02,subbranch_code_E01.894,1,node_3,node_6,False
branch_code_E02,subbranch_code_E02,1,node_3,node_7,False
branch_code_E02,subbranch_code_E02.037,1,node_3,node_8,False
branch_code_E02,subbranch_code_E02.041,19,node_3,node_9,False
branch_code_E02,subbranch_code_E02.046,1,node_3,node_10,False
branch_code_E02,subbranch_code_E02.056,5,node_3,node_1,False
branch_code_E02,subbranch_code_E02.075,1,node_3,node_2,False
branch_code_E02,subbranch_code_E02.085,2,node_3,node_3,True
branch_code_E02,subbranch_code_E02.095,65,node_3,node_4,False
branch_code_E02,subbranch_code_E02.120,8,node_3,node_5,False
branch_code_E02,subbranch_code_E02.134,2,node_3,node_6,False
branch_code_E02,subbranch_code_E02.148,19,node_3,node_7,False
branch_code_E02,subbranch_code_E02.154,3,node_3,node_8,False
branch_code_E02,subbranch_code_E02.168,2,node_3,node_9,False
branch_code_E02,subbranch_code_E02.175,1,node_3,node_10,False
branch_code_E02,subbranch_code_E02.183,4,node_3,node_1,False
branch_code_E02,subbranch_code_E02.185,1,node_3,node_2,False
branch_code_E02,subbranch_code_E02.186,11,node_3,node_3,True
branch_code_E02,subbranch_code_E02.190,85,node_3,node_4,False
branch_code_E02,subbranch_code_E02.197,1,node_3,node_5,False
branch_code_E02,subbranch_code_E02.208,3,node_3,node_6,False
branch_code_E02,subbranch_code_E02.218,20,node_3,node_7,False
branch_code_E02,subbranch_code_E02.258,3,node_3,node_8,False
branch_code_E02,subbranch_code_E02.278,2,node_3,node_9,False
branch_code_E02,subbranch_code_E02.309,5,node_3,node_10,False
branch_code_E02,subbranch_code_E02.319,121,node_3,node_1,False
branch_code_E02,subbranch_code_E02.331,11,node_3,node_2,False
branch_code_E02,subbranch_code_E02.348,3,node_3,node_3,True
branch_code_E02,subbranch_code_E02.365,11,node_3,node_4,False
branch_code_E02,subbranch_code_E02.421,7,node_3,node_5,False
branch_code_E02,subbranch_code_E02.467,4,node_3,node_6,False
branch_code_E02,subbranch_code_E02.479,1,node_3,node_7,False
branch_code_E02,subbranch_code_E02.491,1,node_3,node_8,False
branch_code_E02,subbranch_code_E02.514,1,node_3,node_9,False
branch_code_E02,subbranch_code_E02.520,14,node_3,node_10,False
branch_code_E02,subbranch_code_E02.534,1,node_3,node_1,False
branch_code_E02,subbranch_code_E02.547,5,node_3,node_2,False
branch_code_E02,subbranch_code_E02.565,11,node_3,node_3,True
branch_code_E02,subbranch_code_E02.583,1,node_3,node_4,False
branch_code_E02,subbranch_code_E02.585,5,node_3,node_5,False
branch_code_E02,subbranch_code_E02.587,1,node_3,node_6,False
branch_code_E02,subbranch_code_E02.592,2,node_3,node_7,False
branch_code_E02,subbranch_code_E02.594,10,node_3,node_8,False
branch_code_E02,subbranch_code_E02.596,1,node_3,node_9,False
branch_code_E02,subbranch_code_E02.600,2,node_3,node_10,False
branch_code_E02,subbranch_code_E02.611,1,node_3,node_1,False
branch_code_E02,subbranch_code_E02.621,2,node_3,node_2,False
branch_code_E02,subbranch_code_E02.631,1,node_3,node_3,True
branch_code_E02,subbranch_code_E02.637,1,node_3,node_4,False
branch_code_E02,subbranch_code_E02.642,27,node_3,node_5,False
branch_code_E02,subbranch_code_E02.650,8,node_3,node_6,False
branch_code_E02,subbranch_code_E02.662,1,node_3,node_7,False
branch_code_E02,subbranch_code_E02.674,1,node_3,node_8,False
branch_code_E02,subbranch_code_E02.706,1,node_3,node_9,False
branch_code_E02,subbranch_code_E02.718,19,node_3,node_10,False
branch_code_E02,subbranch_code_E02.730,1,node_3,node_1,False
branch_code_E02,subbranch_code_E02.745,1,node_3,node_2,False
branch_code_E02,subbranch_code_E02.760,103,node_3,node_3,True
branch_code_E02,subbranch_code_E02.765,1,node_3,node_4,False
branch_code_E02,subbranch_code_E02.770,1,node_3,node_5,False
branch_code_E02,subbranch_code_E02.774,12,node_3,node_6,False
branch_code_E02,subbranch_code_E02.779,42,node_3,node_7,False
branch_code_E02,subbranch_code_E02.782,1,node_3,node_8,False
branch_code_E02,subbranch_code_E02.785,1,node_3,node_9,False
branch_code_E02,subbranch_code_E02.792,14,node_3,node_10,False
branch_code_E02,subbranch_code_E02.794,2,node_3,node_1,False
branch_code_E02,subbranch_code_E02.800,11,node_3,node_2,False
branch_code_E02,subbranch_code_E02.808,6,node_3,node_3,True
branch_code_E02,subbranch_code_E02.815,29,node_3,node_4,False
branch_code_E02,subbranch_code_E02.831,62,node_3,node_5,False
branch_code_E02,subbranch_code_E02.849,1,node_3,node_6,False
branch_code_E02,subbranch_code_E02.860,2,node_3,node_7,False
branch_code_E02,subbranch_code_E02.870,12,node_3,node_8,False
branch_code_E02,subbranch_code_E02.875,37,node_3,node_9,False
branch_code_E02,subbranch_code_E02.880,17,node_3,node_10,False
branch_code_E02,subbranch_code_E02.887,2,node_3,node_1,False
branch_code_E02,subbranch_code_E02.891,1,node_3,node_2,False
branch_code_E02,subbranch_code_E02.895,1,node_3,node_3,True
branch_code_E02,subbranch_code_E02.897,1,node_3,node_4,False
branch_code_E02,subbranch_code_E02.900,5,node_3,node_5,False
branch_code_E02,subbranch_code_E02.906,3,node_3,node_6,False
branch_code_E02,subbranch_code_E02.912,10,node_3,node_7,False
branch_code_E02,subbranch_code_E02.919,1,node_3,node_8,False
branch_code_E02,subbranch_code_E02.921,1,node_3,node_9,False
branch_code_E02,subbranch_code_E02.926,7,node_3,node_10,False
branch_code_E02,subbranch_code_E02.931,2,node_3,node_1,False
branch_code_E02,subbranch_code_E02.950,2,node_3,node_2,False
branch_code_E02,subbranch_code_E02.960,1,node_3,node_3,True
branch_code_E02,subbranch_code_E02.980,2,node_3,node_4,False
branch_code_E02,subbranch_code_E02.990,1,node_3,node_5,False
branch_code_E02,subbranch_code_E03.091,4,node_3,node_7,False
branch_code_E02,subbranch_code_E03.155,1,node_3,node_8,False
branch_code_E02,subbranch_code_E03.806,1,node_3,node_4,False
branch_code_E02,subbranch_code_E04.014,17,node_3,node_6,False
branch_code_E02,subbranch_code_E04.035,2,node_3,node_8,False
branch_code_E02,subbranch_code_E04.062,6,node_3,node_1,False
branch_code_E02,subbranch_code_E04.074,1,node_3,node_2,False
branch_code_E02,subbranch_code_E04.079,1,node_3,node_3,True
branch_code_E02,subbranch_code_E04.085,5,node_3,node_4,False
branch_code_E02,subbranch_code_E04.100,14,node_3,node_5,False
branch_code_E02,subbranch_code_E04.188,3,node_3,node_9,False
branch_code_E02,subbranch_code_E04.190,1,node_3,node_10,False
branch_code_E02,subbranch_code_E04.199,1,node_3,node_1,False
branch_code_E02,subbranch_code_E04.210,4,node_3,node_2,False
branch_code_E02,subbranch_code_E04.237,3,node_3,node_4,False
branch_code_E02,subbranch_code_E04.270,1,node_3,node_7,False
branch_code_E02,subbranch_code_E04.292,11,node_3,node_8,False
branch_code_E02,subbranch_code_E04.350,4,node_3,node_10,False
branch_code_E02,subbranch_code_E04.378,4,node_3,node_1,False
branch_code_E02,subbranch_code_E04.502,12,node_3,node_8,False
branch_code_E02,subbranch_code_E04.520,2,node_3,node_2,False
branch_code_E02,subbranch_code_E04.525,4,node_3,node_3,True
branch_code_E02,subbranch_code_E04.540,10,node_3,node_4,False
branch_code_E02,subbranch_code_E04.555,16,node_3,node_6,False
branch_code_E02,subbranch_code_E04.579,2,node_3,node_7,False
branch_code_E02,subbranch_code_E04.580,3,node_3,node_8,False
branch_code_E02,subbranch_code_E04.604,7,node_3,node_1,False
branch_code_E02,subbranch_code_E04.617,15,node_3,node_3,True
branch_code_E02,subbranch_code_E04.650,1,node_3,node_6,False
branch_code_E02,subbranch_code_E04.665,9,node_3,node_7,False
branch_code_E02,subbranch_code_E04.928,6,node_3,node_3,True
branch_code_E02,subbranch_code_E04.936,23,node_3,node_4,False
branch_code_E02,subbranch_code_E04.943,2,node_3,node_5,False
branch_code_E02,subbranch_code_E04.950,7,node_3,node_6,False
branch_code_E02,subbranch_code_E04.987,1,node_3,node_7,False
branch_code_E02,subbranch_code_E05.008,1,node_3,node_10,False
branch_code_E02,subbranch_code_E05.157,19,node_3,node_3,True
branch_code_E02,subbranch_code_E05.200,23,node_3,node_9,False
branch_code_E02,subbranch_code_E05.242,8,node_3,node_2,False
branch_code_E02,subbranch_code_E05.290,1,node_3,node_5,False
branch_code_E02,subbranch_code_E05.301,4,node_3,node_7,False
branch_code_E02,subbranch_code_E05.318,1,node_3,node_10,False
branch_code_E02,subbranch_code_E05.335,1,node_3,node_6,False
branch_code_E02,subbranch_code_E05.337,1,node_3,node_7,False
branch_code_E02,subbranch_code_E05.393,4,node_3,node_3,True
branch_code_E02,subbranch_code_E05.472,1,node_3,node_6,False
branch_code_E02,subbranch_code_E05.478,17,node_3,node_7,False
branch_code_E02,subbranch_code_E05.497,5,node_3,node_1,False
branch_code_E02,subbranch_code_E05.516,2,node_3,node_2,False
branch_code_E02,subbranch_code_E05.591,1,node_3,node_10,False
branch_code_E02,subbranch_code_E05.723,1,node_3,node_8,False
branch_code_E02,subbranch_code_E05.760,13,node_3,node_10,False
branch_code_E02,subbranch_code_E05.820,24,node_3,node_3,True
branch_code_E02,subbranch_code_E05.873,1,node_3,node_7,False
branch_code_E02,subbranch_code_E05.916,2,node_3,node_9,False
branch_code_E02,subbranch_code_E05.927,1,node_3,node_2,False
branch_code_E02,subbranch_code_E05.980,1,node_3,node_3,True
branch_code_E02,subbranch_code_E06.603,1,node_3,node_6,False
branch_code_E02,subbranch_code_E06.761,1,node_3,node_3,True
branch_code_E02,subbranch_code_E07.505,1,node_3,node_7,False
branch_code_E02,subbranch_code_E07.700,1,node_3,node_1,False
branch_code_E02,subbranch_code_E07.858,1,node_3,node_8,False
branch_code_E02,subbranch_code_F01.145,5,node_3,node_1,False
branch_code_E02,subbranch_code_F02.830,2,node_3,node_6,False
branch_code_E02,subbranch_code_F04.047,1,node_3,node_1,False
branch_code_E02,subbranch_code_F04.570,2,node_3,node_5,False
branch_code_E02,subbranch_code_F04.669,1,node_3,node_7,False
branch_code_E02,subbranch_code_F04.754,21,node_3,node_9,False
branch_code_E02,subbranch_code_G01.374,1,node_3,node_4,False
branch_code_E02,subbranch_code_G07.203,21,node_3,node_4,False
branch_code_E02,subbranch_code_G08.686,5,node_3,node_5,False
branch_code_E02,subbranch_code_G11.427,6,node_3,node_5,False
branch_code_E02,subbranch_code_G12.535,1,node_3,node_1,False
branch_code_E02,subbranch_code_H01.603,1,node_3,node_3,True
branch_code_E02,subbranch_code_H02.010,1,node_3,node_8,False
branch_code_E02,subbranch_code_H02.403,12,node_3,node_7,False
branch_code_E02,subbranch_code_H02.478,1,node_3,node_9,False
branch_code_E02,subbranch_code_H02.573,1,node_3,node_3,True
branch_code_E02,subbranch_code_I01.076,18,node_3,node_4,False
branch_code_E02,subbranch_code_I01.880,7,node_3,node_9,False
branch_code_E02,subbranch_code_I03.050,2,node_3,node_1,False
branch_code_E02,subbranch_code_I03.350,6,node_3,node_5,False
branch_code_E02,subbranch_code_I03.450,1,node_3,node_7,False
branch_code_E02,subbranch_code_I03.733,1,node_3,node_1,False
branch_code_E02,subbranch_code_J01.516,1,node_3,node_5,False
branch_code_E02,subbranch_code_J01.637,4,node_3,node_7,False
branch_code_E02,subbranch_code_J01.897,1,node_3,node_2,False
branch_code_E02,subbranch_code_J02.500,1,node_3,node_7,False
branch_code_E02,subbranch_code_K01.752,1,node_3,node_5,False
branch_code_E02,subbranch_code_K01.844,2,node_3,node_6,False
branch_code_E02,subbranch_code_L01.143,3,node_3,node_1,False
branch_code_E02,subbranch_code_L01.313,6,node_3,node_6,False
branch_code_E02,subbranch_code_L01.462,1,node_3,node_8,False
branch_code_E02,subbranch_code_N01.400,1,node_3,node_6,False
branch_code_E02,subbranch_code_N02.421,97,node_3,node_5,False
branch_code_E02,subbranch_code_N03.706,1,node_3,node_6,False
branch_code_E02,subbranch_code_N04.452,2,node_3,node_2,False
branch_code_E02,subbranch_code_N04.590,15,node_3,node_3,True
branch_code_E02,subbranch_code_N04.761,1,node_3,node_4,False
branch_code_E02,subbranch_code_N05.300,5,node_3,node_8,False
branch_code_E02,subbranch_code_N05.700,1,node_3,node_2,False
branch_code_E02,subbranch_code_N05.715,5,node_3,node_3,True
branch_code_E02,subbranch_code_N06.850,11,node_3,node_6,False
branch_code_E03,subbranch_code_E02.186,1,node_4,node_3,False
branch_code_E03,subbranch_code_E02.190,3,node_4,node_4,True
branch_code_E03,subbranch_code_E02.331,2,node_4,node_2,False
branch_code_E03,subbranch_code_E02.760,1,node_4,node_3,False
branch_code_E03,subbranch_code_E02.779,2,node_4,node_7,False
branch_code_E03,subbranch_code_E02.831,2,node_4,node_5,False
branch_code_E03,subbranch_code_E03,1,node_4,node_6,False
branch_code_E03,subbranch_code_E03.091,11,node_4,node_7,False
branch_code_E03,subbranch_code_E03.155,29,node_4,node_8,False
branch_code_E03,subbranch_code_E03.160,1,node_4,node_9,False
branch_code_E03,subbranch_code_E03.250,2,node_4,node_10,False
branch_code_E03,subbranch_code_E03.340,1,node_4,node_1,False
branch_code_E03,subbranch_code_E03.545,1,node_4,node_2,False
branch_code_E03,subbranch_code_E03.706,1,node_4,node_3,False
branch_code_E03,subbranch_code_E03.806,1,node_4,node_4,True
branch_code_E03,subbranch_code_E04.525,3,node_4,node_3,False
branch_code_E03,subbranch_code_E04.604,1,node_4,node_1,False
branch_code_E03,subbranch_code_E04.614,1,node_4,node_2,False
branch_code_E03,subbranch_code_E05.635,1,node_4,node_8,False
branch_code_E03,subbranch_code_E06.045,2,node_4,node_6,False
branch_code_E03,subbranch_code_N02.421,2,node_4,node_5,False
branch_code_E04,subbranch_code_E01.370,64,node_5,node_10,False
branch_code_E04,subbranch_code_E02.041,2,node_5,node_9,False
branch_code_E04,subbranch_code_E02.095,20,node_5,node_4,False
branch_code_E04,subbranch_code_E02.120,2,node_5,node_5,True
branch_code_E04,subbranch_code_E02.148,11,node_5,node_7,False
branch_code_E04,subbranch_code_E02.154,3,node_5,node_8,False
branch_code_E04,subbranch_code_E02.218,15,node_5,node_7,False
branch_code_E04,subbranch_code_E02.309,3,node_5,node_10,False
branch_code_E04,subbranch_code_E02.319,2,node_5,node_1,False
branch_code_E04,subbranch_code_E02.331,1,node_5,node_2,False
branch_code_E04,subbranch_code_E02.365,1,node_5,node_4,False
branch_code_E04,subbranch_code_E02.467,2,node_5,node_6,False
branch_code_E04,subbranch_code_E02.520,5,node_5,node_10,False
branch_code_E04,subbranch_code_E02.565,2,node_5,node_3,False
branch_code_E04,subbranch_code_E02.594,9,node_5,node_8,False
branch_code_E04,subbranch_code_E02.600,2,node_5,node_10,False
branch_code_E04,subbranch_code_E02.631,1,node_5,node_3,False
branch_code_E04,subbranch_code_E02.650,6,node_5,node_6,False
branch_code_E04,subbranch_code_E02.718,15,node_5,node_10,False
branch_code_E04,subbranch_code_E02.760,8,node_5,node_3,False
branch_code_E04,subbranch_code_E02.774,1,node_5,node_6,False
branch_code_E04,subbranch_code_E02.800,9,node_5,node_2,False
branch_code_E04,subbranch_code_E02.808,3,node_5,node_3,False
branch_code_E04,subbranch_code_E02.815,1,node_5,node_4,False
branch_code_E04,subbranch_code_E02.870,7,node_5,node_8,False
branch_code_E04,subbranch_code_E02.875,4,node_5,node_9,False
branch_code_E04,subbranch_code_E02.880,1,node_5,node_10,False
branch_code_E04,subbranch_code_E02.906,1,node_5,node_6,False
branch_code_E04,subbranch_code_E02.912,4,node_5,node_7,False
branch_code_E04,subbranch_code_E02.926,1,node_5,node_10,False
branch_code_E04,subbranch_code_E03.155,3,node_5,node_8,False
branch_code_E04,subbranch_code_E03.160,1,node_5,node_9,False
branch_code_E04,subbranch_code_E03.806,1,node_5,node_4,False
branch_code_E04,subbranch_code_E04,1,node_5,node_5,True
branch_code_E04,subbranch_code_E04.014,23,node_5,node_6,False
branch_code_E04,subbranch_code_E04.030,1,node_5,node_7,False
branch_code_E04,subbranch_code_E04.035,26,node_5,node_8,False
branch_code_E04,subbranch_code_E04.043,1,node_5,node_9,False
branch_code_E04,subbranch_code_E04.050,4,node_5,node_10,False
branch_code_E04,subbranch_code_E04.062,6,node_5,node_1,False
branch_code_E04,subbranch_code_E04.074,12,node_5,node_2,False
branch_code_E04,subbranch_code_E04.079,1,node_5,node_3,False
branch_code_E04,subbranch_code_E04.085,5,node_5,node_4,False
branch_code_E04,subbranch_code_E04.100,63,node_5,node_5,True
branch_code_E04,subbranch_code_E04.157,3,node_5,node_6,False
branch_code_E04,subbranch_code_E04.166,1,node_5,node_7,False
branch_code_E04,subbranch_code_E04.176,1,node_5,node_8,False
branch_code_E04,subbranch_code_E04.188,6,node_5,node_9,False
branch_code_E04,subbranch_code_E04.190,1,node_5,node_10,False
branch_code_E04,subbranch_code_E04.199,4,node_5,node_1,False
branch_code_E04,subbranch_code_E04.210,59,node_5,node_2,False
branch_code_E04,subbranch_code_E04.221,2,node_5,node_3,False
branch_code_E04,subbranch_code_E04.237,4,node_5,node_4,False
branch_code_E04,subbranch_code_E04.249,1,node_5,node_5,True
branch_code_E04,subbranch_code_E04.262,1,node_5,node_6,False
branch_code_E04,subbranch_code_E04.270,12,node_5,node_7,False
branch_code_E04,subbranch_code_E04.292,15,node_5,node_8,False
branch_code_E04,subbranch_code_E04.321,1,node_5,node_9,False
branch_code_E04,subbranch_code_E04.350,4,node_5,node_10,False
branch_code_E04,subbranch_code_E04.378,5,node_5,node_1,False
branch_code_E04,subbranch_code_E04.406,1,node_5,node_2,False
branch_code_E04,subbranch_code_E04.426,1,node_5,node_3,False
branch_code_E04,subbranch_code_E04.446,3,node_5,node_4,False
branch_code_E04,subbranch_code_E04.466,8,node_5,node_5,True
branch_code_E04,subbranch_code_E04.480,1,node_5,node_6,False
branch_code_E04,subbranch_code_E04.494,4,node_5,node_7,False
branch_code_E04,subbranch_code_E04.502,61,node_5,node_8,False
branch_code_E04,subbranch_code_E04.506,1,node_5,node_9,False
branch_code_E04,subbranch_code_E04.510,2,node_5,node_10,False
branch_code_E04,subbranch_code_E04.515,7,node_5,node_1,False
branch_code_E04,subbranch_code_E04.520,25,node_5,node_2,False
branch_code_E04,subbranch_code_E04.525,41,node_5,node_3,False
branch_code_E04,subbranch_code_E04.540,31,node_5,node_4,False
branch_code_E04,subbranch_code_E04.545,29,node_5,node_5,True
branch_code_E04,subbranch_code_E04.555,51,node_5,node_6,False
branch_code_E04,subbranch_code_E04.579,19,node_5,node_7,False
branch_code_E04,subbranch_code_E04.580,27,node_5,node_8,False
branch_code_E04,subbranch_code_E04.582,1,node_5,node_9,False
branch_code_E04,subbranch_code_E04.584,1,node_5,node_10,False
branch_code_E04,subbranch_code_E04.604,8,node_5,node_1,False
branch_code_E04,subbranch_code_E04.614,6,node_5,node_2,False
branch_code_E04,subbranch_code_E04.617,41,node_5,node_3,False
branch_code_E04,subbranch_code_E04.620,1,node_5,node_4,False
branch_code_E04,subbranch_code_E04.625,2,node_5,node_5,True
branch_code_E04,subbranch_code_E04.650,28,node_5,node_6,False
branch_code_E04,subbranch_code_E04.665,15,node_5,node_7,False
branch_code_E04,subbranch_code_E04.690,1,node_5,node_8,False
branch_code_E04,subbranch_code_E04.708,1,node_5,node_9,False
branch_code_E04,subbranch_code_E04.726,1,node_5,node_10,False
branch_code_E04,subbranch_code_E04.749,3,node_5,node_1,False
branch_code_E04,subbranch_code_E04.910,1,node_5,node_2,False
branch_code_E04,subbranch_code_E04.928,47,node_5,node_3,False
branch_code_E04,subbranch_code_E04.936,46,node_5,node_4,False
branch_code_E04,subbranch_code_E04.943,5,node_5,node_5,True
branch_code_E04,subbranch_code_E04.950,52,node_5,node_6,False
branch_code_E04,subbranch_code_E04.987,8,node_5,node_7,False
branch_code_E04,subbranch_code_E05.157,11,node_5,node_3,False
branch_code_E04,subbranch_code_E05.196,1,node_5,node_6,False
branch_code_E04,subbranch_code_E05.200,24,node_5,node_9,False
branch_code_E04,subbranch_code_E05.242,12,node_5,node_2,False
branch_code_E04,subbranch_code_E05.591,2,node_5,node_10,False
branch_code_E04,subbranch_code_E05.680,2,node_5,node_5,True
branch_code_E04,subbranch_code_E05.760,1,node_5,node_10,False
branch_code_E04,subbranch_code_E05.820,3,node_5,node_3,False
branch_code_E04,subbranch_code_E05.873,3,node_5,node_7,False
branch_code_E04,subbranch_code_E06.397,3,node_5,node_10,False
branch_code_E04,subbranch_code_E06.645,30,node_5,node_9,False
branch_code_E04,subbranch_code_E06.658,2,node_5,node_10,False
branch_code_E04,subbranch_code_E06.721,3,node_5,node_2,False
branch_code_E04,subbranch_code_E06.780,6,node_5,node_4,False
branch_code_E04,subbranch_code_E07.695,1,node_5,node_10,False
branch_code_E04,subbranch_code_E07.858,1,node_5,node_8,False
branch_code_E04,subbranch_code_F04.570,1,node_5,node_5,True
branch_code_E04,subbranch_code_G01.280,1,node_5,node_10,False
branch_code_E04,subbranch_code_G02.263,1,node_5,node_2,False
branch_code_E04,subbranch_code_G11.427,1,node_5,node_5,True
branch_code_E04,subbranch_code_I01.076,1,node_5,node_4,False
branch_code_E04,subbranch_code_I01.880,1,node_5,node_9,False
branch_code_E04,subbranch_code_I03.350,1,node_5,node_5,True
branch_code_E04,subbranch_code_J01.897,1,node_5,node_2,False
branch_code_E04,subbranch_code_N02.421,15,node_5,node_5,True
branch_code_E04,subbranch_code_N04.590,1,node_5,node_3,False
branch_code_E04,subbranch_code_N05.300,1,node_5,node_8,False
branch_code_E05,subbranch_code_A10.802,1,node_6,node_2,False
branch_code_E05,subbranch_code_C04.557,3,node_6,node_7,False
branch_code_E05,subbranch_code_C04.588,2,node_6,node_8,False
branch_code_E05,subbranch_code_C04.619,6,node_6,node_9,False
branch_code_E05,subbranch_code_C05.550,1,node_6,node_8,False
branch_code_E05,subbranch_code_C06.301,1,node_6,node_6,True
branch_code_E05,subbranch_code_C06.552,2,node_6,node_8,False
branch_code_E05,subbranch_code_C10.114,4,node_6,node_3,False
branch_code_E05,subbranch_code_C10.228,1,node_6,node_5,False
branch_code_E05,subbranch_code_C10.314,1,node_6,node_8,False
branch_code_E05,subbranch_code_C10.668,2,node_6,node_5,False
branch_code_E05,subbranch_code_C15.378,1,node_6,node_3,False
branch_code_E05,subbranch_code_C18.452,1,node_6,node_4,False
branch_code_E05,subbranch_code_C19.246,1,node_6,node_9,False
branch_code_E05,subbranch_code_C20.111,4,node_6,node_9,False
branch_code_E05,subbranch_code_C22.232,1,node_6,node_4,False
branch_code_E05,subbranch_code_C23.550,4,node_6,node_2,False
branch_code_E05,subbranch_code_C23.888,3,node_6,node_3,False
branch_code_E05,subbranch_code_C26.392,1,node_6,node_1,False
branch_code_E05,subbranch_code_C26.733,1,node_6,node_5,False
branch_code_E05,subbranch_code_D26.255,2,node_6,node_7,False
branch_code_E05,subbranch_code_D27.505,1,node_6,node_10,False
branch_code_E05,subbranch_code_E01.370,356,node_6,node_10,False
branch_code_E05,subbranch_code_E01.789,4,node_6,node_5,False
branch_code_E05,subbranch_code_E02.037,1,node_6,node_8,False
branch_code_E05,subbranch_code_E02.041,4,node_6,node_9,False
branch_code_E05,subbranch_code_E02.085,1,node_6,node_3,False
branch_code_E05,subbranch_code_E02.095,22,node_6,node_4,False
branch_code_E05,subbranch_code_E02.120,4,node_6,node_5,False
branch_code_E05,subbranch_code_E02.148,19,node_6,node_7,False
branch_code_E05,subbranch_code_E02.190,1,node_6,node_4,False
branch_code_E05,subbranch_code_E02.309,1,node_6,node_10,False
branch_code_E05,subbranch_code_E02.319,5,node_6,node_1,False
branch_code_E05,subbranch_code_E02.348,3,node_6,node_3,False
branch_code_E05,subbranch_code_E02.520,2,node_6,node_10,False
branch_code_E05,subbranch_code_E02.585,5,node_6,node_5,False
branch_code_E05,subbranch_code_E02.592,2,node_6,node_7,False
branch_code_E05,subbranch_code_E02.594,2,node_6,node_8,False
branch_code_E05,subbranch_code_E02.760,1,node_6,node_3,False
branch_code_E05,subbranch_code_E02.779,1,node_6,node_7,False
branch_code_E05,subbranch_code_E02.792,14,node_6,node_10,False
branch_code_E05,subbranch_code_E02.800,8,node_6,node_2,False
branch_code_E05,subbranch_code_E02.815,2,node_6,node_4,False
branch_code_E05,subbranch_code_E02.831,1,node_6,node_5,False
branch_code_E05,subbranch_code_E02.875,24,node_6,node_9,False
branch_code_E05,subbranch_code_E02.900,1,node_6,node_5,False
branch_code_E05,subbranch_code_E02.926,2,node_6,node_10,False
branch_code_E05,subbranch_code_E02.931,1,node_6,node_1,False
branch_code_E05,subbranch_code_E02.990,1,node_6,node_5,False
branch_code_E05,subbranch_code_E03.706,1,node_6,node_3,False
branch_code_E05,subbranch_code_E04.014,2,node_6,node_6,True
branch_code_E05,subbranch_code_E04.074,12,node_6,node_2,False
branch_code_E05,subbranch_code_E04.100,14,node_6,node_5,False
branch_code_E05,subbranch_code_E04.221,2,node_6,node_3,False
branch_code_E05,subbranch_code_E04.237,1,node_6,node_4,False
branch_code_E05,subbranch_code_E04.292,1,node_6,node_8,False
branch_code_E05,subbranch_code_E04.446,1,node_6,node_4,False
branch_code_E05,subbranch_code_E04.494,1,node_6,node_7,False
branch_code_E05,subbranch_code_E04.502,11,node_6,node_8,False
branch_code_E05,subbranch_code_E04.525,3,node_6,node_3,False
branch_code_E05,subbranch_code_E04.665,14,node_6,node_7,False
branch_code_E05,subbranch_code_E04.749,1,node_6,node_1,False
branch_code_E05,subbranch_code_E04.928,3,node_6,node_3,False
branch_code_E05,subbranch_code_E04.936,4,node_6,node_4,False
branch_code_E05,subbranch_code_E05,1,node_6,node_8,False
branch_code_E05,subbranch_code_E05.003,2,node_6,node_9,False
branch_code_E05,subbranch_code_E05.008,1,node_6,node_10,False
branch_code_E05,subbranch_code_E05.017,5,node_6,node_1,False
branch_code_E05,subbranch_code_E05.035,1,node_6,node_2,False
branch_code_E05,subbranch_code_E05.041,24,node_6,node_3,False
branch_code_E05,subbranch_code_E05.047,1,node_6,node_4,False
branch_code_E05,subbranch_code_E05.059,1,node_6,node_5,False
branch_code_E05,subbranch_code_E05.064,1,node_6,node_6,True
branch_code_E05,subbranch_code_E05.070,2,node_6,node_7,False
branch_code_E05,subbranch_code_E05.091,2,node_6,node_8,False
branch_code_E05,subbranch_code_E05.104,2,node_6,node_9,False
branch_code_E05,subbranch_code_E05.111,1,node_6,node_10,False
branch_code_E05,subbranch_code_E05.114,1,node_6,node_1,False
branch_code_E05,subbranch_code_E05.118,1,node_6,node_2,False
branch_code_E05,subbranch_code_E05.157,19,node_6,node_3,False
branch_code_E05,subbranch_code_E05.170,1,node_6,node_4,False
branch_code_E05,subbranch_code_E05.181,5,node_6,node_5,False
branch_code_E05,subbranch_code_E05.196,171,node_6,node_6,True
branch_code_E05,subbranch_code_E05.197,8,node_6,node_7,False
branch_code_E05,subbranch_code_E05.198,1,node_6,node_8,False
branch_code_E05,subbranch_code_E05.200,256,node_6,node_9,False
branch_code_E05,subbranch_code_E05.225,1,node_6,node_10,False
branch_code_E05,subbranch_code_E05.235,1,node_6,node_1,False
branch_code_E05,subbranch_code_E05.242,70,node_6,node_2,False
branch_code_E05,subbranch_code_E05.245,5,node_6,node_3,False
branch_code_E05,subbranch_code_E05.284,1,node_6,node_4,False
branch_code_E05,subbranch_code_E05.290,11,node_6,node_5,False
branch_code_E05,subbranch_code_E05.298,1,node_6,node_6,True
branch_code_E05,subbranch_code_E05.301,40,node_6,node_7,False
branch_code_E05,subbranch_code_E05.313,2,node_6,node_8,False
branch_code_E05,subbranch_code_E05.315,1,node_6,node_9,False
branch_code_E05,subbranch_code_E05.318,240,node_6,node_10,False
branch_code_E05,subbranch_code_E05.320,5,node_6,node_1,False
branch_code_E05,subbranch_code_E05.325,6,node_6,node_2,False
branch_code_E05,subbranch_code_E05.328,1,node_6,node_3,False
branch_code_E05,subbranch_code_E05.330,1,node_6,node_4,False
branch_code_E05,subbranch_code_E05.333,2,node_6,node_5,False
branch_code_E05,subbranch_code_E05.335,1,node_6,node_6,True
branch_code_E05,subbranch_code_E05.337,26,node_6,node_7,False
branch_code_E05,subbranch_code_E05.349,1,node_6,node_8,False
branch_code_E05,subbranch_code_E05.355,1,node_6,node_9,False
branch_code_E05,subbranch_code_E05.362,1,node_6,node_10,False
branch_code_E05,subbranch_code_E05.377,1,node_6,node_1,False
branch_code_E05,subbranch_code_E05.385,2,node_6,node_2,False
branch_code_E05,subbranch_code_E05.393,118,node_6,node_3,False
branch_code_E05,subbranch_code_E05.445,4,node_6,node_4,False
branch_code_E05,subbranch_code_E05.466,1,node_6,node_5,False
branch_code_E05,subbranch_code_E05.472,3,node_6,node_6,True
branch_code_E05,subbranch_code_E05.478,94,node_6,node_7,False
branch_code_E05,subbranch_code_E05.481,17,node_6,node_8,False
branch_code_E05,subbranch_code_E05.484,4,node_6,node_9,False
branch_code_E05,subbranch_code_E05.490,4,node_6,node_10,False
branch_code_E05,subbranch_code_E05.497,5,node_6,node_1,False
branch_code_E05,subbranch_code_E05.516,2,node_6,node_2,False
branch_code_E05,subbranch_code_E05.519,1,node_6,node_3,False
branch_code_E05,subbranch_code_E05.522,1,node_6,node_4,False
branch_code_E05,subbranch_code_E05.540,3,node_6,node_5,False
branch_code_E05,subbranch_code_E05.559,2,node_6,node_6,True
branch_code_E05,subbranch_code_E05.570,3,node_6,node_7,False
branch_code_E05,subbranch_code_E05.581,11,node_6,node_8,False
branch_code_E05,subbranch_code_E05.588,7,node_6,node_9,False
branch_code_E05,subbranch_code_E05.591,5,node_6,node_10,False
branch_code_E05,subbranch_code_E05.595,34,node_6,node_1,False
branch_code_E05,subbranch_code_E05.598,17,node_6,node_2,False
branch_code_E05,subbranch_code_E05.599,40,node_6,node_3,False
branch_code_E05,subbranch_code_E05.601,31,node_6,node_4,False
branch_code_E05,subbranch_code_E05.613,1,node_6,node_5,False
branch_code_E05,subbranch_code_E05.624,3,node_6,node_6,True
branch_code_E05,subbranch_code_E05.629,15,node_6,node_7,False
branch_code_E05,subbranch_code_E05.635,1,node_6,node_8,False
branch_code_E05,subbranch_code_E05.638,1,node_6,node_9,False
branch_code_E05,subbranch_code_E05.642,6,node_6,node_10,False
branch_code_E05,subbranch_code_E05.650,1,node_6,node_1,False
branch_code_E05,subbranch_code_E05.654,1,node_6,node_2,False
branch_code_E05,subbranch_code_E05.657,1,node_6,node_3,False
branch_code_E05,subbranch_code_E05.660,2,node_6,node_4,False
branch_code_E05,subbranch_code_E05.680,3,node_6,node_5,False
branch_code_E05,subbranch_code_E05.696,1,node_6,node_6,True
branch_code_E05,subbranch_code_E05.712,3,node_6,node_7,False
branch_code_E05,subbranch_code_E05.723,6,node_6,node_8,False
branch_code_E05,subbranch_code_E05.734,1,node_6,node_9,False
branch_code_E05,subbranch_code_E05.760,14,node_6,node_10,False
branch_code_E05,subbranch_code_E05.796,6,node_6,node_1,False
branch_code_E05,subbranch_code_E05.799,18,node_6,node_2,False
branch_code_E05,subbranch_code_E05.820,34,node_6,node_3,False
branch_code_E05,subbranch_code_E05.830,6,node_6,node_4,False
branch_code_E05,subbranch_code_E05.848,1,node_6,node_5,False
branch_code_E05,subbranch_code_E05.855,1,node_6,node_6,True
branch_code_E05,subbranch_code_E05.873,3,node_6,node_7,False
branch_code_E05,subbranch_code_E05.885,1,node_6,node_8,False
branch_code_E05,subbranch_code_E05.916,13,node_6,node_9,False
branch_code_E05,subbranch_code_E05.920,2,node_6,node_10,False
branch_code_E05,subbranch_code_E05.925,3,node_6,node_1,False
branch_code_E05,subbranch_code_E05.927,8,node_6,node_2,False
branch_code_E05,subbranch_code_E05.933,2,node_6,node_3,False
branch_code_E05,subbranch_code_E05.940,14,node_6,node_4,False
branch_code_E05,subbranch_code_E05.944,5,node_6,node_5,False
branch_code_E05,subbranch_code_E05.952,4,node_6,node_6,True
branch_code_E05,subbranch_code_E05.956,1,node_6,node_7,False
branch_code_E05,subbranch_code_E05.959,1,node_6,node_8,False
branch_code_E05,subbranch_code_E05.974,1,node_6,node_9,False
branch_code_E05,subbranch_code_E05.977,2,node_6,node_10,False
branch_code_E05,subbranch_code_E05.978,10,node_6,node_1,False
branch_code_E05,subbranch_code_E05.979,1,node_6,node_2,False
branch_code_E05,subbranch_code_E05.980,1,node_6,node_3,False
branch_code_E05,subbranch_code_E06.095,1,node_6,node_8,False
branch_code_E05,subbranch_code_E06.208,6,node_6,node_2,False
branch_code_E05,subbranch_code_E06.342,3,node_6,node_8,False
branch_code_E05,subbranch_code_E06.623,2,node_6,node_7,False
branch_code_E05,subbranch_code_E06.658,1,node_6,node_10,False
branch_code_E05,subbranch_code_E06.721,1,node_6,node_2,False
branch_code_E05,subbranch_code_E06.912,1,node_6,node_6,True
branch_code_E05,subbranch_code_E07.039,1,node_6,node_10,False
branch_code_E05,subbranch_code_E07.132,1,node_6,node_6,True
branch_code_E05,subbranch_code_E07.305,1,node_6,node_5,False
branch_code_E05,subbranch_code_E07.560,1,node_6,node_1,False
branch_code_E05,subbranch_code_E07.695,3,node_6,node_10,False
branch_code_E05,subbranch_code_E07.700,1,node_6,node_1,False
branch_code_E05,subbranch_code_E07.710,1,node_6,node_3,False
branch_code_E05,subbranch_code_F01.145,1,node_6,node_1,False
branch_code_E05,subbranch_code_F02.463,3,node_6,node_8,False
branch_code_E05,subbranch_code_F02.694,1,node_6,node_2,False
branch_code_E05,subbranch_code_F02.784,1,node_6,node_4,False
branch_code_E05,subbranch_code_F02.830,3,node_6,node_6,True
branch_code_E05,subbranch_code_F02.985,1,node_6,node_10,False
branch_code_E05,subbranch_code_F04.096,2,node_6,node_2,False
branch_code_E05,subbranch_code_F04.669,7,node_6,node_7,False
branch_code_E05,subbranch_code_F04.711,1,node_6,node_8,False
branch_code_E05,subbranch_code_G01.154,2,node_6,node_5,False
branch_code_E05,subbranch_code_G01.280,2,node_6,node_10,False
branch_code_E05,subbranch_code_G01.750,3,node_6,node_10,False
branch_code_E05,subbranch_code_G01.867,4,node_6,node_2,False
branch_code_E05,subbranch_code_G02.111,9,node_6,node_10,False
branch_code_E05,subbranch_code_G02.159,2,node_6,node_2,False
branch_code_E05,subbranch_code_G02.171,1,node_6,node_4,False
branch_code_E05,subbranch_code_G02.176,1,node_6,node_5,False
branch_code_E05,subbranch_code_G02.186,1,node_6,node_6,True
branch_code_E05,subbranch_code_G02.263,2,node_6,node_2,False
branch_code_E05,subbranch_code_G02.300,1,node_6,node_4,False
branch_code_E05,subbranch_code_G02.551,1,node_6,node_10,False
branch_code_E05,subbranch_code_G02.691,1,node_6,node_3,False
branch_code_E05,subbranch_code_G02.723,1,node_6,node_6,True
branch_code_E05,subbranch_code_G02.965,1,node_6,node_7,False
branch_code_E05,subbranch_code_G03.162,1,node_6,node_9,False
branch_code_E05,subbranch_code_G03.490,1,node_6,node_2,False
branch_code_E05,subbranch_code_G03.787,1,node_6,node_1,False
branch_code_E05,subbranch_code_G04.140,10,node_6,node_10,False
branch_code_E05,subbranch_code_G04.155,1,node_6,node_5,False
branch_code_E05,subbranch_code_G04.198,1,node_6,node_10,False
branch_code_E05,subbranch_code_G04.325,1,node_6,node_4,False
branch_code_E05,subbranch_code_G04.712,1,node_6,node_5,False
branch_code_E05,subbranch_code_G05.090,5,node_6,node_3,False
branch_code_E05,subbranch_code_G05.365,1,node_6,node_7,False
branch_code_E05,subbranch_code_G05.380,1,node_6,node_9,False
branch_code_E05,subbranch_code_G05.558,2,node_6,node_5,False
branch_code_E05,subbranch_code_G05.627,1,node_6,node_6,True
branch_code_E05,subbranch_code_G05.728,3,node_6,node_9,False
branch_code_E05,subbranch_code_G06.099,2,node_6,node_1,False
branch_code_E05,subbranch_code_G06.920,3,node_6,node_4,False
branch_code_E05,subbranch_code_G07.100,15,node_6,node_10,False
branch_code_E05,subbranch_code_G07.225,2,node_6,node_5,False
branch_code_E05,subbranch_code_G07.265,2,node_6,node_6,True
branch_code_E05,subbranch_code_G07.345,7,node_6,node_9,False
branch_code_E05,subbranch_code_G07.690,6,node_6,node_7,False
branch_code_E05,subbranch_code_G07.738,1,node_6,node_8,False
branch_code_E05,subbranch_code_G08.686,7,node_6,node_5,False
branch_code_E05,subbranch_code_G09.188,20,node_6,node_8,False
branch_code_E05,subbranch_code_G09.330,1,node_6,node_9,False
branch_code_E05,subbranch_code_G11.561,2,node_6,node_6,True
branch_code_E05,subbranch_code_G12.122,1,node_6,node_2,False
branch_code_E05,subbranch_code_G12.248,1,node_6,node_5,False
branch_code_E05,subbranch_code_G12.300,1,node_6,node_9,False
branch_code_E05,subbranch_code_G12.450,1,node_6,node_4,False
branch_code_E05,subbranch_code_G12.513,1,node_6,node_9,False
branch_code_E05,subbranch_code_G12.565,1,node_6,node_2,False
branch_code_E05,subbranch_code_G13.750,1,node_6,node_5,False
branch_code_E05,subbranch_code_G15.698,1,node_6,node_1,False
branch_code_E05,subbranch_code_G17.035,3,node_6,node_3,False
branch_code_E05,subbranch_code_G17.226,1,node_6,node_5,False
branch_code_E05,subbranch_code_G17.290,1,node_6,node_6,True
branch_code_E05,subbranch_code_G17.582,1,node_6,node_9,False
branch_code_E05,subbranch_code_G17.680,4,node_6,node_10,False
branch_code_E05,subbranch_code_G17.800,2,node_6,node_1,False
branch_code_E05,subbranch_code_G17.820,5,node_6,node_2,False
branch_code_E05,subbranch_code_G17.830,3,node_6,node_3,False
branch_code_E05,subbranch_code_G17.915,1,node_6,node_4,False
branch_code_E05,subbranch_code_H01.158,4,node_6,node_6,True
branch_code_E05,subbranch_code_H01.181,5,node_6,node_7,False
branch_code_E05,subbranch_code_H01.548,5,node_6,node_1,False
branch_code_E05,subbranch_code_H01.671,4,node_6,node_4,False
branch_code_E05,subbranch_code_H01.770,9,node_6,node_5,False
branch_code_E05,subbranch_code_H02.010,2,node_6,node_8,False
branch_code_E05,subbranch_code_H02.403,2,node_6,node_7,False
branch_code_E05,subbranch_code_I01.198,5,node_6,node_5,False
branch_code_E05,subbranch_code_I01.240,1,node_6,node_6,True
branch_code_E05,subbranch_code_I01.320,1,node_6,node_9,False
branch_code_E05,subbranch_code_I01.880,1,node_6,node_9,False
branch_code_E05,subbranch_code_I02.903,1,node_6,node_9,False
branch_code_E05,subbranch_code_J01.293,4,node_6,node_3,False
branch_code_E05,subbranch_code_J01.576,3,node_6,node_6,True
branch_code_E05,subbranch_code_J01.637,1,node_6,node_7,False
branch_code_E05,subbranch_code_J01.897,15,node_6,node_2,False
branch_code_E05,subbranch_code_K01.752,1,node_6,node_5,False
branch_code_E05,subbranch_code_L01.224,12,node_6,node_2,False
branch_code_E05,subbranch_code_L01.280,2,node_6,node_3,False
branch_code_E05,subbranch_code_L01.313,10,node_6,node_6,True
branch_code_E05,subbranch_code_L01.399,13,node_6,node_7,False
branch_code_E05,subbranch_code_L01.462,6,node_6,node_8,False
branch_code_E05,subbranch_code_L01.470,2,node_6,node_9,False
branch_code_E05,subbranch_code_L01.559,1,node_6,node_2,False
branch_code_E05,subbranch_code_L01.906,1,node_6,node_6,True
branch_code_E05,subbranch_code_N01.224,25,node_6,node_5,False
branch_code_E05,subbranch_code_N02.360,1,node_6,node_4,False
branch_code_E05,subbranch_code_N02.421,17,node_6,node_5,False
branch_code_E05,subbranch_code_N03.349,4,node_6,node_3,False
branch_code_E05,subbranch_code_N04.452,30,node_6,node_2,False
branch_code_E05,subbranch_code_N04.590,3,node_6,node_3,False
branch_code_E05,subbranch_code_N04.761,6,node_6,node_4,False
branch_code_E05,subbranch_code_N05.425,3,node_6,node_10,False
branch_code_E05,subbranch_code_N05.715,186,node_6,node_3,False
branch_code_E05,subbranch_code_N06.230,3,node_6,node_5,False
branch_code_E05,subbranch_code_N06.850,236,node_6,node_6,True
branch_code_E05,subbranch_code_N06.890,6,node_6,node_7,False
branch_code_E06,subbranch_code_D25.339,1,node_7,node_4,False
branch_code_E06,subbranch_code_E01.370,8,node_7,node_10,False
branch_code_E06,subbranch_code_E02.547,1,node_7,node_2,False
branch_code_E06,subbranch_code_E02.760,1,node_7,node_3,False
branch_code_E06,subbranch_code_E02.779,1,node_7,node_7,True
branch_code_E06,subbranch_code_E02.831,1,node_7,node_5,False
branch_code_E06,subbranch_code_E03.155,2,node_7,node_8,False
branch_code_E06,subbranch_code_E04.545,29,node_7,node_5,False
branch_code_E06,subbranch_code_E04.555,5,node_7,node_6,False
branch_code_E06,subbranch_code_E04.617,1,node_7,node_3,False
branch_code_E06,subbranch_code_E04.650,8,node_7,node_6,False
branch_code_E06,subbranch_code_E04.936,1,node_7,node_4,False
branch_code_E06,subbranch_code_E05.041,2,node_7,node_3,False
branch_code_E06,subbranch_code_E05.170,1,node_7,node_4,False
branch_code_E06,subbranch_code_E05.196,1,node_7,node_6,False
branch_code_E06,subbranch_code_E05.318,6,node_7,node_10,False
branch_code_E06,subbranch_code_E05.320,1,node_7,node_1,False
branch_code_E06,subbranch_code_E05.712,1,node_7,node_7,True
branch_code_E06,subbranch_code_E06,1,node_7,node_4,False
branch_code_E06,subbranch_code_E06.020,1,node_7,node_5,False
branch_code_E06,subbranch_code_E06.045,2,node_7,node_6,False
branch_code_E06,subbranch_code_E06.070,1,node_7,node_7,True
branch_code_E06,subbranch_code_E06.095,4,node_7,node_8,False
branch_code_E06,subbranch_code_E06.170,5,node_7,node_9,False
branch_code_E06,subbranch_code_E06.178,1,node_7,node_10,False
branch_code_E06,subbranch_code_E06.186,8,node_7,node_1,False
branch_code_E06,subbranch_code_E06.208,6,node_7,node_2,False
branch_code_E06,subbranch_code_E06.216,1,node_7,node_3,False
branch_code_E06,subbranch_code_E06.276,5,node_7,node_4,False
branch_code_E06,subbranch_code_E06.292,1,node_7,node_5,False
branch_code_E06,subbranch_code_E06.298,1,node_7,node_6,False
branch_code_E06,subbranch_code_E06.308,1,node_7,node_7,True
branch_code_E06,subbranch_code_E06.342,11,node_7,node_8,False
branch_code_E06,subbranch_code_E06.377,1,node_7,node_9,False
branch_code_E06,subbranch_code_E06.397,14,node_7,node_10,False
branch_code_E06,subbranch_code_E06.420,3,node_7,node_1,False
branch_code_E06,subbranch_code_E06.470,1,node_7,node_2,False
branch_code_E06,subbranch_code_E06.520,2,node_7,node_3,False
branch_code_E06,subbranch_code_E06.570,1,node_7,node_4,False
branch_code_E06,subbranch_code_E06.584,1,node_7,node_5,False
branch_code_E06,subbranch_code_E06.603,1,node_7,node_6,False
branch_code_E06,subbranch_code_E06.623,2,node_7,node_7,True
branch_code_E06,subbranch_code_E06.640,1,node_7,node_8,False
branch_code_E06,subbranch_code_E06.645,34,node_7,node_9,False
branch_code_E06,subbranch_code_E06.658,25,node_7,node_10,False
branch_code_E06,subbranch_code_E06.685,1,node_7,node_1,False
branch_code_E06,subbranch_code_E06.721,13,node_7,node_2,False
branch_code_E06,subbranch_code_E06.761,10,node_7,node_3,False
branch_code_E06,subbranch_code_E06.780,52,node_7,node_4,False
branch_code_E06,subbranch_code_E06.892,2,node_7,node_5,False
branch_code_E06,subbranch_code_E06.912,13,node_7,node_6,False
branch_code_E06,subbranch_code_E06.931,6,node_7,node_7,True
branch_code_E06,subbranch_code_E06.950,1,node_7,node_8,False
branch_code_E06,subbranch_code_E07.222,8,node_7,node_10,False
branch_code_E06,subbranch_code_E07.695,31,node_7,node_10,False
branch_code_E06,subbranch_code_E07.700,1,node_7,node_1,False
branch_code_E06,subbranch_code_G10.549,1,node_7,node_3,False
branch_code_E06,subbranch_code_H02.010,1,node_7,node_8,False
branch_code_E06,subbranch_code_H02.163,11,node_7,node_1,False
branch_code_E06,subbranch_code_H02.403,1,node_7,node_7,True
branch_code_E06,subbranch_code_J01.637,2,node_7,node_7,True
branch_code_E06,subbranch_code_J01.897,2,node_7,node_2,False
branch_code_E06,subbranch_code_L01.462,1,node_7,node_8,False
branch_code_E06,subbranch_code_N02.421,5,node_7,node_5,False
branch_code_E06,subbranch_code_N05.715,6,node_7,node_3,False
branch_code_E06,subbranch_code_N06.850,7,node_7,node_6,False
branch_code_E06,subbranch_code_N06.890,7,node_7,node_7,True
branch_code_E07,subbranch_code_A02.835,1,node_8,node_2,False
branch_code_E07,subbranch_code_A07.015,1,node_8,node_6,False
branch_code_E07,subbranch_code_A10.165,1,node_8,node_5,False
branch_code_E07,subbranch_code_A10.802,1,node_8,node_2,False
branch_code_E07,subbranch_code_A10.850,9,node_8,node_6,False
branch_code_E07,subbranch_code_D25.339,1,node_8,node_4,False
branch_code_E07,subbranch_code_D25.919,1,node_8,node_2,False
branch_code_E07,subbranch_code_D26.255,1,node_8,node_7,False
branch_code_E07,subbranch_code_D27.505,2,node_8,node_10,False
branch_code_E07,subbranch_code_D27.720,7,node_8,node_1,False
branch_code_E07,subbranch_code_E01.370,1,node_8,node_10,False
branch_code_E07,subbranch_code_E02.041,1,node_8,node_9,False
branch_code_E07,subbranch_code_E02.319,1,node_8,node_1,False
branch_code_E07,subbranch_code_E02.585,1,node_8,node_5,False
branch_code_E07,subbranch_code_E04.050,1,node_8,node_10,False
branch_code_E07,subbranch_code_E05.196,2,node_8,node_6,False
branch_code_E07,subbranch_code_E05.200,1,node_8,node_9,False
branch_code_E07,subbranch_code_E05.242,1,node_8,node_2,False
branch_code_E07,subbranch_code_E05.320,2,node_8,node_1,False
branch_code_E07,subbranch_code_E05.325,1,node_8,node_2,False
branch_code_E07,subbranch_code_E05.481,1,node_8,node_8,True
branch_code_E07,subbranch_code_E05.497,1,node_8,node_1,False
branch_code_E07,subbranch_code_E05.978,1,node_8,node_1,False
branch_code_E07,subbranch_code_E06.186,8,node_8,node_1,False
branch_code_E07,subbranch_code_E06.721,1,node_8,node_2,False
branch_code_E07,subbranch_code_E06.761,2,node_8,node_3,False
branch_code_E07,subbranch_code_E06.780,30,node_8,node_4,False
branch_code_E07,subbranch_code_E07,1,node_8,node_9,False
branch_code_E07,subbranch_code_E07.039,1,node_8,node_10,False
branch_code_E07,subbranch_code_E07.079,1,node_8,node_1,False
branch_code_E07,subbranch_code_E07.101,7,node_8,node_2,False
branch_code_E07,subbranch_code_E07.108,1,node_8,node_3,False
branch_code_E07,subbranch_code_E07.115,2,node_8,node_4,False
branch_code_E07,subbranch_code_E07.123,1,node_8,node_5,False
branch_code_E07,subbranch_code_E07.132,8,node_8,node_6,False
branch_code_E07,subbranch_code_E07.161,1,node_8,node_7,False
branch_code_E07,subbranch_code_E07.190,8,node_8,node_8,True
branch_code_E07,subbranch_code_E07.206,4,node_8,node_9,False
branch_code_E07,subbranch_code_E07.222,8,node_8,node_10,False
branch_code_E07,subbranch_code_E07.230,36,node_8,node_1,False
branch_code_E07,subbranch_code_E07.241,1,node_8,node_2,False
branch_code_E07,subbranch_code_E07.252,1,node_8,node_3,False
branch_code_E07,subbranch_code_E07.278,1,node_8,node_4,False
branch_code_E07,subbranch_code_E07.305,31,node_8,node_5,False
branch_code_E07,subbranch_code_E07.315,1,node_8,node_6,False
branch_code_E07,subbranch_code_E07.325,17,node_8,node_7,False
branch_code_E07,subbranch_code_E07.341,1,node_8,node_8,True
branch_code_E07,subbranch_code_E07.357,3,node_8,node_9,False
branch_code_E07,subbranch_code_E07.420,1,node_8,node_10,False
branch_code_E07,subbranch_code_E07.427,1,node_8,node_1,False
branch_code_E07,subbranch_code_E07.430,1,node_8,node_2,False
branch_code_E07,subbranch_code_E07.440,1,node_8,node_3,False
branch_code_E07,subbranch_code_E07.451,1,node_8,node_4,False
branch_code_E07,subbranch_code_E07.461,2,node_8,node_5,False
branch_code_E07,subbranch_code_E07.490,3,node_8,node_6,False
branch_code_E07,subbranch_code_E07.505,3,node_8,node_7,False
branch_code_E07,subbranch_code_E07.515,1,node_8,node_8,True
branch_code_E07,subbranch_code_E07.546,1,node_8,node_9,False
branch_code_E07,subbranch_code_E07.553,1,node_8,node_10,False
branch_code_E07,subbranch_code_E07.560,1,node_8,node_1,False
branch_code_E07,subbranch_code_E07.565,1,node_8,node_2,False
branch_code_E07,subbranch_code_E07.595,1,node_8,node_3,False
branch_code_E07,subbranch_code_E07.605,4,node_8,node_4,False
branch_code_E07,subbranch_code_E07.612,1,node_8,node_5,False
branch_code_E07,subbranch_code_E07.632,17,node_8,node_6,False
branch_code_E07,subbranch_code_E07.652,2,node_8,node_7,False
branch_code_E07,subbranch_code_E07.671,1,node_8,node_8,True
branch_code_E07,subbranch_code_E07.683,1,node_8,node_9,False
branch_code_E07,subbranch_code_E07.695,88,node_8,node_10,False
branch_code_E07,subbranch_code_E07.700,19,node_8,node_1,False
branch_code_E07,subbranch_code_E07.705,1,node_8,node_2,False
branch_code_E07,subbranch_code_E07.710,15,node_8,node_3,False
branch_code_E07,subbranch_code_E07.715,1,node_8,node_4,False
branch_code_E07,subbranch_code_E07.720,2,node_8,node_5,False
branch_code_E07,subbranch_code_E07.796,4,node_8,node_6,False
branch_code_E07,subbranch_code_E07.814,4,node_8,node_7,False
branch_code_E07,subbranch_code_E07.858,83,node_8,node_8,True
branch_code_E07,subbranch_code_E07.862,9,node_8,node_9,False
branch_code_E07,subbranch_code_E07.877,1,node_8,node_10,False
branch_code_E07,subbranch_code_E07.900,1,node_8,node_1,False
branch_code_E07,subbranch_code_E07.913,1,node_8,node_2,False
branch_code_E07,subbranch_code_E07.926,1,node_8,node_3,False
branch_code_E07,subbranch_code_E07.935,1,node_8,node_4,False
branch_code_E07,subbranch_code_E07.950,2,node_8,node_5,False
branch_code_E07,subbranch_code_E07.960,1,node_8,node_6,False
branch_code_E07,subbranch_code_E07.970,1,node_8,node_7,False
branch_code_E07,subbranch_code_G16.500,1,node_8,node_7,False
branch_code_E07,subbranch_code_J01.494,3,node_8,node_4,False
branch_code_E07,subbranch_code_J01.637,21,node_8,node_7,False
branch_code_E07,subbranch_code_J01.780,1,node_8,node_10,False
branch_code_E07,subbranch_code_J01.897,2,node_8,node_2,False
branch_code_E07,subbranch_code_J03.540,1,node_8,node_10,False
branch_code_E07,subbranch_code_L01.224,1,node_8,node_2,False
branch_code_E07,subbranch_code_N02.421,1,node_8,node_5,False
branch_code_E07,subbranch_code_N04.452,1,node_8,node_2,False
branch_code_E07,subbranch_code_N06.230,1,node_8,node_5,False
branch_code_F01,subbranch_code_C07.793,1,node_9,node_8,False
branch_code_F01,subbranch_code_C09.218,2,node_9,node_7,False
branch_code_F01,subbranch_code_C10.228,3,node_9,node_5,False
branch_code_F01,subbranch_code_C10.597,35,node_9,node_4,False
branch_code_F01,subbranch_code_C10.720,1,node_9,node_6,False
branch_code_F01,subbranch_code_C12.050,3,node_9,node_8,False
branch_code_F01,subbranch_code_C12.200,3,node_9,node_10,False
branch_code_F01,subbranch_code_C12.950,3,node_9,node_5,False
branch_code_F01,subbranch_code_C23.550,3,node_9,node_2,False
branch_code_F01,subbranch_code_C23.888,41,node_9,node_3,False
branch_code_F01,subbranch_code_C24.580,2,node_9,node_3,False
branch_code_F01,subbranch_code_C25.723,1,node_9,node_9,True
branch_code_F01,subbranch_code_C25.775,2,node_9,node_10,False
branch_code_F01,subbranch_code_C26.780,1,node_9,node_9,True
branch_code_F01,subbranch_code_E01.370,4,node_9,node_10,False
branch_code_F01,subbranch_code_E01.789,1,node_9,node_5,False
branch_code_F01,subbranch_code_E02.421,1,node_9,node_5,False
branch_code_F01,subbranch_code_E02.760,3,node_9,node_3,False
branch_code_F01,subbranch_code_E02.831,2,node_9,node_5,False
branch_code_F01,subbranch_code_E02.875,1,node_9,node_9,True
branch_code_F01,subbranch_code_E05.318,1,node_9,node_10,False
branch_code_F01,subbranch_code_F01,1,node_9,node_8,False
branch_code_F01,subbranch_code_F01.058,10,node_9,node_9,True
branch_code_F01,subbranch_code_F01.100,27,node_9,node_10,False
branch_code_F01,subbranch_code_F01.145,285,node_9,node_1,False
branch_code_F01,subbranch_code_F01.318,2,node_9,node_2,False
branch_code_F01,subbranch_code_F01.393,22,node_9,node_3,False
branch_code_F01,subbranch_code_F01.470,45,node_9,node_4,False
branch_code_F01,subbranch_code_F01.490,2,node_9,node_5,False
branch_code_F01,subbranch_code_F01.510,1,node_9,node_6,False
branch_code_F01,subbranch_code_F01.525,6,node_9,node_7,False
branch_code_F01,subbranch_code_F01.590,1,node_9,node_8,False
branch_code_F01,subbranch_code_F01.658,19,node_9,node_9,True
branch_code_F01,subbranch_code_F01.700,35,node_9,node_10,False
branch_code_F01,subbranch_code_F01.752,54,node_9,node_1,False
branch_code_F01,subbranch_code_F01.829,117,node_9,node_2,False
branch_code_F01,subbranch_code_F01.872,1,node_9,node_3,False
branch_code_F01,subbranch_code_F01.914,1,node_9,node_4,False
branch_code_F01,subbranch_code_F02.410,1,node_9,node_6,False
branch_code_F01,subbranch_code_F02.463,19,node_9,node_8,False
branch_code_F01,subbranch_code_F02.647,1,node_9,node_1,False
branch_code_F01,subbranch_code_F02.739,13,node_9,node_3,False
branch_code_F01,subbranch_code_F02.784,3,node_9,node_4,False
branch_code_F01,subbranch_code_F02.830,14,node_9,node_6,False
branch_code_F01,subbranch_code_F03.080,2,node_9,node_2,False
branch_code_F01,subbranch_code_F03.250,2,node_9,node_3,False
branch_code_F01,subbranch_code_F03.388,4,node_9,node_5,False
branch_code_F01,subbranch_code_F03.400,1,node_9,node_6,False
branch_code_F01,subbranch_code_F03.615,9,node_9,node_9,True
branch_code_F01,subbranch_code_F03.625,1,node_9,node_10,False
branch_code_F01,subbranch_code_F03.835,1,node_9,node_5,False
branch_code_F01,subbranch_code_F03.900,3,node_9,node_8,False
branch_code_F01,subbranch_code_F03.950,1,node_9,node_9,True
branch_code_F01,subbranch_code_F04.096,5,node_9,node_2,False
branch_code_F01,subbranch_code_F04.754,4,node_9,node_9,True
branch_code_F01,subbranch_code_G04.198,1,node_9,node_10,False
branch_code_F01,subbranch_code_G07.180,1,node_9,node_2,False
branch_code_F01,subbranch_code_G07.203,11,node_9,node_4,False
branch_code_F01,subbranch_code_G07.345,3,node_9,node_9,True
branch_code_F01,subbranch_code_G07.568,4,node_9,node_4,False
branch_code_F01,subbranch_code_G08.686,10,node_9,node_5,False
branch_code_F01,subbranch_code_G10.261,1,node_9,node_2,False
branch_code_F01,subbranch_code_G11.427,7,node_9,node_5,False
branch_code_F01,subbranch_code_G11.561,2,node_9,node_6,False
branch_code_F01,subbranch_code_G16.049,1,node_9,node_1,False
branch_code_F01,subbranch_code_G16.500,1,node_9,node_7,False
branch_code_F01,subbranch_code_G16.559,1,node_9,node_1,False
branch_code_F01,subbranch_code_H01.770,1,node_9,node_5,False
branch_code_F01,subbranch_code_I01.076,1,node_9,node_4,False
branch_code_F01,subbranch_code_I01.198,1,node_9,node_5,False
branch_code_F01,subbranch_code_I01.240,12,node_9,node_6,False
branch_code_F01,subbranch_code_I01.738,1,node_9,node_5,False
branch_code_F01,subbranch_code_I01.800,1,node_9,node_8,False
branch_code_F01,subbranch_code_I01.880,66,node_9,node_9,True
branch_code_F01,subbranch_code_I03.125,2,node_9,node_3,False
branch_code_F01,subbranch_code_I03.350,1,node_9,node_5,False
branch_code_F01,subbranch_code_J01.219,1,node_9,node_1,False
branch_code_F01,subbranch_code_K01.517,1,node_9,node_1,False
branch_code_F01,subbranch_code_K01.752,8,node_9,node_5,False
branch_code_F01,subbranch_code_L01.143,10,node_9,node_1,False
branch_code_F01,subbranch_code_L01.399,1,node_9,node_7,False
branch_code_F01,subbranch_code_L01.559,2,node_9,node_2,False
branch_code_F01,subbranch_code_L01.737,1,node_9,node_5,False
branch_code_F01,subbranch_code_M01.055,1,node_9,node_9,True
branch_code_F01,subbranch_code_M01.264,1,node_9,node_3,False
branch_code_F01,subbranch_code_M01.620,7,node_9,node_7,False
branch_code_F01,subbranch_code_M01.643,1,node_9,node_8,False
branch_code_F01,subbranch_code_M01.781,1,node_9,node_6,False
branch_code_F01,subbranch_code_M01.785,1,node_9,node_7,False
branch_code_F01,subbranch_code_M01.816,1,node_9,node_9,True
branch_code_F01,subbranch_code_N01.224,14,node_9,node_5,False
branch_code_F01,subbranch_code_N01.824,12,node_9,node_8,False
branch_code_F01,subbranch_code_N02.421,3,node_9,node_5,False
branch_code_F01,subbranch_code_N03.055,3,node_9,node_10,False
branch_code_F01,subbranch_code_N03.540,1,node_9,node_4,False
branch_code_F01,subbranch_code_N03.706,9,node_9,node_6,False
branch_code_F01,subbranch_code_N04.452,5,node_9,node_2,False
branch_code_F01,subbranch_code_N04.590,1,node_9,node_3,False
branch_code_F01,subbranch_code_N04.761,3,node_9,node_4,False
branch_code_F01,subbranch_code_N05.300,23,node_9,node_8,False
branch_code_F01,subbranch_code_N05.700,1,node_9,node_2,False
branch_code_F01,subbranch_code_N05.715,5,node_9,node_3,False
branch_code_F01,subbranch_code_N06.850,11,node_9,node_6,False
branch_code_F02,subbranch_code_C05.360,1,node_10,node_5,False
branch_code_F02,subbranch_code_C05.550,3,node_10,node_8,False
branch_code_F02,subbranch_code_C05.651,2,node_10,node_9,False
branch_code_F02,subbranch_code_C07.465,1,node_10,node_4,False
branch_code_F02,subbranch_code_C09.218,1,node_10,node_7,False
branch_code_F02,subbranch_code_C10.597,1,node_10,node_4,False
branch_code_F02,subbranch_code_C10.668,2,node_10,node_5,False
branch_code_F02,subbranch_code_C10.886,1,node_10,node_8,False
branch_code_F02,subbranch_code_C11.300,1,node_10,node_10,True
branch_code_F02,subbranch_code_C23.550,1,node_10,node_2,False
branch_code_F02,subbranch_code_C23.888,36,node_10,node_3,False
branch_code_F02,subbranch_code_C24.580,2,node_10,node_3,False
branch_code_F02,subbranch_code_E01.370,7,node_10,node_10,True
branch_code_F02,subbranch_code_E02.190,2,node_10,node_4,False
branch_code_F02,subbranch_code_E05.318,1,node_10,node_10,True
branch_code_F02,subbranch_code_E05.599,2,node_10,node_3,False
branch_code_F02,subbranch_code_E05.796,4,node_10,node_1,False
branch_code_F02,subbranch_code_F01.058,3,node_10,node_9,False
branch_code_F02,subbranch_code_F01.145,20,node_10,node_1,False
branch_code_F02,subbranch_code_F01.393,5,node_10,node_3,False
branch_code_F02,subbranch_code_F01.470,2,node_10,node_4,False
branch_code_F02,subbranch_code_F01.590,1,node_10,node_8,False
branch_code_F02,subbranch_code_F01.658,4,node_10,node_9,False
branch_code_F02,subbranch_code_F01.700,1,node_10,node_10,True
branch_code_F02,subbranch_code_F01.752,16,node_10,node_1,False
branch_code_F02,subbranch_code_F01.829,4,node_10,node_2,False
branch_code_F02,subbranch_code_F02,1,node_10,node_5,False
branch_code_F02,subbranch_code_F02.410,1,node_10,node_6,False
branch_code_F02,subbranch_code_F02.418,1,node_10,node_7,False
branch_code_F02,subbranch_code_F02.463,174,node_10,node_8,False
branch_code_F02,subbranch_code_F02.550,2,node_10,node_9,False
branch_code_F02,subbranch_code_F02.600,1,node_10,node_10,True
branch_code_F02,subbranch_code_F02.647,1,node_10,node_1,False
branch_code_F02,subbranch_code_F02.694,3,node_10,node_2,False
branch_code_F02,subbranch_code_F02.739,29,node_10,node_3,False
branch_code_F02,subbranch_code_F02.784,42,node_10,node_4,False
branch_code_F02,subbranch_code_F02.808,5,node_10,node_5,False
branch_code_F02,subbranch_code_F02.830,98,node_10,node_6,False
branch_code_F02,subbranch_code_F02.880,3,node_10,node_7,False
branch_code_F02,subbranch_code_F02.940,1,node_10,node_8,False
branch_code_F02,subbranch_code_F02.970,3,node_10,node_9,False
branch_code_F02,subbranch_code_F02.985,1,node_10,node_10,True
branch_code_F02,subbranch_code_F03.870,1,node_10,node_6,False
branch_code_F02,subbranch_code_F03.950,1,node_10,node_9,False
branch_code_F02,subbranch_code_F04.096,10,node_10,node_2,False
branch_code_F02,subbranch_code_F04.408,6,node_10,node_3,False
branch_code_F02,subbranch_code_F04.669,4,node_10,node_7,False
branch_code_F02,subbranch_code_F04.711,1,node_10,node_8,False
branch_code_F02,subbranch_code_F04.754,6,node_10,node_9,False
branch_code_F02,subbranch_code_G02.111,1,node_10,node_10,True
branch_code_F02,subbranch_code_G04.835,1,node_10,node_9,False
branch_code_F02,subbranch_code_G07.203,1,node_10,node_4,False
branch_code_F02,subbranch_code_G07.265,1,node_10,node_6,False
branch_code_F02,subbranch_code_G07.850,1,node_10,node_1,False
branch_code_F02,subbranch_code_G07.888,18,node_10,node_2,False
branch_code_F02,subbranch_code_G10.261,2,node_10,node_2,False
branch_code_F02,subbranch_code_G11.427,3,node_10,node_5,False
branch_code_F02,subbranch_code_G11.561,70,node_10,node_6,False
branch_code_F02,subbranch_code_G13.750,2,node_10,node_5,False
branch_code_F02,subbranch_code_G14.040,1,node_10,node_9,False
branch_code_F02,subbranch_code_G14.360,1,node_10,node_5,False
branch_code_F02,subbranch_code_G14.370,1,node_10,node_6,False
branch_code_F02,subbranch_code_G14.700,1,node_10,node_1,False
branch_code_F02,subbranch_code_G14.930,1,node_10,node_3,False
branch_code_F02,subbranch_code_G14.935,7,node_10,node_4,False
branch_code_F02,subbranch_code_G14.940,3,node_10,node_5,False
branch_code_F02,subbranch_code_G14.950,1,node_10,node_6,False
branch_code_F02,subbranch_code_G17.680,1,node_10,node_10,True
branch_code_F02,subbranch_code_H01.158,1,node_10,node_6,False
branch_code_F02,subbranch_code_H01.770,1,node_10,node_5,False
branch_code_F02,subbranch_code_H02.403,1,node_10,node_7,False
branch_code_F02,subbranch_code_I01.198,1,node_10,node_5,False
branch_code_F02,subbranch_code_I01.738,1,node_10,node_5,False
branch_code_F02,subbranch_code_I01.880,3,node_10,node_9,False
branch_code_F02,subbranch_code_I02.158,1,node_10,node_3,False
branch_code_F02,subbranch_code_I02.233,1,node_10,node_5,False
branch_code_F02,subbranch_code_I02.903,4,node_10,node_9,False
branch_code_F02,subbranch_code_I03.743,1,node_10,node_2,False
branch_code_F02,subbranch_code_J01.293,2,node_10,node_3,False
branch_code_F02,subbranch_code_J01.897,1,node_10,node_2,False
branch_code_F02,subbranch_code_K01.752,5,node_10,node_5,False
branch_code_F02,subbranch_code_K01.844,2,node_10,node_6,False
branch_code_F02,subbranch_code_L01.143,2,node_10,node_1,False
branch_code_F02,subbranch_code_L01.296,1,node_10,node_4,False
branch_code_F02,subbranch_code_L01.462,1,node_10,node_8,False
branch_code_F02,subbranch_code_L01.559,2,node_10,node_2,False
branch_code_F02,subbranch_code_M01.102,2,node_10,node_7,False
branch_code_F02,subbranch_code_M01.848,1,node_10,node_10,True
branch_code_F02,subbranch_code_N01.400,1,node_10,node_6,False
branch_code_F02,subbranch_code_N02.421,5,node_10,node_5,False
branch_code_F02,subbranch_code_N03.706,2,node_10,node_6,False
branch_code_F02,subbranch_code_N04.452,4,node_10,node_2,False
branch_code_F02,subbranch_code_N04.590,1,node_10,node_3,False
branch_code_F02,subbranch_code_N05.350,1,node_10,node_9,False
branch_code_F02,subbranch_code_N05.715,1,node_10,node_3,False
branch_code_F02,subbranch_code_N06.850,1,node_10,node_6,False
branch_code_F03,subbranch_code_C01.207,1,node_1,node_10,False
branch_code_F03,subbranch_code_C01.221,1,node_1,node_2,False
branch_code_F03,subbranch_code_C01.778,1,node_1,node_2,False
branch_code_F03,subbranch_code_C01.925,1,node_1,node_10,False
branch_code_F03,subbranch_code_C06.405,1,node_1,node_7,False
branch_code_F03,subbranch_code_C07.793,1,node_1,node_8,False
branch_code_F03,subbranch_code_C09.218,1,node_1,node_7,False
branch_code_F03,subbranch_code_C10.228,22,node_1,node_5,False
branch_code_F03,subbranch_code_C10.281,2,node_1,node_6,False
branch_code_F03,subbranch_code_C10.574,8,node_1,node_2,False
branch_code_F03,subbranch_code_C10.597,22,node_1,node_4,False
branch_code_F03,subbranch_code_C10.720,3,node_1,node_6,False
branch_code_F03,subbranch_code_C10.803,1,node_1,node_7,False
branch_code_F03,subbranch_code_C10.886,23,node_1,node_8,False
branch_code_F03,subbranch_code_C12.050,6,node_1,node_8,False
branch_code_F03,subbranch_code_C12.100,5,node_1,node_9,False
branch_code_F03,subbranch_code_C12.200,6,node_1,node_10,False
branch_code_F03,subbranch_code_C12.950,3,node_1,node_5,False
branch_code_F03,subbranch_code_C14.907,3,node_1,node_1,True
branch_code_F03,subbranch_code_C16.320,2,node_1,node_8,False
branch_code_F03,subbranch_code_C16.614,1,node_1,node_9,False
branch_code_F03,subbranch_code_C17.800,1,node_1,node_2,False
branch_code_F03,subbranch_code_C18.452,4,node_1,node_4,False
branch_code_F03,subbranch_code_C18.654,1,node_1,node_5,False
branch_code_F03,subbranch_code_C20.673,1,node_1,node_5,False
branch_code_F03,subbranch_code_C23.550,4,node_1,node_2,False
branch_code_F03,subbranch_code_C23.888,29,node_1,node_3,False
branch_code_F03,subbranch_code_C24.900,1,node_1,node_6,False
branch_code_F03,subbranch_code_C25.100,1,node_1,node_8,False
branch_code_F03,subbranch_code_C25.723,5,node_1,node_9,False
branch_code_F03,subbranch_code_C25.775,33,node_1,node_10,False
branch_code_F03,subbranch_code_F01.100,1,node_1,node_10,False
branch_code_F03,subbranch_code_F01.145,10,node_1,node_1,True
branch_code_F03,subbranch_code_F01.470,2,node_1,node_4,False
branch_code_F03,subbranch_code_F01.700,10,node_1,node_10,False
branch_code_F03,subbranch_code_F02.830,2,node_1,node_6,False
branch_code_F03,subbranch_code_F03,1,node_1,node_1,True
branch_code_F03,subbranch_code_F03.080,16,node_1,node_2,False
branch_code_F03,subbranch_code_F03.250,5,node_1,node_3,False
branch_code_F03,subbranch_code_F03.300,2,node_1,node_4,False
branch_code_F03,subbranch_code_F03.388,5,node_1,node_5,False
branch_code_F03,subbranch_code_F03.400,14,node_1,node_6,False
branch_code_F03,subbranch_code_F03.600,12,node_1,node_7,False
branch_code_F03,subbranch_code_F03.608,1,node_1,node_8,False
branch_code_F03,subbranch_code_F03.615,32,node_1,node_9,False
branch_code_F03,subbranch_code_F03.625,32,node_1,node_10,False
branch_code_F03,subbranch_code_F03.650,1,node_1,node_1,True
branch_code_F03,subbranch_code_F03.657,8,node_1,node_2,False
branch_code_F03,subbranch_code_F03.675,12,node_1,node_3,False
branch_code_F03,subbranch_code_F03.700,15,node_1,node_4,False
branch_code_F03,subbranch_code_F03.835,8,node_1,node_5,False
branch_code_F03,subbranch_code_F03.870,23,node_1,node_6,False
branch_code_F03,subbranch_code_F03.875,10,node_1,node_7,False
branch_code_F03,subbranch_code_F03.900,34,node_1,node_8,False
branch_code_F03,subbranch_code_F03.950,12,node_1,node_9,False
branch_code_F03,subbranch_code_I03.883,1,node_1,node_5,False
branch_code_F04,subbranch_code_E01.370,3,node_2,node_10,False
branch_code_F04,subbranch_code_E02.085,1,node_2,node_3,False
branch_code_F04,subbranch_code_E02.190,18,node_2,node_4,False
branch_code_F04,subbranch_code_E02.319,1,node_2,node_1,False
branch_code_F04,subbranch_code_E02.331,1,node_2,node_2,True
branch_code_F04,subbranch_code_E02.760,6,node_2,node_3,False
branch_code_F04,subbranch_code_E02.774,1,node_2,node_6,False
branch_code_F04,subbranch_code_E02.779,3,node_2,node_7,False
branch_code_F04,subbranch_code_E02.831,5,node_2,node_5,False
branch_code_F04,subbranch_code_E04.525,1,node_2,node_3,False
branch_code_F04,subbranch_code_E05.318,1,node_2,node_10,False
branch_code_F04,subbranch_code_E05.599,1,node_2,node_3,False
branch_code_F04,subbranch_code_E05.723,1,node_2,node_8,False
branch_code_F04,subbranch_code_E05.796,6,node_2,node_1,False
branch_code_F04,subbranch_code_F01.058,2,node_2,node_9,False
branch_code_F04,subbranch_code_F01.145,1,node_2,node_1,False
branch_code_F04,subbranch_code_F01.829,5,node_2,node_2,True
branch_code_F04,subbranch_code_F01.872,1,node_2,node_3,False
branch_code_F04,subbranch_code_F02.463,6,node_2,node_8,False
branch_code_F04,subbranch_code_F02.550,1,node_2,node_9,False
branch_code_F04,subbranch_code_F02.694,3,node_2,node_2,True
branch_code_F04,subbranch_code_F02.784,11,node_2,node_4,False
branch_code_F04,subbranch_code_F02.830,6,node_2,node_6,False
branch_code_F04,subbranch_code_F04,1,node_2,node_10,False
branch_code_F04,subbranch_code_F04.047,1,node_2,node_1,False
branch_code_F04,subbranch_code_F04.096,70,node_2,node_2,True
branch_code_F04,subbranch_code_F04.408,12,node_2,node_3,False
branch_code_F04,subbranch_code_F04.513,2,node_2,node_4,False
branch_code_F04,subbranch_code_F04.570,8,node_2,node_5,False
branch_code_F04,subbranch_code_F04.628,1,node_2,node_6,False
branch_code_F04,subbranch_code_F04.669,10,node_2,node_7,False
branch_code_F04,subbranch_code_F04.711,37,node_2,node_8,False
branch_code_F04,subbranch_code_F04.754,78,node_2,node_9,False
branch_code_F04,subbranch_code_F04.824,1,node_2,node_10,False
branch_code_F04,subbranch_code_G07.265,1,node_2,node_6,False
branch_code_F04,subbranch_code_G07.410,1,node_2,node_10,False
branch_code_F04,subbranch_code_G11.561,1,node_2,node_6,False
branch_code_F04,subbranch_code_G13.750,1,node_2,node_5,False
branch_code_F04,subbranch_code_H01.158,7,node_2,node_6,False
branch_code_F04,subbranch_code_H01.770,2,node_2,node_5,False
branch_code_F04,subbranch_code_H02.403,14,node_2,node_7,False
branch_code_F04,subbranch_code_H02.628,1,node_2,node_4,False
branch_code_F04,subbranch_code_H02.720,2,node_2,node_7,False
branch_code_F04,subbranch_code_H02.790,1,node_2,node_9,False
branch_code_F04,subbranch_code_I01,1,node_2,node_3,False
branch_code_F04,subbranch_code_I01.076,2,node_2,node_4,False
branch_code_F04,subbranch_code_I01.198,3,node_2,node_5,False
branch_code_F04,subbranch_code_I01.880,10,node_2,node_9,False
branch_code_F04,subbranch_code_L01.462,3,node_2,node_8,False
branch_code_F04,subbranch_code_L01.559,2,node_2,node_2,True
branch_code_F04,subbranch_code_N02.421,11,node_2,node_5,False
branch_code_F04,subbranch_code_N03.219,1,node_2,node_2,True
branch_code_F04,subbranch_code_N03.706,5,node_2,node_6,False
branch_code_F04,subbranch_code_N04.452,2,node_2,node_2,True
branch_code_F04,subbranch_code_N04.590,2,node_2,node_3,False
branch_code_F04,subbranch_code_N05.715,1,node_2,node_3,False
branch_code_F04,subbranch_code_N06.850,2,node_2,node_6,False
branch_code_G01,subbranch_code_C04.557,1,node_3,node_7,False
branch_code_G01,subbranch_code_C04.682,2,node_3,node_3,True
branch_code_G01,subbranch_code_C05.651,1,node_3,node_9,False
branch_code_G01,subbranch_code_C08.381,1,node_3,node_4,False
branch_code_G01,subbranch_code_C09.218,1,node_3,node_7,False
branch_code_G01,subbranch_code_C10.292,1,node_3,node_7,False
branch_code_G01,subbranch_code_C10.668,1,node_3,node_5,False
branch_code_G01,subbranch_code_C10.900,2,node_3,node_9,False
branch_code_G01,subbranch_code_C11.640,1,node_3,node_8,False
branch_code_G01,subbranch_code_C11.768,1,node_3,node_2,False
branch_code_G01,subbranch_code_C14.280,1,node_3,node_9,False
branch_code_G01,subbranch_code_C15.378,1,node_3,node_3,True
branch_code_G01,subbranch_code_C16.131,1,node_3,node_6,False
branch_code_G01,subbranch_code_C17.800,1,node_3,node_2,False
branch_code_G01,subbranch_code_C23.550,5,node_3,node_2,False
branch_code_G01,subbranch_code_C25.100,4,node_3,node_8,False
branch_code_G01,subbranch_code_C26.733,15,node_3,node_5,False
branch_code_G01,subbranch_code_D01.248,1,node_3,node_9,False
branch_code_G01,subbranch_code_D01.268,1,node_3,node_10,False
branch_code_G01,subbranch_code_D01.362,1,node_3,node_3,True
branch_code_G01,subbranch_code_D20.633,1,node_3,node_5,False
branch_code_G01,subbranch_code_D20.721,3,node_3,node_7,False
branch_code_G01,subbranch_code_E01.370,1,node_3,node_10,False
branch_code_G01,subbranch_code_E02.278,1,node_3,node_9,False
branch_code_G01,subbranch_code_E04.292,1,node_3,node_8,False
branch_code_G01,subbranch_code_E05.196,8,node_3,node_6,False
branch_code_G01,subbranch_code_E05.301,1,node_3,node_7,False
branch_code_G01,subbranch_code_E05.598,1,node_3,node_2,False
branch_code_G01,subbranch_code_E05.799,2,node_3,node_2,False
branch_code_G01,subbranch_code_G01,1,node_3,node_1,False
branch_code_G01,subbranch_code_G01.015,3,node_3,node_2,False
branch_code_G01,subbranch_code_G01.030,1,node_3,node_3,True
branch_code_G01,subbranch_code_G01.060,29,node_3,node_4,False
branch_code_G01,subbranch_code_G01.154,19,node_3,node_5,False
branch_code_G01,subbranch_code_G01.202,3,node_3,node_6,False
branch_code_G01,subbranch_code_G01.226,1,node_3,node_7,False
branch_code_G01,subbranch_code_G01.238,1,node_3,node_8,False
branch_code_G01,subbranch_code_G01.249,10,node_3,node_9,False
branch_code_G01,subbranch_code_G01.280,2,node_3,node_10,False
branch_code_G01,subbranch_code_G01.311,30,node_3,node_1,False
branch_code_G01,subbranch_code_G01.342,1,node_3,node_2,False
branch_code_G01,subbranch_code_G01.358,28,node_3,node_3,True
branch_code_G01,subbranch_code_G01.374,29,node_3,node_4,False
branch_code_G01,subbranch_code_G01.482,6,node_3,node_5,False
branch_code_G01,subbranch_code_G01.536,3,node_3,node_6,False
branch_code_G01,subbranch_code_G01.590,19,node_3,node_7,False
branch_code_G01,subbranch_code_G01.618,1,node_3,node_8,False
branch_code_G01,subbranch_code_G01.645,5,node_3,node_9,False
branch_code_G01,subbranch_code_G01.750,49,node_3,node_10,False
branch_code_G01,subbranch_code_G01.828,1,node_3,node_1,False
branch_code_G01,subbranch_code_G01.867,4,node_3,node_2,False
branch_code_G01,subbranch_code_G01.906,9,node_3,node_3,True
branch_code_G01,subbranch_code_G01.910,7,node_3,node_4,False
branch_code_G01,subbranch_code_G02.010,3,node_3,node_6,False
branch_code_G01,subbranch_code_G02.020,1,node_3,node_7,False
branch_code_G01,subbranch_code_G02.050,1,node_3,node_9,False
branch_code_G01,subbranch_code_G02.111,14,node_3,node_10,False
branch_code_G01,subbranch_code_G02.196,3,node_3,node_7,False
branch_code_G01,subbranch_code_G02.216,2,node_3,node_10,False
branch_code_G01,subbranch_code_G02.225,1,node_3,node_1,False
branch_code_G01,subbranch_code_G02.263,2,node_3,node_2,False
branch_code_G01,subbranch_code_G02.551,1,node_3,node_10,False
branch_code_G01,subbranch_code_G02.640,1,node_3,node_2,False
branch_code_G01,subbranch_code_G02.691,2,node_3,node_3,True
branch_code_G01,subbranch_code_G02.723,3,node_3,node_6,False
branch_code_G01,subbranch_code_G02.734,4,node_3,node_7,False
branch_code_G01,subbranch_code_G02.965,1,node_3,node_7,False
branch_code_G01,subbranch_code_G03.015,1,node_3,node_9,False
branch_code_G01,subbranch_code_G03.143,1,node_3,node_8,False
branch_code_G01,subbranch_code_G03.787,1,node_3,node_1,False
branch_code_G01,subbranch_code_G04.570,1,node_3,node_7,False
branch_code_G01,subbranch_code_G04.580,1,node_3,node_9,False
branch_code_G01,subbranch_code_G04.712,1,node_3,node_5,False
branch_code_G01,subbranch_code_G04.835,1,node_3,node_9,False
branch_code_G01,subbranch_code_G05.360,1,node_3,node_6,False
branch_code_G01,subbranch_code_G07.180,1,node_3,node_2,False
branch_code_G01,subbranch_code_G07.225,1,node_3,node_5,False
branch_code_G01,subbranch_code_G07.265,1,node_3,node_6,False
branch_code_G01,subbranch_code_G07.690,1,node_3,node_7,False
branch_code_G01,subbranch_code_G07.738,1,node_3,node_8,False
branch_code_G01,subbranch_code_G09.330,1,node_3,node_9,False
branch_code_G01,subbranch_code_G11.561,1,node_3,node_6,False
branch_code_G01,subbranch_code_G14.400,1,node_3,node_7,False
branch_code_G01,subbranch_code_G14.760,1,node_3,node_2,False
branch_code_G01,subbranch_code_G15.620,1,node_3,node_7,False
branch_code_G01,subbranch_code_G15.808,1,node_3,node_4,False
branch_code_G01,subbranch_code_G16.500,29,node_3,node_7,False
branch_code_G01,subbranch_code_N06.230,27,node_3,node_5,False
branch_code_G01,subbranch_code_N06.850,11,node_3,node_6,False
branch_code_G01,subbranch_code_Z01.756,1,node_3,node_4,False
branch_code_G02,subbranch_code_B04.613,1,node_4,node_8,False
branch_code_G02,subbranch_code_B04.820,1,node_4,node_3,False
branch_code_G02,subbranch_code_C04.697,1,node_4,node_5,False
branch_code_G02,subbranch_code_C23.550,2,node_4,node_2,False
branch_code_G02,subbranch_code_D02.251,1,node_4,node_10,False
branch_code_G02,subbranch_code_D12.644,8,node_4,node_4,True
branch_code_G02,subbranch_code_D12.776,3,node_4,node_5,False
branch_code_G02,subbranch_code_D13.444,19,node_4,node_10,False
branch_code_G02,subbranch_code_D23.050,1,node_4,node_4,True
branch_code_G02,subbranch_code_E01.370,2,node_4,node_10,False
branch_code_G02,subbranch_code_E04.292,1,node_4,node_8,False
branch_code_G02,subbranch_code_E05.196,12,node_4,node_6,False
branch_code_G02,subbranch_code_E05.301,2,node_4,node_7,False
branch_code_G02,subbranch_code_E05.318,1,node_4,node_10,False
branch_code_G02,subbranch_code_E05.393,3,node_4,node_3,False
branch_code_G02,subbranch_code_E05.599,1,node_4,node_3,False
branch_code_G02,subbranch_code_E05.601,1,node_4,node_4,True
branch_code_G02,subbranch_code_E05.916,1,node_4,node_9,False
branch_code_G02,subbranch_code_F02.830,1,node_4,node_6,False
branch_code_G02,subbranch_code_G01.015,3,node_4,node_2,False
branch_code_G02,subbranch_code_G01.030,1,node_4,node_3,False
branch_code_G02,subbranch_code_G01.060,1,node_4,node_4,True
branch_code_G02,subbranch_code_G01.154,14,node_4,node_5,False
branch_code_G02,subbranch_code_G01.202,3,node_4,node_6,False
branch_code_G02,subbranch_code_G01.280,2,node_4,node_10,False
branch_code_G02,subbranch_code_G01.374,2,node_4,node_4,True
branch_code_G02,subbranch_code_G01.590,1,node_4,node_7,False
branch_code_G02,subbranch_code_G01.645,4,node_4,node_9,False
branch_code_G02,subbranch_code_G01.750,1,node_4,node_10,False
branch_code_G02,subbranch_code_G01.867,2,node_4,node_2,False
branch_code_G02,subbranch_code_G01.906,1,node_4,node_3,False
branch_code_G02,subbranch_code_G02,1,node_4,node_5,False
branch_code_G02,subbranch_code_G02.010,3,node_4,node_6,False
branch_code_G02,subbranch_code_G02.020,1,node_4,node_7,False
branch_code_G02,subbranch_code_G02.035,1,node_4,node_8,False
branch_code_G02,subbranch_code_G02.050,1,node_4,node_9,False
branch_code_G02,subbranch_code_G02.111,333,node_4,node_10,False
branch_code_G02,subbranch_code_G02.130,2,node_4,node_1,False
branch_code_G02,subbranch_code_G02.159,2,node_4,node_2,False
branch_code_G02,subbranch_code_G02.165,1,node_4,node_3,False
branch_code_G02,subbranch_code_G02.171,1,node_4,node_4,True
branch_code_G02,subbranch_code_G02.176,1,node_4,node_5,False
branch_code_G02,subbranch_code_G02.186,1,node_4,node_6,False
branch_code_G02,subbranch_code_G02.196,3,node_4,node_7,False
branch_code_G02,subbranch_code_G02.206,1,node_4,node_8,False
branch_code_G02,subbranch_code_G02.211,1,node_4,node_9,False
branch_code_G02,subbranch_code_G02.216,2,node_4,node_10,False
branch_code_G02,subbranch_code_G02.225,1,node_4,node_1,False
branch_code_G02,subbranch_code_G02.263,2,node_4,node_2,False
branch_code_G02,subbranch_code_G02.282,1,node_4,node_3,False
branch_code_G02,subbranch_code_G02.300,3,node_4,node_4,True
branch_code_G02,subbranch_code_G02.380,1,node_4,node_5,False
branch_code_G02,subbranch_code_G02.409,2,node_4,node_6,False
branch_code_G02,subbranch_code_G02.437,1,node_4,node_7,False
branch_code_G02,subbranch_code_G02.466,1,node_4,node_8,False
branch_code_G02,subbranch_code_G02.494,1,node_4,node_9,False
branch_code_G02,subbranch_code_G02.551,1,node_4,node_10,False
branch_code_G02,subbranch_code_G02.607,31,node_4,node_1,False
branch_code_G02,subbranch_code_G02.640,3,node_4,node_2,False
branch_code_G02,subbranch_code_G02.691,2,node_4,node_3,False
branch_code_G02,subbranch_code_G02.700,2,node_4,node_4,True
branch_code_G02,subbranch_code_G02.712,1,node_4,node_5,False
branch_code_G02,subbranch_code_G02.723,4,node_4,node_6,False
branch_code_G02,subbranch_code_G02.734,4,node_4,node_7,False
branch_code_G02,subbranch_code_G02.740,6,node_4,node_8,False
branch_code_G02,subbranch_code_G02.750,1,node_4,node_9,False
branch_code_G02,subbranch_code_G02.765,1,node_4,node_10,False
branch_code_G02,subbranch_code_G02.785,1,node_4,node_1,False
branch_code_G02,subbranch_code_G02.805,1,node_4,node_2,False
branch_code_G02,subbranch_code_G02.819,1,node_4,node_3,False
branch_code_G02,subbranch_code_G02.833,1,node_4,node_4,True
branch_code_G02,subbranch_code_G02.860,5,node_4,node_5,False
branch_code_G02,subbranch_code_G02.930,1,node_4,node_6,False
branch_code_G02,subbranch_code_G02.965,1,node_4,node_7,False
branch_code_G02,subbranch_code_G03.015,1,node_4,node_9,False
branch_code_G02,subbranch_code_G03.030,1,node_4,node_10,False
branch_code_G02,subbranch_code_G03.040,4,node_4,node_1,False
branch_code_G02,subbranch_code_G03.049,1,node_4,node_2,False
branch_code_G02,subbranch_code_G03.059,4,node_4,node_3,False
branch_code_G02,subbranch_code_G03.068,1,node_4,node_4,True
branch_code_G02,subbranch_code_G03.078,1,node_4,node_5,False
branch_code_G02,subbranch_code_G03.087,3,node_4,node_6,False
branch_code_G02,subbranch_code_G03.105,1,node_4,node_7,False
branch_code_G02,subbranch_code_G03.143,2,node_4,node_8,False
branch_code_G02,subbranch_code_G03.162,1,node_4,node_9,False
branch_code_G02,subbranch_code_G03.180,3,node_4,node_1,False
branch_code_G02,subbranch_code_G03.185,1,node_4,node_2,False
branch_code_G02,subbranch_code_G03.191,11,node_4,node_3,False
branch_code_G02,subbranch_code_G03.197,1,node_4,node_5,False
branch_code_G02,subbranch_code_G03.208,1,node_4,node_6,False
branch_code_G02,subbranch_code_G03.219,3,node_4,node_7,False
branch_code_G02,subbranch_code_G03.222,1,node_4,node_8,False
branch_code_G02,subbranch_code_G03.225,1,node_4,node_9,False
branch_code_G02,subbranch_code_G03.230,1,node_4,node_10,False
branch_code_G02,subbranch_code_G03.295,11,node_4,node_1,False
branch_code_G02,subbranch_code_G03.328,1,node_4,node_3,False
branch_code_G02,subbranch_code_G03.344,1,node_4,node_4,True
branch_code_G02,subbranch_code_G03.360,1,node_4,node_5,False
branch_code_G02,subbranch_code_G03.393,1,node_4,node_6,False
branch_code_G02,subbranch_code_G03.409,1,node_4,node_7,False
branch_code_G02,subbranch_code_G03.425,1,node_4,node_8,False
branch_code_G02,subbranch_code_G03.458,3,node_4,node_10,False
branch_code_G02,subbranch_code_G03.474,1,node_4,node_1,False
branch_code_G02,subbranch_code_G03.493,12,node_4,node_3,False
branch_code_G02,subbranch_code_G03.558,1,node_4,node_5,False
branch_code_G02,subbranch_code_G03.615,4,node_4,node_6,False
branch_code_G02,subbranch_code_G03.673,2,node_4,node_7,False
branch_code_G02,subbranch_code_G03.734,23,node_4,node_10,False
branch_code_G02,subbranch_code_G03.787,2,node_4,node_1,False
branch_code_G02,subbranch_code_G03.796,3,node_4,node_2,False
branch_code_G02,subbranch_code_G03.800,4,node_4,node_3,False
branch_code_G02,subbranch_code_G03.804,2,node_4,node_4,True
branch_code_G02,subbranch_code_G03.808,1,node_4,node_5,False
branch_code_G02,subbranch_code_G03.812,1,node_4,node_6,False
branch_code_G02,subbranch_code_G03.816,1,node_4,node_7,False
branch_code_G02,subbranch_code_G03.839,9,node_4,node_10,False
branch_code_G02,subbranch_code_G04.043,1,node_4,node_7,False
branch_code_G02,subbranch_code_G04.144,1,node_4,node_1,False
branch_code_G02,subbranch_code_G04.270,1,node_4,node_2,False
branch_code_G02,subbranch_code_G04.434,2,node_4,node_3,False
branch_code_G02,subbranch_code_G04.536,1,node_4,node_6,False
branch_code_G02,subbranch_code_G04.570,1,node_4,node_7,False
branch_code_G02,subbranch_code_G04.580,1,node_4,node_9,False
branch_code_G02,subbranch_code_G04.835,15,node_4,node_9,False
branch_code_G02,subbranch_code_G05.193,1,node_4,node_8,False
branch_code_G02,subbranch_code_G05.206,1,node_4,node_10,False
branch_code_G02,subbranch_code_G05.219,6,node_4,node_2,False
branch_code_G02,subbranch_code_G05.226,6,node_4,node_3,False
branch_code_G02,subbranch_code_G05.297,9,node_4,node_6,False
branch_code_G02,subbranch_code_G05.308,26,node_4,node_7,False
branch_code_G02,subbranch_code_G05.360,73,node_4,node_6,False
branch_code_G02,subbranch_code_G05.365,2,node_4,node_7,False
branch_code_G02,subbranch_code_G05.545,1,node_4,node_4,True
branch_code_G02,subbranch_code_G05.558,2,node_4,node_5,False
branch_code_G02,subbranch_code_G05.627,1,node_4,node_6,False
branch_code_G02,subbranch_code_G05.728,1,node_4,node_9,False
branch_code_G02,subbranch_code_G05.755,1,node_4,node_10,False
branch_code_G02,subbranch_code_G05.769,1,node_4,node_2,False
branch_code_G02,subbranch_code_G05.810,4,node_4,node_4,True
branch_code_G02,subbranch_code_G05.820,1,node_4,node_7,False
branch_code_G02,subbranch_code_G06.625,1,node_4,node_2,False
branch_code_G02,subbranch_code_G06.920,2,node_4,node_4,True
branch_code_G02,subbranch_code_G07.100,3,node_4,node_10,False
branch_code_G02,subbranch_code_G07.265,3,node_4,node_6,False
branch_code_G02,subbranch_code_G07.345,2,node_4,node_9,False
branch_code_G02,subbranch_code_G07.410,5,node_4,node_10,False
branch_code_G02,subbranch_code_G07.690,6,node_4,node_7,False
branch_code_G02,subbranch_code_G07.775,3,node_4,node_10,False
branch_code_G02,subbranch_code_G09.188,1,node_4,node_8,False
branch_code_G02,subbranch_code_G09.330,1,node_4,node_9,False
branch_code_G02,subbranch_code_G11.427,2,node_4,node_5,False
branch_code_G02,subbranch_code_G11.561,3,node_4,node_6,False
branch_code_G02,subbranch_code_G12.122,3,node_4,node_2,False
branch_code_G02,subbranch_code_G12.125,1,node_4,node_3,False
branch_code_G02,subbranch_code_G12.500,1,node_4,node_8,False
branch_code_G02,subbranch_code_G14.935,1,node_4,node_4,True
branch_code_G02,subbranch_code_G15.568,3,node_4,node_3,False
branch_code_G02,subbranch_code_G16.012,1,node_4,node_9,False
branch_code_G02,subbranch_code_G16.500,8,node_4,node_7,False
branch_code_G02,subbranch_code_L01.224,1,node_4,node_2,False
branch_code_G02,subbranch_code_L01.462,3,node_4,node_8,False
branch_code_G02,subbranch_code_N06.230,2,node_4,node_5,False
branch_code_G03,subbranch_code_A12.895,1,node_5,node_4,False
branch_code_G03,subbranch_code_C04.697,1,node_5,node_5,True
branch_code_G03,subbranch_code_C23.550,1,node_5,node_2,False
branch_code_G03,subbranch_code_E01.370,5,node_5,node_10,False
branch_code_G03,subbranch_code_E05.200,1,node_5,node_9,False
branch_code_G03,subbranch_code_E05.318,1,node_5,node_10,False
branch_code_G03,subbranch_code_E05.601,1,node_5,node_4,False
branch_code_G03,subbranch_code_G01.015,1,node_5,node_2,False
branch_code_G03,subbranch_code_G01.154,1,node_5,node_5,True
branch_code_G03,subbranch_code_G01.202,1,node_5,node_6,False
branch_code_G03,subbranch_code_G02.010,1,node_5,node_6,False
branch_code_G03,subbranch_code_G02.111,97,node_5,node_10,False
branch_code_G03,subbranch_code_G02.130,1,node_5,node_1,False
branch_code_G03,subbranch_code_G02.196,1,node_5,node_7,False
branch_code_G03,subbranch_code_G02.206,1,node_5,node_8,False
branch_code_G03,subbranch_code_G02.211,1,node_5,node_9,False
branch_code_G03,subbranch_code_G02.300,1,node_5,node_4,False
branch_code_G03,subbranch_code_G02.607,20,node_5,node_1,False
branch_code_G03,subbranch_code_G02.700,1,node_5,node_4,False
branch_code_G03,subbranch_code_G02.740,3,node_5,node_8,False
branch_code_G03,subbranch_code_G02.765,1,node_5,node_10,False
branch_code_G03,subbranch_code_G03,1,node_5,node_8,False
branch_code_G03,subbranch_code_G03.015,18,node_5,node_9,False
branch_code_G03,subbranch_code_G03.030,1,node_5,node_10,False
branch_code_G03,subbranch_code_G03.040,4,node_5,node_1,False
branch_code_G03,subbranch_code_G03.049,1,node_5,node_2,False
branch_code_G03,subbranch_code_G03.059,4,node_5,node_3,False
branch_code_G03,subbranch_code_G03.068,1,node_5,node_4,False
branch_code_G03,subbranch_code_G03.078,1,node_5,node_5,True
branch_code_G03,subbranch_code_G03.087,3,node_5,node_6,False
branch_code_G03,subbranch_code_G03.105,1,node_5,node_7,False
branch_code_G03,subbranch_code_G03.143,18,node_5,node_8,False
branch_code_G03,subbranch_code_G03.162,1,node_5,node_9,False
branch_code_G03,subbranch_code_G03.171,5,node_5,node_10,False
branch_code_G03,subbranch_code_G03.180,3,node_5,node_1,False
branch_code_G03,subbranch_code_G03.185,1,node_5,node_2,False
branch_code_G03,subbranch_code_G03.191,11,node_5,node_3,False
branch_code_G03,subbranch_code_G03.194,1,node_5,node_4,False
branch_code_G03,subbranch_code_G03.197,5,node_5,node_5,True
branch_code_G03,subbranch_code_G03.208,1,node_5,node_6,False
branch_code_G03,subbranch_code_G03.219,3,node_5,node_7,False
branch_code_G03,subbranch_code_G03.222,1,node_5,node_8,False
branch_code_G03,subbranch_code_G03.225,1,node_5,node_9,False
branch_code_G03,subbranch_code_G03.230,1,node_5,node_10,False
branch_code_G03,subbranch_code_G03.295,15,node_5,node_1,False
branch_code_G03,subbranch_code_G03.312,2,node_5,node_2,False
branch_code_G03,subbranch_code_G03.328,1,node_5,node_3,False
branch_code_G03,subbranch_code_G03.344,1,node_5,node_4,False
branch_code_G03,subbranch_code_G03.360,1,node_5,node_5,True
branch_code_G03,subbranch_code_G03.393,1,node_5,node_6,False
branch_code_G03,subbranch_code_G03.409,1,node_5,node_7,False
branch_code_G03,subbranch_code_G03.425,1,node_5,node_8,False
branch_code_G03,subbranch_code_G03.442,1,node_5,node_9,False
branch_code_G03,subbranch_code_G03.458,5,node_5,node_10,False
branch_code_G03,subbranch_code_G03.474,1,node_5,node_1,False
branch_code_G03,subbranch_code_G03.490,1,node_5,node_2,False
branch_code_G03,subbranch_code_G03.493,15,node_5,node_3,False
branch_code_G03,subbranch_code_G03.500,2,node_5,node_4,False
branch_code_G03,subbranch_code_G03.558,1,node_5,node_5,True
branch_code_G03,subbranch_code_G03.615,4,node_5,node_6,False
branch_code_G03,subbranch_code_G03.673,4,node_5,node_7,False
branch_code_G03,subbranch_code_G03.680,3,node_5,node_8,False
branch_code_G03,subbranch_code_G03.707,1,node_5,node_9,False
branch_code_G03,subbranch_code_G03.734,23,node_5,node_10,False
branch_code_G03,subbranch_code_G03.787,38,node_5,node_1,False
branch_code_G03,subbranch_code_G03.796,3,node_5,node_2,False
branch_code_G03,subbranch_code_G03.800,4,node_5,node_3,False
branch_code_G03,subbranch_code_G03.804,2,node_5,node_4,False
branch_code_G03,subbranch_code_G03.808,1,node_5,node_5,True
branch_code_G03,subbranch_code_G03.812,1,node_5,node_6,False
branch_code_G03,subbranch_code_G03.816,1,node_5,node_7,False
branch_code_G03,subbranch_code_G03.818,1,node_5,node_8,False
branch_code_G03,subbranch_code_G03.820,1,node_5,node_9,False
branch_code_G03,subbranch_code_G03.839,9,node_5,node_10,False
branch_code_G03,subbranch_code_G03.857,1,node_5,node_1,False
branch_code_G03,subbranch_code_G03.893,1,node_5,node_2,False
branch_code_G03,subbranch_code_G04.152,1,node_5,node_4,False
branch_code_G03,subbranch_code_G04.165,1,node_5,node_7,False
branch_code_G03,subbranch_code_G04.175,1,node_5,node_9,False
branch_code_G03,subbranch_code_G04.198,1,node_5,node_10,False
branch_code_G03,subbranch_code_G04.270,5,node_5,node_2,False
branch_code_G03,subbranch_code_G04.392,2,node_5,node_10,False
branch_code_G03,subbranch_code_G04.417,2,node_5,node_2,False
branch_code_G03,subbranch_code_G04.434,2,node_5,node_3,False
branch_code_G03,subbranch_code_G04.468,3,node_5,node_4,False
branch_code_G03,subbranch_code_G04.536,1,node_5,node_6,False
branch_code_G03,subbranch_code_G04.580,1,node_5,node_9,False
branch_code_G03,subbranch_code_G04.835,3,node_5,node_9,False
branch_code_G03,subbranch_code_G05.135,1,node_5,node_5,True
branch_code_G03,subbranch_code_G05.206,1,node_5,node_10,False
branch_code_G03,subbranch_code_G05.297,2,node_5,node_6,False
branch_code_G03,subbranch_code_G05.308,25,node_5,node_7,False
branch_code_G03,subbranch_code_G06.173,1,node_5,node_3,False
branch_code_G03,subbranch_code_G06.625,1,node_5,node_2,False
branch_code_G03,subbranch_code_G07.100,3,node_5,node_10,False
branch_code_G03,subbranch_code_G07.203,5,node_5,node_4,False
branch_code_G03,subbranch_code_G07.265,1,node_5,node_6,False
branch_code_G03,subbranch_code_G07.410,5,node_5,node_10,False
branch_code_G03,subbranch_code_G07.475,1,node_5,node_2,False
branch_code_G03,subbranch_code_G07.690,40,node_5,node_7,False
branch_code_G03,subbranch_code_G07.775,6,node_5,node_10,False
branch_code_G03,subbranch_code_G08.686,1,node_5,node_5,True
branch_code_G03,subbranch_code_G08.852,2,node_5,node_6,False
branch_code_G03,subbranch_code_G09.188,1,node_5,node_8,False
branch_code_G03,subbranch_code_G09.330,3,node_5,node_9,False
branch_code_G03,subbranch_code_G09.772,5,node_5,node_10,False
branch_code_G03,subbranch_code_G10.261,9,node_5,node_2,False
branch_code_G03,subbranch_code_G11.427,2,node_5,node_5,True
branch_code_G03,subbranch_code_G11.561,1,node_5,node_6,False
branch_code_G03,subbranch_code_G13.750,2,node_5,node_5,True
branch_code_G03,subbranch_code_G14.540,1,node_5,node_9,False
branch_code_G03,subbranch_code_G14.590,1,node_5,node_10,False
branch_code_G03,subbranch_code_G15.568,3,node_5,node_3,False
branch_code_G03,subbranch_code_G16.500,1,node_5,node_7,False
branch_code_G03,subbranch_code_N06.850,1,node_5,node_6,False
branch_code_G04,subbranch_code_A11.284,1,node_6,node_6,True
branch_code_G04,subbranch_code_C04.697,1,node_6,node_5,False
branch_code_G04,subbranch_code_C23.550,1,node_6,node_2,False
branch_code_G04,subbranch_code_E01.370,12,node_6,node_10,False
branch_code_G04,subbranch_code_E05.200,12,node_6,node_9,False
branch_code_G04,subbranch_code_E05.242,11,node_6,node_2,False
branch_code_G04,subbranch_code_E05.799,1,node_6,node_2,False
branch_code_G04,subbranch_code_F01.145,1,node_6,node_1,False
branch_code_G04,subbranch_code_F02.830,1,node_6,node_6,True
branch_code_G04,subbranch_code_G01.154,3,node_6,node_5,False
branch_code_G04,subbranch_code_G01.750,1,node_6,node_10,False
branch_code_G04,subbranch_code_G02.111,22,node_6,node_10,False
branch_code_G04,subbranch_code_G03.143,7,node_6,node_8,False
branch_code_G04,subbranch_code_G03.191,1,node_6,node_3,False
branch_code_G04,subbranch_code_G03.197,5,node_6,node_5,False
branch_code_G04,subbranch_code_G03.295,3,node_6,node_1,False
branch_code_G04,subbranch_code_G03.474,1,node_6,node_1,False
branch_code_G04,subbranch_code_G03.493,3,node_6,node_3,False
branch_code_G04,subbranch_code_G03.734,2,node_6,node_10,False
branch_code_G04,subbranch_code_G04,1,node_6,node_3,False
branch_code_G04,subbranch_code_G04.011,7,node_6,node_4,False
branch_code_G04,subbranch_code_G04.022,1,node_6,node_5,False
branch_code_G04,subbranch_code_G04.033,1,node_6,node_6,True
branch_code_G04,subbranch_code_G04.043,5,node_6,node_7,False
branch_code_G04,subbranch_code_G04.085,6,node_6,node_8,False
branch_code_G04,subbranch_code_G04.128,2,node_6,node_9,False
branch_code_G04,subbranch_code_G04.140,10,node_6,node_10,False
branch_code_G04,subbranch_code_G04.144,29,node_6,node_1,False
branch_code_G04,subbranch_code_G04.146,16,node_6,node_2,False
branch_code_G04,subbranch_code_G04.148,1,node_6,node_3,False
branch_code_G04,subbranch_code_G04.152,24,node_6,node_4,False
branch_code_G04,subbranch_code_G04.155,1,node_6,node_5,False
branch_code_G04,subbranch_code_G04.161,7,node_6,node_6,True
branch_code_G04,subbranch_code_G04.165,5,node_6,node_7,False
branch_code_G04,subbranch_code_G04.172,1,node_6,node_8,False
branch_code_G04,subbranch_code_G04.175,1,node_6,node_9,False
branch_code_G04,subbranch_code_G04.198,11,node_6,node_10,False
branch_code_G04,subbranch_code_G04.250,1,node_6,node_1,False
branch_code_G04,subbranch_code_G04.270,5,node_6,node_2,False
branch_code_G04,subbranch_code_G04.320,1,node_6,node_3,False
branch_code_G04,subbranch_code_G04.325,2,node_6,node_4,False
branch_code_G04,subbranch_code_G04.346,1,node_6,node_5,False
branch_code_G04,subbranch_code_G04.356,4,node_6,node_6,True
branch_code_G04,subbranch_code_G04.366,3,node_6,node_7,False
branch_code_G04,subbranch_code_G04.375,2,node_6,node_8,False
branch_code_G04,subbranch_code_G04.383,1,node_6,node_9,False
branch_code_G04,subbranch_code_G04.392,2,node_6,node_10,False
branch_code_G04,subbranch_code_G04.400,2,node_6,node_1,False
branch_code_G04,subbranch_code_G04.417,8,node_6,node_2,False
branch_code_G04,subbranch_code_G04.434,3,node_6,node_3,False
branch_code_G04,subbranch_code_G04.468,5,node_6,node_4,False
branch_code_G04,subbranch_code_G04.502,1,node_6,node_5,False
branch_code_G04,subbranch_code_G04.536,1,node_6,node_6,True
branch_code_G04,subbranch_code_G04.570,1,node_6,node_7,False
branch_code_G04,subbranch_code_G04.575,1,node_6,node_8,False
branch_code_G04,subbranch_code_G04.580,8,node_6,node_9,False
branch_code_G04,subbranch_code_G04.590,1,node_6,node_10,False
branch_code_G04,subbranch_code_G04.599,3,node_6,node_1,False
branch_code_G04,subbranch_code_G04.618,1,node_6,node_2,False
branch_code_G04,subbranch_code_G04.655,2,node_6,node_3,False
branch_code_G04,subbranch_code_G04.670,3,node_6,node_4,False
branch_code_G04,subbranch_code_G04.712,2,node_6,node_5,False
branch_code_G04,subbranch_code_G04.753,1,node_6,node_6,True
branch_code_G04,subbranch_code_G04.774,2,node_6,node_7,False
branch_code_G04,subbranch_code_G04.794,1,node_6,node_8,False
branch_code_G04,subbranch_code_G04.835,15,node_6,node_9,False
branch_code_G04,subbranch_code_G04.917,1,node_6,node_10,False
branch_code_G04,subbranch_code_G05.113,18,node_6,node_4,False
branch_code_G04,subbranch_code_G05.135,2,node_6,node_5,False
branch_code_G04,subbranch_code_G05.158,2,node_6,node_6,True
branch_code_G04,subbranch_code_G05.213,2,node_6,node_1,False
branch_code_G04,subbranch_code_G05.226,2,node_6,node_3,False
branch_code_G04,subbranch_code_G05.308,3,node_6,node_7,False
branch_code_G04,subbranch_code_G05.360,1,node_6,node_6,True
branch_code_G04,subbranch_code_G06.550,1,node_6,node_9,False
branch_code_G04,subbranch_code_G07.225,1,node_6,node_5,False
branch_code_G04,subbranch_code_G07.265,10,node_6,node_6,True
branch_code_G04,subbranch_code_G07.345,18,node_6,node_9,False
branch_code_G04,subbranch_code_G07.568,3,node_6,node_4,False
branch_code_G04,subbranch_code_G07.738,2,node_6,node_8,False
branch_code_G04,subbranch_code_G08.686,14,node_6,node_5,False
branch_code_G04,subbranch_code_G09.188,21,node_6,node_8,False
branch_code_G04,subbranch_code_G11.427,2,node_6,node_5,False
branch_code_G04,subbranch_code_G11.561,14,node_6,node_6,True
branch_code_G04,subbranch_code_G12.122,1,node_6,node_2,False
branch_code_G04,subbranch_code_G12.248,1,node_6,node_5,False
branch_code_G04,subbranch_code_G12.287,1,node_6,node_8,False
branch_code_G04,subbranch_code_G12.450,4,node_6,node_4,False
branch_code_G04,subbranch_code_G12.460,1,node_6,node_5,False
branch_code_G04,subbranch_code_G12.575,1,node_6,node_3,False
branch_code_G04,subbranch_code_G12.688,3,node_6,node_7,False
branch_code_G04,subbranch_code_G12.888,1,node_6,node_1,False
branch_code_G04,subbranch_code_G13.750,1,node_6,node_5,False
branch_code_G04,subbranch_code_G14.935,1,node_6,node_4,False
branch_code_G04,subbranch_code_G15.300,1,node_6,node_9,False
branch_code_G04,subbranch_code_G16.645,1,node_6,node_3,False
branch_code_G04,subbranch_code_G16.762,1,node_6,node_7,False
branch_code_G04,subbranch_code_N06.850,1,node_6,node_6,True
branch_code_G05,subbranch_code_A11.284,68,node_7,node_6,False
branch_code_G05,subbranch_code_A18.005,1,node_7,node_6,False
branch_code_G05,subbranch_code_A19.311,2,node_7,node_3,False
branch_code_G05,subbranch_code_A20.812,2,node_7,node_4,False
branch_code_G05,subbranch_code_B04.613,1,node_7,node_8,False
branch_code_G05,subbranch_code_B04.820,1,node_7,node_3,False
branch_code_G05,subbranch_code_C23.550,31,node_7,node_2,False
branch_code_G05,subbranch_code_D02.251,1,node_7,node_10,False
branch_code_G05,subbranch_code_D03.383,1,node_7,node_7,True
branch_code_G05,subbranch_code_D05.500,1,node_7,node_10,False
branch_code_G05,subbranch_code_D12.644,1,node_7,node_4,False
branch_code_G05,subbranch_code_D12.776,6,node_7,node_5,False
branch_code_G05,subbranch_code_D13.444,29,node_7,node_10,False
branch_code_G05,subbranch_code_D13.695,1,node_7,node_2,False
branch_code_G05,subbranch_code_D23.101,1,node_7,node_6,False
branch_code_G05,subbranch_code_E05.318,1,node_7,node_10,False
branch_code_G05,subbranch_code_E05.393,6,node_7,node_3,False
branch_code_G05,subbranch_code_E05.820,5,node_7,node_3,False
branch_code_G05,subbranch_code_G01.154,1,node_7,node_5,False
branch_code_G05,subbranch_code_G02.111,128,node_7,node_10,False
branch_code_G05,subbranch_code_G02.607,1,node_7,node_1,False
branch_code_G05,subbranch_code_G03.059,2,node_7,node_3,False
branch_code_G05,subbranch_code_G03.194,1,node_7,node_4,False
branch_code_G05,subbranch_code_G03.295,1,node_7,node_1,False
branch_code_G05,subbranch_code_G03.673,2,node_7,node_7,True
branch_code_G05,subbranch_code_G03.734,16,node_7,node_10,False
branch_code_G05,subbranch_code_G03.804,1,node_7,node_4,False
branch_code_G05,subbranch_code_G03.839,9,node_7,node_10,False
branch_code_G05,subbranch_code_G04.043,1,node_7,node_7,True
branch_code_G05,subbranch_code_G04.144,19,node_7,node_1,False
branch_code_G05,subbranch_code_G04.152,4,node_7,node_4,False
branch_code_G05,subbranch_code_G04.161,4,node_7,node_6,False
branch_code_G05,subbranch_code_G04.375,2,node_7,node_8,False
branch_code_G05,subbranch_code_G04.400,2,node_7,node_1,False
branch_code_G05,subbranch_code_G04.434,2,node_7,node_3,False
branch_code_G05,subbranch_code_G05,1,node_7,node_1,False
branch_code_G05,subbranch_code_G05.045,10,node_7,node_2,False
branch_code_G05,subbranch_code_G05.090,7,node_7,node_3,False
branch_code_G05,subbranch_code_G05.113,19,node_7,node_4,False
branch_code_G05,subbranch_code_G05.135,2,node_7,node_5,False
branch_code_G05,subbranch_code_G05.158,2,node_7,node_6,False
branch_code_G05,subbranch_code_G05.180,1,node_7,node_7,True
branch_code_G05,subbranch_code_G05.193,1,node_7,node_8,False
branch_code_G05,subbranch_code_G05.200,10,node_7,node_9,False
branch_code_G05,subbranch_code_G05.206,1,node_7,node_10,False
branch_code_G05,subbranch_code_G05.213,2,node_7,node_1,False
branch_code_G05,subbranch_code_G05.219,6,node_7,node_2,False
branch_code_G05,subbranch_code_G05.226,7,node_7,node_3,False
branch_code_G05,subbranch_code_G05.232,1,node_7,node_4,False
branch_code_G05,subbranch_code_G05.285,1,node_7,node_5,False
branch_code_G05,subbranch_code_G05.297,10,node_7,node_6,False
branch_code_G05,subbranch_code_G05.308,54,node_7,node_7,True
branch_code_G05,subbranch_code_G05.330,4,node_7,node_8,False
branch_code_G05,subbranch_code_G05.340,1,node_7,node_9,False
branch_code_G05,subbranch_code_G05.342,1,node_7,node_10,False
branch_code_G05,subbranch_code_G05.344,11,node_7,node_1,False
branch_code_G05,subbranch_code_G05.346,2,node_7,node_2,False
branch_code_G05,subbranch_code_G05.347,1,node_7,node_3,False
branch_code_G05,subbranch_code_G05.348,3,node_7,node_4,False
branch_code_G05,subbranch_code_G05.350,1,node_7,node_5,False
branch_code_G05,subbranch_code_G05.360,313,node_7,node_6,False
branch_code_G05,subbranch_code_G05.365,69,node_7,node_7,True
branch_code_G05,subbranch_code_G05.370,4,node_7,node_8,False
branch_code_G05,subbranch_code_G05.380,9,node_7,node_9,False
branch_code_G05,subbranch_code_G05.390,1,node_7,node_10,False
branch_code_G05,subbranch_code_G05.400,1,node_7,node_1,False
branch_code_G05,subbranch_code_G05.410,1,node_7,node_2,False
branch_code_G05,subbranch_code_G05.420,15,node_7,node_3,False
branch_code_G05,subbranch_code_G05.545,1,node_7,node_4,False
branch_code_G05,subbranch_code_G05.558,18,node_7,node_5,False
branch_code_G05,subbranch_code_G05.627,1,node_7,node_6,False
branch_code_G05,subbranch_code_G05.695,8,node_7,node_7,True
branch_code_G05,subbranch_code_G05.700,11,node_7,node_8,False
branch_code_G05,subbranch_code_G05.728,15,node_7,node_9,False
branch_code_G05,subbranch_code_G05.755,1,node_7,node_10,False
branch_code_G05,subbranch_code_G05.762,1,node_7,node_1,False
branch_code_G05,subbranch_code_G05.769,1,node_7,node_2,False
branch_code_G05,subbranch_code_G05.783,2,node_7,node_3,False
branch_code_G05,subbranch_code_G05.810,4,node_7,node_4,False
branch_code_G05,subbranch_code_G05.813,1,node_7,node_5,False
branch_code_G05,subbranch_code_G05.815,1,node_7,node_6,False
branch_code_G05,subbranch_code_G05.820,1,node_7,node_7,True
branch_code_G05,subbranch_code_G05.910,1,node_7,node_8,False
branch_code_G05,subbranch_code_G05.935,2,node_7,node_9,False
branch_code_G05,subbranch_code_G06.099,2,node_7,node_1,False
branch_code_G05,subbranch_code_G06.173,1,node_7,node_3,False
branch_code_G05,subbranch_code_G06.920,3,node_7,node_4,False
branch_code_G05,subbranch_code_G07.345,6,node_7,node_9,False
branch_code_G05,subbranch_code_G07.690,2,node_7,node_7,True
branch_code_G05,subbranch_code_G07.775,2,node_7,node_10,False
branch_code_G05,subbranch_code_G08.686,2,node_7,node_5,False
branch_code_G05,subbranch_code_G09.188,1,node_7,node_8,False
branch_code_G05,subbranch_code_G12.500,19,node_7,node_8,False
branch_code_G05,subbranch_code_G15.830,1,node_7,node_5,False
branch_code_G05,subbranch_code_G16.012,1,node_7,node_9,False
branch_code_G05,subbranch_code_G16.075,10,node_7,node_3,False
branch_code_G05,subbranch_code_G16.500,1,node_7,node_7,True
branch_code_G05,subbranch_code_G16.575,1,node_7,node_2,False
branch_code_G05,subbranch_code_I01.240,1,node_7,node_6,False
branch_code_G05,subbranch_code_L01.100,1,node_7,node_10,False
branch_code_G05,subbranch_code_L01.462,1,node_7,node_8,False
branch_code_G05,subbranch_code_N01.224,1,node_7,node_5,False
branch_code_G05,subbranch_code_N05.715,1,node_7,node_3,False
branch_code_G05,subbranch_code_N06.230,1,node_7,node_5,False
branch_code_G05,subbranch_code_N06.850,2,node_7,node_6,False
branch_code_G06,subbranch_code_A11.284,2,node_8,node_6,False
branch_code_G06,subbranch_code_A20.593,2,node_8,node_3,False
branch_code_G06,subbranch_code_B05.080,1,node_8,node_7,False
branch_code_G06,subbranch_code_C04.697,1,node_8,node_5,False
branch_code_G06,subbranch_code_C23.550,1,node_8,node_2,False
branch_code_G06,subbranch_code_E01.370,4,node_8,node_10,False
branch_code_G06,subbranch_code_E05.200,4,node_8,node_9,False
branch_code_G06,subbranch_code_E05.242,1,node_8,node_2,False
branch_code_G06,subbranch_code_E05.393,1,node_8,node_3,False
branch_code_G06,subbranch_code_G02.111,3,node_8,node_10,False
branch_code_G06,subbranch_code_G02.607,1,node_8,node_1,False
branch_code_G06,subbranch_code_G03.087,1,node_8,node_6,False
branch_code_G06,subbranch_code_G03.194,1,node_8,node_4,False
branch_code_G06,subbranch_code_G04.085,1,node_8,node_8,True
branch_code_G06,subbranch_code_G05.232,1,node_8,node_4,False
branch_code_G06,subbranch_code_G05.308,1,node_8,node_7,False
branch_code_G06,subbranch_code_G05.728,1,node_8,node_9,False
branch_code_G06,subbranch_code_G05.769,1,node_8,node_2,False
branch_code_G06,subbranch_code_G05.935,2,node_8,node_9,False
branch_code_G06,subbranch_code_G06,1,node_8,node_10,False
branch_code_G06,subbranch_code_G06.099,19,node_8,node_1,False
branch_code_G06,subbranch_code_G06.120,2,node_8,node_2,False
branch_code_G06,subbranch_code_G06.173,1,node_8,node_3,False
branch_code_G06,subbranch_code_G06.225,17,node_8,node_4,False
branch_code_G06,subbranch_code_G06.320,2,node_8,node_5,False
branch_code_G06,subbranch_code_G06.365,1,node_8,node_6,False
branch_code_G06,subbranch_code_G06.373,1,node_8,node_7,False
branch_code_G06,subbranch_code_G06.462,6,node_8,node_8,True
branch_code_G06,subbranch_code_G06.550,4,node_8,node_9,False
branch_code_G06,subbranch_code_G06.580,1,node_8,node_10,False
branch_code_G06,subbranch_code_G06.591,7,node_8,node_1,False
branch_code_G06,subbranch_code_G06.625,1,node_8,node_2,False
branch_code_G06,subbranch_code_G06.773,1,node_8,node_3,False
branch_code_G06,subbranch_code_G06.920,25,node_8,node_4,False
branch_code_G06,subbranch_code_G06.930,1,node_8,node_5,False
branch_code_G06,subbranch_code_G07.443,2,node_8,node_1,False
branch_code_G06,subbranch_code_G07.690,17,node_8,node_7,False
branch_code_G06,subbranch_code_G12.113,1,node_8,node_10,False
branch_code_G06,subbranch_code_G12.413,1,node_8,node_2,False
branch_code_G06,subbranch_code_G16.012,1,node_8,node_9,False
branch_code_G06,subbranch_code_G16.062,1,node_8,node_2,False
branch_code_G06,subbranch_code_G16.500,8,node_8,node_7,False
branch_code_G06,subbranch_code_G16.527,7,node_8,node_10,False
branch_code_G06,subbranch_code_G16.840,1,node_8,node_10,False
branch_code_G06,subbranch_code_N06.230,7,node_8,node_5,False
branch_code_G07,subbranch_code_A11.870,5,node_9,node_2,False
branch_code_G07,subbranch_code_A12.200,2,node_9,node_7,False
branch_code_G07,subbranch_code_A12.790,8,node_9,node_3,False
branch_code_G07,subbranch_code_A16.690,1,node_9,node_2,False
branch_code_G07,subbranch_code_A18.024,4,node_9,node_7,False
branch_code_G07,subbranch_code_B01.050,2,node_9,node_8,False
branch_code_G07,subbranch_code_B01.650,3,node_9,node_9,True
branch_code_G07,subbranch_code_B05.500,11,node_9,node_5,False
branch_code_G07,subbranch_code_B05.775,5,node_9,node_10,False
branch_code_G07,subbranch_code_C18.452,1,node_9,node_4,False
branch_code_G07,subbranch_code_C18.654,1,node_9,node_5,False
branch_code_G07,subbranch_code_C23.550,1,node_9,node_2,False
branch_code_G07,subbranch_code_C23.888,11,node_9,node_3,False
branch_code_G07,subbranch_code_D01.045,2,node_9,node_7,False
branch_code_G07,subbranch_code_D01.248,2,node_9,node_9,True
branch_code_G07,subbranch_code_D01.268,1,node_9,node_10,False
branch_code_G07,subbranch_code_D01.650,2,node_9,node_6,False
branch_code_G07,subbranch_code_D05.750,3,node_9,node_1,False
branch_code_G07,subbranch_code_D09.301,7,node_9,node_6,False
branch_code_G07,subbranch_code_D09.400,1,node_9,node_7,False
branch_code_G07,subbranch_code_D09.698,5,node_9,node_10,False
branch_code_G07,subbranch_code_D09.947,3,node_9,node_4,False
branch_code_G07,subbranch_code_D10.212,11,node_9,node_8,False
branch_code_G07,subbranch_code_D10.627,6,node_9,node_9,True
branch_code_G07,subbranch_code_D12.644,1,node_9,node_4,False
branch_code_G07,subbranch_code_D12.776,16,node_9,node_5,False
branch_code_G07,subbranch_code_D20.215,10,node_9,node_8,False
branch_code_G07,subbranch_code_D23.946,1,node_9,node_8,False
branch_code_G07,subbranch_code_D26.650,1,node_9,node_7,False
branch_code_G07,subbranch_code_D27.505,4,node_9,node_10,False
branch_code_G07,subbranch_code_D27.720,10,node_9,node_1,False
branch_code_G07,subbranch_code_E01.370,36,node_9,node_10,False
branch_code_G07,subbranch_code_E02.421,1,node_9,node_5,False
branch_code_G07,subbranch_code_E02.642,19,node_9,node_5,False
branch_code_G07,subbranch_code_E02.980,1,node_9,node_4,False
branch_code_G07,subbranch_code_E05.041,15,node_9,node_3,False
branch_code_G07,subbranch_code_E05.200,1,node_9,node_9,True
branch_code_G07,subbranch_code_E05.318,1,node_9,node_10,False
branch_code_G07,subbranch_code_E05.723,1,node_9,node_8,False
branch_code_G07,subbranch_code_E05.796,1,node_9,node_1,False
branch_code_G07,subbranch_code_E05.799,1,node_9,node_2,False
branch_code_G07,subbranch_code_E05.940,4,node_9,node_4,False
branch_code_G07,subbranch_code_F01.145,13,node_9,node_1,False
branch_code_G07,subbranch_code_F01.525,3,node_9,node_7,False
branch_code_G07,subbranch_code_F01.658,1,node_9,node_9,True
branch_code_G07,subbranch_code_F01.752,1,node_9,node_1,False
branch_code_G07,subbranch_code_F01.829,1,node_9,node_2,False
branch_code_G07,subbranch_code_F02.463,13,node_9,node_8,False
branch_code_G07,subbranch_code_F02.830,8,node_9,node_6,False
branch_code_G07,subbranch_code_F04.669,1,node_9,node_7,False
branch_code_G07,subbranch_code_F04.754,1,node_9,node_9,True
branch_code_G07,subbranch_code_G01.015,1,node_9,node_2,False
branch_code_G07,subbranch_code_G01.154,1,node_9,node_5,False
branch_code_G07,subbranch_code_G01.750,1,node_9,node_10,False
branch_code_G07,subbranch_code_G01.910,1,node_9,node_4,False
branch_code_G07,subbranch_code_G02.010,1,node_9,node_6,False
branch_code_G07,subbranch_code_G02.111,19,node_9,node_10,False
branch_code_G07,subbranch_code_G02.211,1,node_9,node_9,True
branch_code_G07,subbranch_code_G02.300,1,node_9,node_4,False
branch_code_G07,subbranch_code_G03.015,18,node_9,node_9,True
branch_code_G07,subbranch_code_G03.030,1,node_9,node_10,False
branch_code_G07,subbranch_code_G03.171,5,node_9,node_10,False
branch_code_G07,subbranch_code_G03.180,3,node_9,node_1,False
branch_code_G07,subbranch_code_G03.295,1,node_9,node_1,False
branch_code_G07,subbranch_code_G03.312,1,node_9,node_2,False
branch_code_G07,subbranch_code_G03.442,1,node_9,node_9,True
branch_code_G07,subbranch_code_G03.490,1,node_9,node_2,False
branch_code_G07,subbranch_code_G03.493,1,node_9,node_3,False
branch_code_G07,subbranch_code_G03.615,4,node_9,node_6,False
branch_code_G07,subbranch_code_G03.673,4,node_9,node_7,False
branch_code_G07,subbranch_code_G03.734,2,node_9,node_10,False
branch_code_G07,subbranch_code_G03.787,38,node_9,node_1,False
branch_code_G07,subbranch_code_G03.818,1,node_9,node_8,False
branch_code_G07,subbranch_code_G03.893,1,node_9,node_2,False
branch_code_G07,subbranch_code_G04.043,5,node_9,node_7,False
branch_code_G07,subbranch_code_G04.085,1,node_9,node_8,False
branch_code_G07,subbranch_code_G04.144,4,node_9,node_1,False
branch_code_G07,subbranch_code_G04.152,6,node_9,node_4,False
branch_code_G07,subbranch_code_G04.161,7,node_9,node_6,False
branch_code_G07,subbranch_code_G04.172,1,node_9,node_8,False
branch_code_G07,subbranch_code_G04.198,3,node_9,node_10,False
branch_code_G07,subbranch_code_G04.580,8,node_9,node_9,True
branch_code_G07,subbranch_code_G04.712,2,node_9,node_5,False
branch_code_G07,subbranch_code_G04.835,3,node_9,node_9,True
branch_code_G07,subbranch_code_G05.113,4,node_9,node_4,False
branch_code_G07,subbranch_code_G05.226,1,node_9,node_3,False
branch_code_G07,subbranch_code_G05.308,4,node_9,node_7,False
branch_code_G07,subbranch_code_G05.813,1,node_9,node_5,False
branch_code_G07,subbranch_code_G06.099,12,node_9,node_1,False
branch_code_G07,subbranch_code_G06.225,17,node_9,node_4,False
branch_code_G07,subbranch_code_G06.462,1,node_9,node_8,False
branch_code_G07,subbranch_code_G06.920,3,node_9,node_4,False
branch_code_G07,subbranch_code_G07,1,node_9,node_6,False
branch_code_G07,subbranch_code_G07.025,5,node_9,node_7,False
branch_code_G07,subbranch_code_G07.049,1,node_9,node_8,False
branch_code_G07,subbranch_code_G07.075,1,node_9,node_9,True
branch_code_G07,subbranch_code_G07.100,26,node_9,node_10,False
branch_code_G07,subbranch_code_G07.110,10,node_9,node_1,False
branch_code_G07,subbranch_code_G07.180,9,node_9,node_2,False
branch_code_G07,subbranch_code_G07.192,1,node_9,node_3,False
branch_code_G07,subbranch_code_G07.203,214,node_9,node_4,False
branch_code_G07,subbranch_code_G07.225,2,node_9,node_5,False
branch_code_G07,subbranch_code_G07.265,39,node_9,node_6,False
branch_code_G07,subbranch_code_G07.280,1,node_9,node_7,False
branch_code_G07,subbranch_code_G07.313,1,node_9,node_8,False
branch_code_G07,subbranch_code_G07.345,99,node_9,node_9,True
branch_code_G07,subbranch_code_G07.410,15,node_9,node_10,False
branch_code_G07,subbranch_code_G07.443,2,node_9,node_1,False
branch_code_G07,subbranch_code_G07.475,1,node_9,node_2,False
branch_code_G07,subbranch_code_G07.540,1,node_9,node_3,False
branch_code_G07,subbranch_code_G07.568,9,node_9,node_4,False
branch_code_G07,subbranch_code_G07.650,1,node_9,node_5,False
branch_code_G07,subbranch_code_G07.670,1,node_9,node_6,False
branch_code_G07,subbranch_code_G07.690,91,node_9,node_7,False
branch_code_G07,subbranch_code_G07.738,2,node_9,node_8,False
branch_code_G07,subbranch_code_G07.757,1,node_9,node_9,True
branch_code_G07,subbranch_code_G07.775,13,node_9,node_10,False
branch_code_G07,subbranch_code_G07.850,1,node_9,node_1,False
branch_code_G07,subbranch_code_G07.888,26,node_9,node_2,False
branch_code_G07,subbranch_code_G07.925,1,node_9,node_3,False
branch_code_G07,subbranch_code_G08.686,22,node_9,node_5,False
branch_code_G07,subbranch_code_G08.852,2,node_9,node_6,False
branch_code_G07,subbranch_code_G09.188,2,node_9,node_8,False
branch_code_G07,subbranch_code_G09.330,1,node_9,node_9,True
branch_code_G07,subbranch_code_G09.772,3,node_9,node_10,False
branch_code_G07,subbranch_code_G10.261,17,node_9,node_2,False
branch_code_G07,subbranch_code_G10.549,1,node_9,node_3,False
branch_code_G07,subbranch_code_G11.427,21,node_9,node_5,False
branch_code_G07,subbranch_code_G11.561,46,node_9,node_6,False
branch_code_G07,subbranch_code_G12.460,2,node_9,node_5,False
branch_code_G07,subbranch_code_G12.535,2,node_9,node_1,False
branch_code_G07,subbranch_code_G13.750,6,node_9,node_5,False
branch_code_G07,subbranch_code_G14.330,1,node_9,node_2,False
branch_code_G07,subbranch_code_G14.540,1,node_9,node_9,True
branch_code_G07,subbranch_code_G14.590,1,node_9,node_10,False
branch_code_G07,subbranch_code_G15.525,1,node_9,node_1,False
branch_code_G07,subbranch_code_G15.589,6,node_9,node_5,False
branch_code_G07,subbranch_code_G15.920,3,node_9,node_7,False
branch_code_G07,subbranch_code_G16.012,12,node_9,node_9,True
branch_code_G07,subbranch_code_G16.117,1,node_9,node_5,False
branch_code_G07,subbranch_code_G16.527,1,node_9,node_10,False
branch_code_G07,subbranch_code_G16.690,1,node_9,node_5,False
branch_code_G07,subbranch_code_I01.240,1,node_9,node_6,False
branch_code_G07,subbranch_code_I01.655,1,node_9,node_3,False
branch_code_G07,subbranch_code_I01.880,1,node_9,node_9,True
branch_code_G07,subbranch_code_I03.287,1,node_9,node_4,False
branch_code_G07,subbranch_code_I03.350,1,node_9,node_5,False
branch_code_G07,subbranch_code_J01.576,3,node_9,node_6,False
branch_code_G07,subbranch_code_J02.200,29,node_9,node_5,False
branch_code_G07,subbranch_code_J02.350,13,node_9,node_6,False
branch_code_G07,subbranch_code_J02.500,121,node_9,node_7,False
branch_code_G07,subbranch_code_N01.224,1,node_9,node_5,False
branch_code_G07,subbranch_code_N03.623,1,node_9,node_5,False
branch_code_G07,subbranch_code_N06.850,7,node_9,node_6,False
branch_code_G08,subbranch_code_C12.050,5,node_10,node_8,False
branch_code_G08,subbranch_code_C12.100,2,node_10,node_9,False
branch_code_G08,subbranch_code_C19.391,1,node_10,node_2,False
branch_code_G08,subbranch_code_C23.550,1,node_10,node_2,False
branch_code_G08,subbranch_code_C23.888,2,node_10,node_3,False
branch_code_G08,subbranch_code_E01.370,2,node_10,node_10,True
branch_code_G08,subbranch_code_E01.789,1,node_10,node_5,False
branch_code_G08,subbranch_code_E02.875,5,node_10,node_9,False
branch_code_G08,subbranch_code_E05.041,1,node_10,node_3,False
branch_code_G08,subbranch_code_E05.318,1,node_10,node_10,True
branch_code_G08,subbranch_code_E05.820,5,node_10,node_3,False
branch_code_G08,subbranch_code_F01.145,10,node_10,node_1,False
branch_code_G08,subbranch_code_G03.015,1,node_10,node_9,False
branch_code_G08,subbranch_code_G03.787,3,node_10,node_1,False
branch_code_G08,subbranch_code_G04.085,1,node_10,node_8,False
branch_code_G08,subbranch_code_G04.152,11,node_10,node_4,False
branch_code_G08,subbranch_code_G04.172,1,node_10,node_8,False
branch_code_G08,subbranch_code_G04.198,2,node_10,node_10,True
branch_code_G08,subbranch_code_G05.090,1,node_10,node_3,False
branch_code_G08,subbranch_code_G05.813,1,node_10,node_5,False
branch_code_G08,subbranch_code_G07.100,1,node_10,node_10,True
branch_code_G08,subbranch_code_G07.203,1,node_10,node_4,False
branch_code_G08,subbranch_code_G07.280,1,node_10,node_7,False
branch_code_G08,subbranch_code_G07.345,20,node_10,node_9,False
branch_code_G08,subbranch_code_G07.690,3,node_10,node_7,False
branch_code_G08,subbranch_code_G08,1,node_10,node_4,False
branch_code_G08,subbranch_code_G08.686,152,node_10,node_5,False
branch_code_G08,subbranch_code_G08.852,13,node_10,node_6,False
branch_code_G08,subbranch_code_G09.330,4,node_10,node_9,False
branch_code_G08,subbranch_code_G11.427,1,node_10,node_5,False
branch_code_G08,subbranch_code_G11.561,4,node_10,node_6,False
branch_code_G08,subbranch_code_G15.300,1,node_10,node_9,False
branch_code_G08,subbranch_code_G15.547,2,node_10,node_2,False
branch_code_G08,subbranch_code_G15.776,1,node_10,node_3,False
branch_code_G08,subbranch_code_G15.830,1,node_10,node_5,False
branch_code_G08,subbranch_code_N01.224,1,node_10,node_5,False
branch_code_G08,subbranch_code_N05.715,2,node_10,node_3,False
branch_code_G08,subbranch_code_N06.850,5,node_10,node_6,False
branch_code_G09,subbranch_code_C23.300,4,node_1,node_1,True
branch_code_G09,subbranch_code_C23.550,3,node_1,node_2,False
branch_code_G09,subbranch_code_C23.888,3,node_1,node_3,False
branch_code_G09,subbranch_code_E01.370,54,node_1,node_10,False
branch_code_G09,subbranch_code_E05.200,19,node_1,node_9,False
branch_code_G09,subbranch_code_E05.242,8,node_1,node_2,False
branch_code_G09,subbranch_code_E05.830,1,node_1,node_4,False
branch_code_G09,subbranch_code_G01.482,1,node_1,node_5,False
branch_code_G09,subbranch_code_G02.111,2,node_1,node_10,False
branch_code_G09,subbranch_code_G02.300,1,node_1,node_4,False
branch_code_G09,subbranch_code_G03.015,2,node_1,node_9,False
branch_code_G09,subbranch_code_G03.030,1,node_1,node_10,False
branch_code_G09,subbranch_code_G03.143,3,node_1,node_8,False
branch_code_G09,subbranch_code_G03.493,1,node_1,node_3,False
branch_code_G09,subbranch_code_G03.615,1,node_1,node_6,False
branch_code_G09,subbranch_code_G03.787,3,node_1,node_1,True
branch_code_G09,subbranch_code_G03.820,1,node_1,node_9,False
branch_code_G09,subbranch_code_G04.011,1,node_1,node_4,False
branch_code_G09,subbranch_code_G04.043,1,node_1,node_7,False
branch_code_G09,subbranch_code_G04.140,8,node_1,node_10,False
branch_code_G09,subbranch_code_G04.152,8,node_1,node_4,False
branch_code_G09,subbranch_code_G04.165,1,node_1,node_7,False
branch_code_G09,subbranch_code_G04.375,1,node_1,node_8,False
branch_code_G09,subbranch_code_G04.417,4,node_1,node_2,False
branch_code_G09,subbranch_code_G05.158,1,node_1,node_6,False
branch_code_G09,subbranch_code_G07.345,1,node_1,node_9,False
branch_code_G09,subbranch_code_G07.410,2,node_1,node_10,False
branch_code_G09,subbranch_code_G07.690,3,node_1,node_7,False
branch_code_G09,subbranch_code_G08.852,4,node_1,node_6,False
branch_code_G09,subbranch_code_G09,1,node_1,node_7,False
branch_code_G09,subbranch_code_G09.188,51,node_1,node_8,False
branch_code_G09,subbranch_code_G09.330,77,node_1,node_9,False
branch_code_G09,subbranch_code_G09.772,47,node_1,node_10,False
branch_code_G09,subbranch_code_G11.427,3,node_1,node_5,False
branch_code_G09,subbranch_code_G11.561,2,node_1,node_6,False
branch_code_G09,subbranch_code_G12.122,1,node_1,node_2,False
branch_code_G09,subbranch_code_G12.186,2,node_1,node_4,False
branch_code_G09,subbranch_code_G12.248,1,node_1,node_5,False
branch_code_G09,subbranch_code_G12.287,1,node_1,node_8,False
branch_code_G09,subbranch_code_G12.450,5,node_1,node_4,False
branch_code_G09,subbranch_code_G12.688,3,node_1,node_7,False
branch_code_G10,subbranch_code_C07.465,3,node_2,node_4,False
branch_code_G10,subbranch_code_C07.793,2,node_2,node_8,False
branch_code_G10,subbranch_code_C23.888,1,node_2,node_3,False
branch_code_G10,subbranch_code_E01.370,1,node_2,node_10,False
branch_code_G10,subbranch_code_E06.276,1,node_2,node_4,False
branch_code_G10,subbranch_code_F01.658,1,node_2,node_9,False
branch_code_G10,subbranch_code_F02.830,2,node_2,node_6,False
branch_code_G10,subbranch_code_G03.015,6,node_2,node_9,False
branch_code_G10,subbranch_code_G03.143,1,node_2,node_8,False
branch_code_G10,subbranch_code_G03.312,1,node_2,node_2,True
branch_code_G10,subbranch_code_G03.787,8,node_2,node_1,False
branch_code_G10,subbranch_code_G07.203,13,node_2,node_4,False
branch_code_G10,subbranch_code_G07.265,1,node_2,node_6,False
branch_code_G10,subbranch_code_G07.345,1,node_2,node_9,False
branch_code_G10,subbranch_code_G07.690,8,node_2,node_7,False
branch_code_G10,subbranch_code_G10,1,node_2,node_1,False
branch_code_G10,subbranch_code_G10.261,30,node_2,node_2,True
branch_code_G10,subbranch_code_G10.549,16,node_2,node_3,False
branch_code_G10,subbranch_code_G11.427,1,node_2,node_5,False
branch_code_G10,subbranch_code_G11.561,2,node_2,node_6,False
branch_code_G10,subbranch_code_G16.762,1,node_2,node_7,False
branch_code_G11,subbranch_code_C05.116,3,node_3,node_1,False
branch_code_G11,subbranch_code_C05.360,1,node_3,node_5,False
branch_code_G11,subbranch_code_C05.500,1,node_3,node_7,False
branch_code_G11,subbranch_code_C05.550,3,node_3,node_8,False
branch_code_G11,subbranch_code_C05.651,2,node_3,node_9,False
branch_code_G11,subbranch_code_C07.320,1,node_3,node_3,True
branch_code_G11,subbranch_code_C07.465,1,node_3,node_4,False
branch_code_G11,subbranch_code_C09.218,1,node_3,node_7,False
branch_code_G11,subbranch_code_C10.597,1,node_3,node_4,False
branch_code_G11,subbranch_code_C10.668,2,node_3,node_5,False
branch_code_G11,subbranch_code_C11.300,1,node_3,node_10,False
branch_code_G11,subbranch_code_C23.550,1,node_3,node_2,False
branch_code_G11,subbranch_code_C23.888,34,node_3,node_3,True
branch_code_G11,subbranch_code_E01.370,23,node_3,node_10,False
branch_code_G11,subbranch_code_E02.760,5,node_3,node_3,True
branch_code_G11,subbranch_code_E02.779,5,node_3,node_7,False
branch_code_G11,subbranch_code_E02.831,5,node_3,node_5,False
branch_code_G11,subbranch_code_E04.604,1,node_3,node_1,False
branch_code_G11,subbranch_code_E05.723,1,node_3,node_8,False
branch_code_G11,subbranch_code_E05.796,1,node_3,node_1,False
branch_code_G11,subbranch_code_F01.145,9,node_3,node_1,False
branch_code_G11,subbranch_code_F02.463,4,node_3,node_8,False
branch_code_G11,subbranch_code_F02.808,1,node_3,node_5,False
branch_code_G11,subbranch_code_F02.830,67,node_3,node_6,False
branch_code_G11,subbranch_code_F04.669,1,node_3,node_7,False
branch_code_G11,subbranch_code_G01.154,1,node_3,node_5,False
branch_code_G11,subbranch_code_G02.111,5,node_3,node_10,False
branch_code_G11,subbranch_code_G03.015,1,node_3,node_9,False
branch_code_G11,subbranch_code_G03.143,1,node_3,node_8,False
branch_code_G11,subbranch_code_G03.680,1,node_3,node_8,False
branch_code_G11,subbranch_code_G03.787,1,node_3,node_1,False
branch_code_G11,subbranch_code_G04.152,4,node_3,node_4,False
branch_code_G11,subbranch_code_G04.198,1,node_3,node_10,False
branch_code_G11,subbranch_code_G04.392,1,node_3,node_10,False
branch_code_G11,subbranch_code_G04.580,7,node_3,node_9,False
branch_code_G11,subbranch_code_G04.835,4,node_3,node_9,False
branch_code_G11,subbranch_code_G07.025,1,node_3,node_7,False
branch_code_G11,subbranch_code_G07.265,32,node_3,node_6,False
branch_code_G11,subbranch_code_G07.345,13,node_3,node_9,False
branch_code_G11,subbranch_code_G07.568,7,node_3,node_4,False
branch_code_G11,subbranch_code_G07.690,1,node_3,node_7,False
branch_code_G11,subbranch_code_G07.850,1,node_3,node_1,False
branch_code_G11,subbranch_code_G07.888,12,node_3,node_2,False
branch_code_G11,subbranch_code_G08.686,5,node_3,node_5,False
branch_code_G11,subbranch_code_G09.330,5,node_3,node_9,False
branch_code_G11,subbranch_code_G10.261,2,node_3,node_2,False
branch_code_G11,subbranch_code_G11,1,node_3,node_4,False
branch_code_G11,subbranch_code_G11.427,93,node_3,node_5,False
branch_code_G11,subbranch_code_G11.561,147,node_3,node_6,False
branch_code_G11,subbranch_code_G12.535,1,node_3,node_1,False
branch_code_G11,subbranch_code_G13.750,1,node_3,node_5,False
branch_code_G11,subbranch_code_G14.152,1,node_3,node_10,False
branch_code_G11,subbranch_code_G14.264,1,node_3,node_1,False
branch_code_G11,subbranch_code_G14.330,1,node_3,node_2,False
branch_code_G11,subbranch_code_G14.350,1,node_3,node_4,False
branch_code_G11,subbranch_code_G14.935,7,node_3,node_4,False
branch_code_G11,subbranch_code_G15.375,1,node_3,node_10,False
branch_code_G11,subbranch_code_G16.012,1,node_3,node_9,False
branch_code_G11,subbranch_code_G16.762,6,node_3,node_7,False
branch_code_G11,subbranch_code_I03.350,22,node_3,node_5,False
branch_code_G11,subbranch_code_I03.450,11,node_3,node_7,False
branch_code_G11,subbranch_code_L01.224,1,node_3,node_2,False
branch_code_G11,subbranch_code_L01.559,1,node_3,node_2,False
branch_code_G11,subbranch_code_N01.400,2,node_3,node_6,False
branch_code_G11,subbranch_code_N02.421,1,node_3,node_5,False
branch_code_G12,subbranch_code_B05.200,1,node_4,node_10,False
branch_code_G12,subbranch_code_C23.550,2,node_4,node_2,False
branch_code_G12,subbranch_code_D12.644,1,node_4,node_4,True
branch_code_G12,subbranch_code_D12.776,4,node_4,node_5,False
branch_code_G12,subbranch_code_D23.050,1,node_4,node_4,True
branch_code_G12,subbranch_code_E01.370,3,node_4,node_10,False
branch_code_G12,subbranch_code_E02.095,1,node_4,node_4,True
branch_code_G12,subbranch_code_E05.200,3,node_4,node_9,False
branch_code_G12,subbranch_code_E05.242,1,node_4,node_2,False
branch_code_G12,subbranch_code_E05.478,2,node_4,node_7,False
branch_code_G12,subbranch_code_E05.952,2,node_4,node_6,False
branch_code_G12,subbranch_code_G02.111,4,node_4,node_10,False
branch_code_G12,subbranch_code_G04.011,1,node_4,node_4,True
branch_code_G12,subbranch_code_G04.043,1,node_4,node_7,False
branch_code_G12,subbranch_code_G04.140,1,node_4,node_10,False
branch_code_G12,subbranch_code_G04.165,1,node_4,node_7,False
branch_code_G12,subbranch_code_G04.417,4,node_4,node_2,False
branch_code_G12,subbranch_code_G04.502,1,node_4,node_5,False
branch_code_G12,subbranch_code_G04.774,1,node_4,node_7,False
branch_code_G12,subbranch_code_G04.917,1,node_4,node_10,False
branch_code_G12,subbranch_code_G05.045,1,node_4,node_2,False
branch_code_G12,subbranch_code_G05.330,1,node_4,node_8,False
branch_code_G12,subbranch_code_G05.344,9,node_4,node_1,False
branch_code_G12,subbranch_code_G05.360,6,node_4,node_6,False
branch_code_G12,subbranch_code_G05.365,3,node_4,node_7,False
branch_code_G12,subbranch_code_G05.558,1,node_4,node_5,False
branch_code_G12,subbranch_code_G06.462,1,node_4,node_8,False
branch_code_G12,subbranch_code_G06.920,1,node_4,node_4,True
branch_code_G12,subbranch_code_G07.265,1,node_4,node_6,False
branch_code_G12,subbranch_code_G07.345,2,node_4,node_9,False
branch_code_G12,subbranch_code_G07.690,1,node_4,node_7,False
branch_code_G12,subbranch_code_G09.188,8,node_4,node_8,False
branch_code_G12,subbranch_code_G11.561,1,node_4,node_6,False
branch_code_G12,subbranch_code_G12,1,node_4,node_7,False
branch_code_G12,subbranch_code_G12.040,1,node_4,node_8,False
branch_code_G12,subbranch_code_G12.100,1,node_4,node_9,False
branch_code_G12,subbranch_code_G12.113,1,node_4,node_10,False
branch_code_G12,subbranch_code_G12.119,1,node_4,node_1,False
branch_code_G12,subbranch_code_G12.122,12,node_4,node_2,False
branch_code_G12,subbranch_code_G12.125,1,node_4,node_3,False
branch_code_G12,subbranch_code_G12.186,2,node_4,node_4,True
branch_code_G12,subbranch_code_G12.248,1,node_4,node_5,False
branch_code_G12,subbranch_code_G12.261,1,node_4,node_6,False
branch_code_G12,subbranch_code_G12.274,4,node_4,node_7,False
branch_code_G12,subbranch_code_G12.287,4,node_4,node_8,False
branch_code_G12,subbranch_code_G12.300,2,node_4,node_9,False
branch_code_G12,subbranch_code_G12.350,1,node_4,node_10,False
branch_code_G12,subbranch_code_G12.400,1,node_4,node_1,False
branch_code_G12,subbranch_code_G12.413,1,node_4,node_2,False
branch_code_G12,subbranch_code_G12.432,1,node_4,node_3,False
branch_code_G12,subbranch_code_G12.450,31,node_4,node_4,True
branch_code_G12,subbranch_code_G12.460,3,node_4,node_5,False
branch_code_G12,subbranch_code_G12.470,2,node_4,node_6,False
branch_code_G12,subbranch_code_G12.485,1,node_4,node_7,False
branch_code_G12,subbranch_code_G12.500,24,node_4,node_8,False
branch_code_G12,subbranch_code_G12.513,1,node_4,node_9,False
branch_code_G12,subbranch_code_G12.525,1,node_4,node_10,False
branch_code_G12,subbranch_code_G12.535,12,node_4,node_1,False
branch_code_G12,subbranch_code_G12.565,2,node_4,node_2,False
branch_code_G12,subbranch_code_G12.575,1,node_4,node_3,False
branch_code_G12,subbranch_code_G12.590,2,node_4,node_4,True
branch_code_G12,subbranch_code_G12.604,1,node_4,node_5,False
branch_code_G12,subbranch_code_G12.632,1,node_4,node_6,False
branch_code_G12,subbranch_code_G12.688,3,node_4,node_7,False
branch_code_G12,subbranch_code_G12.800,1,node_4,node_8,False
branch_code_G12,subbranch_code_G12.838,1,node_4,node_9,False
branch_code_G12,subbranch_code_G12.875,9,node_4,node_10,False
branch_code_G12,subbranch_code_G12.888,1,node_4,node_1,False
branch_code_G12,subbranch_code_G12.900,1,node_4,node_2,False
branch_code_G12,subbranch_code_G15.630,3,node_4,node_8,False
branch_code_G12,subbranch_code_G16.075,1,node_4,node_3,False
branch_code_G12,subbranch_code_G16.527,1,node_4,node_10,False
branch_code_G13,subbranch_code_E01.370,1,node_5,node_10,False
branch_code_G13,subbranch_code_E05.796,1,node_5,node_1,False
branch_code_G13,subbranch_code_F02.830,2,node_5,node_6,False
branch_code_G13,subbranch_code_F04.669,1,node_5,node_7,False
branch_code_G13,subbranch_code_G03.015,1,node_5,node_9,False
branch_code_G13,subbranch_code_G03.787,2,node_5,node_1,False
branch_code_G13,subbranch_code_G04.753,1,node_5,node_6,False
branch_code_G13,subbranch_code_G07.100,1,node_5,node_10,False
branch_code_G13,subbranch_code_G07.110,2,node_5,node_1,False
branch_code_G13,subbranch_code_G07.265,1,node_5,node_6,False
branch_code_G13,subbranch_code_G07.410,1,node_5,node_10,False
branch_code_G13,subbranch_code_G07.690,2,node_5,node_7,False
branch_code_G13,subbranch_code_G11.561,1,node_5,node_6,False
branch_code_G13,subbranch_code_G13,1,node_5,node_3,False
branch_code_G13,subbranch_code_G13.500,1,node_5,node_4,False
branch_code_G13,subbranch_code_G13.750,11,node_5,node_5,True
branch_code_G13,subbranch_code_G16.012,1,node_5,node_9,False
branch_code_G13,subbranch_code_G16.690,2,node_5,node_5,True
branch_code_G13,subbranch_code_G16.762,1,node_5,node_7,False
branch_code_G14,subbranch_code_E01.370,5,node_6,node_10,False
branch_code_G14,subbranch_code_F02.463,9,node_6,node_8,False
branch_code_G14,subbranch_code_F02.830,7,node_6,node_6,True
branch_code_G14,subbranch_code_G01.590,2,node_6,node_7,False
branch_code_G14,subbranch_code_G02.111,1,node_6,node_10,False
branch_code_G14,subbranch_code_G03.015,1,node_6,node_9,False
branch_code_G14,subbranch_code_G03.787,2,node_6,node_1,False
branch_code_G14,subbranch_code_G04.835,1,node_6,node_9,False
branch_code_G14,subbranch_code_G07.265,1,node_6,node_6,True
branch_code_G14,subbranch_code_G07.690,2,node_6,node_7,False
branch_code_G14,subbranch_code_G11.427,1,node_6,node_5,False
branch_code_G14,subbranch_code_G11.561,10,node_6,node_6,True
branch_code_G14,subbranch_code_G14,1,node_6,node_6,True
branch_code_G14,subbranch_code_G14.010,1,node_6,node_7,False
branch_code_G14,subbranch_code_G14.020,2,node_6,node_8,False
branch_code_G14,subbranch_code_G14.040,1,node_6,node_9,False
branch_code_G14,subbranch_code_G14.152,1,node_6,node_10,False
branch_code_G14,subbranch_code_G14.264,1,node_6,node_1,False
branch_code_G14,subbranch_code_G14.330,1,node_6,node_2,False
branch_code_G14,subbranch_code_G14.340,1,node_6,node_3,False
branch_code_G14,subbranch_code_G14.350,7,node_6,node_4,False
branch_code_G14,subbranch_code_G14.360,1,node_6,node_5,False
branch_code_G14,subbranch_code_G14.370,1,node_6,node_6,True
branch_code_G14,subbranch_code_G14.400,1,node_6,node_7,False
branch_code_G14,subbranch_code_G14.440,1,node_6,node_8,False
branch_code_G14,subbranch_code_G14.540,1,node_6,node_9,False
branch_code_G14,subbranch_code_G14.590,1,node_6,node_10,False
branch_code_G14,subbranch_code_G14.700,1,node_6,node_1,False
branch_code_G14,subbranch_code_G14.760,1,node_6,node_2,False
branch_code_G14,subbranch_code_G14.930,1,node_6,node_3,False
branch_code_G14,subbranch_code_G14.935,7,node_6,node_4,False
branch_code_G14,subbranch_code_G14.940,3,node_6,node_5,False
branch_code_G14,subbranch_code_G14.950,1,node_6,node_6,True
branch_code_G14,subbranch_code_G16.690,1,node_6,node_5,False
branch_code_G15,subbranch_code_C23.550,1,node_7,node_2,False
branch_code_G15,subbranch_code_E05.481,1,node_7,node_8,False
branch_code_G15,subbranch_code_G01.154,1,node_7,node_5,False
branch_code_G15,subbranch_code_G02.111,3,node_7,node_10,False
branch_code_G15,subbranch_code_G02.740,3,node_7,node_8,False
branch_code_G15,subbranch_code_G03.191,3,node_7,node_3,False
branch_code_G15,subbranch_code_G03.295,1,node_7,node_1,False
branch_code_G15,subbranch_code_G03.493,3,node_7,node_3,False
branch_code_G15,subbranch_code_G03.796,1,node_7,node_2,False
branch_code_G15,subbranch_code_G03.800,3,node_7,node_3,False
branch_code_G15,subbranch_code_G04.152,1,node_7,node_4,False
branch_code_G15,subbranch_code_G05.090,1,node_7,node_3,False
branch_code_G15,subbranch_code_G07.345,10,node_7,node_9,False
branch_code_G15,subbranch_code_G08.686,5,node_7,node_5,False
branch_code_G15,subbranch_code_G11.561,1,node_7,node_6,False
branch_code_G15,subbranch_code_G12.450,3,node_7,node_4,False
branch_code_G15,subbranch_code_G15,1,node_7,node_7,True
branch_code_G15,subbranch_code_G15.150,1,node_7,node_8,False
branch_code_G15,subbranch_code_G15.300,1,node_7,node_9,False
branch_code_G15,subbranch_code_G15.375,1,node_7,node_10,False
branch_code_G15,subbranch_code_G15.525,1,node_7,node_1,False
branch_code_G15,subbranch_code_G15.547,2,node_7,node_2,False
branch_code_G15,subbranch_code_G15.568,3,node_7,node_3,False
branch_code_G15,subbranch_code_G15.579,1,node_7,node_4,False
branch_code_G15,subbranch_code_G15.589,6,node_7,node_5,False
branch_code_G15,subbranch_code_G15.610,4,node_7,node_6,False
branch_code_G15,subbranch_code_G15.620,2,node_7,node_7,True
branch_code_G15,subbranch_code_G15.630,3,node_7,node_8,False
branch_code_G15,subbranch_code_G15.649,1,node_7,node_9,False
branch_code_G15,subbranch_code_G15.682,1,node_7,node_10,False
branch_code_G15,subbranch_code_G15.698,1,node_7,node_1,False
branch_code_G15,subbranch_code_G15.713,1,node_7,node_2,False
branch_code_G15,subbranch_code_G15.776,1,node_7,node_3,False
branch_code_G15,subbranch_code_G15.808,1,node_7,node_4,False
branch_code_G15,subbranch_code_G15.830,1,node_7,node_5,False
branch_code_G15,subbranch_code_G15.840,1,node_7,node_6,False
branch_code_G15,subbranch_code_G15.920,3,node_7,node_7,True
branch_code_G16,subbranch_code_A10.165,1,node_8,node_5,False
branch_code_G16,subbranch_code_B01.050,2,node_8,node_8,True
branch_code_G16,subbranch_code_B05.080,2,node_8,node_7,False
branch_code_G16,subbranch_code_C04.697,1,node_8,node_5,False
branch_code_G16,subbranch_code_C23.550,3,node_8,node_2,False
branch_code_G16,subbranch_code_D01.045,2,node_8,node_7,False
branch_code_G16,subbranch_code_D01.248,2,node_8,node_9,False
branch_code_G16,subbranch_code_D01.362,1,node_8,node_3,False
branch_code_G16,subbranch_code_D01.650,2,node_8,node_6,False
branch_code_G16,subbranch_code_D20.050,1,node_8,node_4,False
branch_code_G16,subbranch_code_D20.633,1,node_8,node_5,False
branch_code_G16,subbranch_code_D20.721,3,node_8,node_7,False
branch_code_G16,subbranch_code_D23.101,1,node_8,node_6,False
branch_code_G16,subbranch_code_E01.370,2,node_8,node_10,False
branch_code_G16,subbranch_code_E07.161,1,node_8,node_7,False
branch_code_G16,subbranch_code_F01.145,2,node_8,node_1,False
branch_code_G16,subbranch_code_F01.470,1,node_8,node_4,False
branch_code_G16,subbranch_code_G01.060,3,node_8,node_4,False
branch_code_G16,subbranch_code_G01.311,17,node_8,node_1,False
branch_code_G16,subbranch_code_G01.358,3,node_8,node_3,False
branch_code_G16,subbranch_code_G01.374,1,node_8,node_4,False
branch_code_G16,subbranch_code_G01.590,2,node_8,node_7,False
branch_code_G16,subbranch_code_G01.750,5,node_8,node_10,False
branch_code_G16,subbranch_code_G01.906,3,node_8,node_3,False
branch_code_G16,subbranch_code_G01.910,1,node_8,node_4,False
branch_code_G16,subbranch_code_G02.035,1,node_8,node_8,True
branch_code_G16,subbranch_code_G02.111,6,node_8,node_10,False
branch_code_G16,subbranch_code_G02.607,7,node_8,node_1,False
branch_code_G16,subbranch_code_G03.087,1,node_8,node_6,False
branch_code_G16,subbranch_code_G04.618,1,node_8,node_2,False
branch_code_G16,subbranch_code_G04.753,1,node_8,node_6,False
branch_code_G16,subbranch_code_G05.045,10,node_8,node_2,False
branch_code_G16,subbranch_code_G05.330,2,node_8,node_8,True
branch_code_G16,subbranch_code_G05.365,2,node_8,node_7,False
branch_code_G16,subbranch_code_G05.545,1,node_8,node_4,False
branch_code_G16,subbranch_code_G05.695,1,node_8,node_7,False
branch_code_G16,subbranch_code_G06.373,1,node_8,node_7,False
branch_code_G16,subbranch_code_G06.462,6,node_8,node_8,True
branch_code_G16,subbranch_code_G06.550,2,node_8,node_9,False
branch_code_G16,subbranch_code_G06.591,7,node_8,node_1,False
branch_code_G16,subbranch_code_G06.625,1,node_8,node_2,False
branch_code_G16,subbranch_code_G07.025,5,node_8,node_7,False
branch_code_G16,subbranch_code_G07.049,1,node_8,node_8,True
branch_code_G16,subbranch_code_G07.100,1,node_8,node_10,False
branch_code_G16,subbranch_code_G07.110,7,node_8,node_1,False
branch_code_G16,subbranch_code_G07.410,7,node_8,node_10,False
branch_code_G16,subbranch_code_G07.443,1,node_8,node_1,False
branch_code_G16,subbranch_code_G07.775,2,node_8,node_10,False
branch_code_G16,subbranch_code_G10.261,1,node_8,node_2,False
branch_code_G16,subbranch_code_G11.427,4,node_8,node_5,False
branch_code_G16,subbranch_code_G11.561,3,node_8,node_6,False
branch_code_G16,subbranch_code_G12.413,1,node_8,node_2,False
branch_code_G16,subbranch_code_G12.500,1,node_8,node_8,True
branch_code_G16,subbranch_code_G13.500,1,node_8,node_4,False
branch_code_G16,subbranch_code_G13.750,3,node_8,node_5,False
branch_code_G16,subbranch_code_G14.340,1,node_8,node_3,False
branch_code_G16,subbranch_code_G16,1,node_8,node_8,True
branch_code_G16,subbranch_code_G16.012,17,node_8,node_9,False
branch_code_G16,subbranch_code_G16.024,1,node_8,node_10,False
branch_code_G16,subbranch_code_G16.049,1,node_8,node_1,False
branch_code_G16,subbranch_code_G16.062,1,node_8,node_2,False
branch_code_G16,subbranch_code_G16.075,10,node_8,node_3,False
branch_code_G16,subbranch_code_G16.115,1,node_8,node_4,False
branch_code_G16,subbranch_code_G16.117,2,node_8,node_5,False
branch_code_G16,subbranch_code_G16.150,1,node_8,node_6,False
branch_code_G16,subbranch_code_G16.500,123,node_8,node_7,False
branch_code_G16,subbranch_code_G16.505,1,node_8,node_8,True
branch_code_G16,subbranch_code_G16.510,1,node_8,node_9,False
branch_code_G16,subbranch_code_G16.527,8,node_8,node_10,False
branch_code_G16,subbranch_code_G16.559,1,node_8,node_1,False
branch_code_G16,subbranch_code_G16.575,1,node_8,node_2,False
branch_code_G16,subbranch_code_G16.645,1,node_8,node_3,False
branch_code_G16,subbranch_code_G16.650,1,node_8,node_4,False
branch_code_G16,subbranch_code_G16.690,4,node_8,node_5,False
branch_code_G16,subbranch_code_G16.757,1,node_8,node_6,False
branch_code_G16,subbranch_code_G16.762,13,node_8,node_7,False
branch_code_G16,subbranch_code_G16.767,2,node_8,node_8,True
branch_code_G16,subbranch_code_G16.824,1,node_8,node_9,False
branch_code_G16,subbranch_code_G16.840,1,node_8,node_10,False
branch_code_G16,subbranch_code_G16.920,1,node_8,node_1,False
branch_code_G16,subbranch_code_I01.076,1,node_8,node_4,False
branch_code_G16,subbranch_code_I03.350,1,node_8,node_5,False
branch_code_G16,subbranch_code_J01.728,2,node_8,node_9,False
branch_code_G16,subbranch_code_L01.100,1,node_8,node_10,False
branch_code_G16,subbranch_code_N06.230,89,node_8,node_5,False
branch_code_G16,subbranch_code_N06.850,4,node_8,node_6,False
branch_code_G16,subbranch_code_Z01.433,1,node_8,node_9,False
branch_code_G16,subbranch_code_Z01.639,1,node_8,node_2,False
branch_code_G16,subbranch_code_Z01.756,1,node_8,node_4,False
branch_code_G17,subbranch_code_E01.789,1,node_9,node_5,False
branch_code_G17,subbranch_code_E05.318,18,node_9,node_10,False
branch_code_G17,subbranch_code_E05.377,1,node_9,node_1,False
branch_code_G17,subbranch_code_E05.599,2,node_9,node_3,False
branch_code_G17,subbranch_code_E05.959,1,node_9,node_8,False
branch_code_G17,subbranch_code_F02.463,1,node_9,node_8,False
branch_code_G17,subbranch_code_G17,1,node_9,node_2,False
branch_code_G17,subbranch_code_G17.035,37,node_9,node_3,False
branch_code_G17,subbranch_code_G17.162,3,node_9,node_4,False
branch_code_G17,subbranch_code_G17.226,1,node_9,node_5,False
branch_code_G17,subbranch_code_G17.290,1,node_9,node_6,False
branch_code_G17,subbranch_code_G17.388,1,node_9,node_7,False
branch_code_G17,subbranch_code_G17.485,14,node_9,node_8,False
branch_code_G17,subbranch_code_G17.582,1,node_9,node_9,True
branch_code_G17,subbranch_code_G17.680,4,node_9,node_10,False
branch_code_G17,subbranch_code_G17.800,2,node_9,node_1,False
branch_code_G17,subbranch_code_G17.820,5,node_9,node_2,False
branch_code_G17,subbranch_code_G17.830,3,node_9,node_3,False
branch_code_G17,subbranch_code_G17.915,1,node_9,node_4,False
branch_code_G17,subbranch_code_J01.897,1,node_9,node_2,False
branch_code_G17,subbranch_code_L01.224,50,node_9,node_2,False
branch_code_G17,subbranch_code_L01.313,2,node_9,node_6,False
branch_code_G17,subbranch_code_L01.399,1,node_9,node_7,False
branch_code_G17,subbranch_code_L01.470,2,node_9,node_9,True
branch_code_G17,subbranch_code_N05.715,16,node_9,node_3,False
branch_code_G17,subbranch_code_N06.850,16,node_9,node_6,False
branch_code_H01,subbranch_code_E01.370,3,node_10,node_10,True
branch_code_H01,subbranch_code_E01.789,1,node_10,node_5,False
branch_code_H01,subbranch_code_E01.894,1,node_10,node_6,False
branch_code_H01,subbranch_code_E02.921,1,node_10,node_9,False
branch_code_H01,subbranch_code_E05.017,1,node_10,node_1,False
branch_code_H01,subbranch_code_E05.196,3,node_10,node_6,False
branch_code_H01,subbranch_code_E05.200,2,node_10,node_9,False
branch_code_H01,subbranch_code_E05.242,1,node_10,node_2,False
branch_code_H01,subbranch_code_E05.245,1,node_10,node_3,False
branch_code_H01,subbranch_code_E05.313,1,node_10,node_8,False
branch_code_H01,subbranch_code_E05.318,5,node_10,node_10,True
branch_code_H01,subbranch_code_E05.349,1,node_10,node_8,False
branch_code_H01,subbranch_code_E05.393,2,node_10,node_3,False
branch_code_H01,subbranch_code_E05.445,4,node_10,node_4,False
branch_code_H01,subbranch_code_E05.478,1,node_10,node_7,False
branch_code_H01,subbranch_code_E05.581,1,node_10,node_8,False
branch_code_H01,subbranch_code_E05.595,1,node_10,node_1,False
branch_code_H01,subbranch_code_E05.599,1,node_10,node_3,False
branch_code_H01,subbranch_code_E05.830,2,node_10,node_4,False
branch_code_H01,subbranch_code_F01.829,1,node_10,node_2,False
branch_code_H01,subbranch_code_F02.550,1,node_10,node_9,False
branch_code_H01,subbranch_code_F02.830,1,node_10,node_6,False
branch_code_H01,subbranch_code_F04.096,9,node_10,node_2,False
branch_code_H01,subbranch_code_F04.570,1,node_10,node_5,False
branch_code_H01,subbranch_code_H01,1,node_10,node_5,False
branch_code_H01,subbranch_code_H01.158,134,node_10,node_6,False
branch_code_H01,subbranch_code_H01.181,30,node_10,node_7,False
branch_code_H01,subbranch_code_H01.277,16,node_10,node_8,False
branch_code_H01,subbranch_code_H01.345,1,node_10,node_9,False
branch_code_H01,subbranch_code_H01.413,1,node_10,node_10,True
branch_code_H01,subbranch_code_H01.548,8,node_10,node_1,False
branch_code_H01,subbranch_code_H01.570,1,node_10,node_2,False
branch_code_H01,subbranch_code_H01.603,3,node_10,node_3,False
branch_code_H01,subbranch_code_H01.671,25,node_10,node_4,False
branch_code_H01,subbranch_code_H01.770,57,node_10,node_5,False
branch_code_H01,subbranch_code_H02.163,1,node_10,node_1,False
branch_code_H01,subbranch_code_H02.229,1,node_10,node_2,False
branch_code_H01,subbranch_code_H02.403,17,node_10,node_7,False
branch_code_H01,subbranch_code_H02.478,6,node_10,node_9,False
branch_code_H01,subbranch_code_H02.533,1,node_10,node_1,False
branch_code_H01,subbranch_code_H02.628,9,node_10,node_4,False
branch_code_H01,subbranch_code_H02.646,1,node_10,node_5,False
branch_code_H01,subbranch_code_H02.884,4,node_10,node_1,False
branch_code_H01,subbranch_code_I01.076,2,node_10,node_4,False
branch_code_H01,subbranch_code_I01.198,3,node_10,node_5,False
branch_code_H01,subbranch_code_I01.880,1,node_10,node_9,False
branch_code_H01,subbranch_code_I02.358,1,node_10,node_8,False
branch_code_H01,subbranch_code_J01.040,1,node_10,node_9,False
branch_code_H01,subbranch_code_J01.293,3,node_10,node_3,False
branch_code_H01,subbranch_code_J01.576,2,node_10,node_6,False
branch_code_H01,subbranch_code_J01.897,13,node_10,node_2,False
branch_code_H01,subbranch_code_K01.093,1,node_10,node_6,False
branch_code_H01,subbranch_code_K01.400,1,node_10,node_9,False
branch_code_H01,subbranch_code_L01.143,1,node_10,node_1,False
branch_code_H01,subbranch_code_L01.224,4,node_10,node_2,False
branch_code_H01,subbranch_code_L01.313,7,node_10,node_6,False
branch_code_H01,subbranch_code_L01.462,3,node_10,node_8,False
branch_code_H01,subbranch_code_L01.470,1,node_10,node_9,False
branch_code_H01,subbranch_code_L01.559,1,node_10,node_2,False
branch_code_H01,subbranch_code_L01.737,1,node_10,node_5,False
branch_code_H01,subbranch_code_L01.906,2,node_10,node_6,False
branch_code_H01,subbranch_code_N02.421,1,node_10,node_5,False
branch_code_H01,subbranch_code_N03.349,2,node_10,node_3,False
branch_code_H01,subbranch_code_N03.540,1,node_10,node_4,False
branch_code_H01,subbranch_code_N03.706,2,node_10,node_6,False
branch_code_H01,subbranch_code_N04.452,2,node_10,node_2,False
branch_code_H01,subbranch_code_N04.590,6,node_10,node_3,False
branch_code_H01,subbranch_code_N04.761,2,node_10,node_4,False
branch_code_H01,subbranch_code_N05.425,4,node_10,node_10,True
branch_code_H01,subbranch_code_N05.632,1,node_10,node_1,False
branch_code_H01,subbranch_code_N05.715,6,node_10,node_3,False
branch_code_H01,subbranch_code_N06.850,12,node_10,node_6,False
branch_code_H02,subbranch_code_E01.894,1,node_1,node_6,False
branch_code_H02,subbranch_code_E02.479,1,node_1,node_7,False
branch_code_H02,subbranch_code_E02.650,1,node_1,node_6,False
branch_code_H02,subbranch_code_E02.730,1,node_1,node_1,True
branch_code_H02,subbranch_code_E02.760,9,node_1,node_3,False
branch_code_H02,subbranch_code_E02.782,1,node_1,node_8,False
branch_code_H02,subbranch_code_E02.831,9,node_1,node_5,False
branch_code_H02,subbranch_code_E02.921,1,node_1,node_9,False
branch_code_H02,subbranch_code_E05.318,1,node_1,node_10,False
branch_code_H02,subbranch_code_E05.393,1,node_1,node_3,False
branch_code_H02,subbranch_code_E05.920,2,node_1,node_10,False
branch_code_H02,subbranch_code_E06,1,node_1,node_4,False
branch_code_H02,subbranch_code_E06.397,2,node_1,node_10,False
branch_code_H02,subbranch_code_E06.640,1,node_1,node_8,False
branch_code_H02,subbranch_code_E06.658,1,node_1,node_10,False
branch_code_H02,subbranch_code_E06.685,1,node_1,node_1,True
branch_code_H02,subbranch_code_E06.721,1,node_1,node_2,False
branch_code_H02,subbranch_code_E06.761,1,node_1,node_3,False
branch_code_H02,subbranch_code_E06.780,1,node_1,node_4,False
branch_code_H02,subbranch_code_E06.892,2,node_1,node_5,False
branch_code_H02,subbranch_code_E06.912,1,node_1,node_6,False
branch_code_H02,subbranch_code_F02.784,1,node_1,node_4,False
branch_code_H02,subbranch_code_F04.096,15,node_1,node_2,False
branch_code_H02,subbranch_code_F04.408,2,node_1,node_3,False
branch_code_H02,subbranch_code_F04.570,1,node_1,node_5,False
branch_code_H02,subbranch_code_H01.158,27,node_1,node_6,False
branch_code_H02,subbranch_code_H01.181,4,node_1,node_7,False
branch_code_H02,subbranch_code_H01.277,3,node_1,node_8,False
branch_code_H02,subbranch_code_H01.603,1,node_1,node_3,False
branch_code_H02,subbranch_code_H01.671,1,node_1,node_4,False
branch_code_H02,subbranch_code_H01.770,8,node_1,node_5,False
branch_code_H02,subbranch_code_H02,1,node_1,node_6,False
branch_code_H02,subbranch_code_H02.004,1,node_1,node_7,False
branch_code_H02,subbranch_code_H02.010,10,node_1,node_8,False
branch_code_H02,subbranch_code_H02.070,1,node_1,node_9,False
branch_code_H02,subbranch_code_H02.110,1,node_1,node_10,False
branch_code_H02,subbranch_code_H02.163,24,node_1,node_1,True
branch_code_H02,subbranch_code_H02.229,4,node_1,node_2,False
branch_code_H02,subbranch_code_H02.249,6,node_1,node_3,False
branch_code_H02,subbranch_code_H02.269,1,node_1,node_4,False
branch_code_H02,subbranch_code_H02.309,1,node_1,node_5,False
branch_code_H02,subbranch_code_H02.385,1,node_1,node_6,False
branch_code_H02,subbranch_code_H02.403,148,node_1,node_7,False
branch_code_H02,subbranch_code_H02.438,1,node_1,node_8,False
branch_code_H02,subbranch_code_H02.478,47,node_1,node_9,False
branch_code_H02,subbranch_code_H02.495,1,node_1,node_10,False
branch_code_H02,subbranch_code_H02.533,6,node_1,node_1,True
branch_code_H02,subbranch_code_H02.553,1,node_1,node_2,False
branch_code_H02,subbranch_code_H02.573,1,node_1,node_3,False
branch_code_H02,subbranch_code_H02.628,9,node_1,node_4,False
branch_code_H02,subbranch_code_H02.646,4,node_1,node_5,False
branch_code_H02,subbranch_code_H02.696,1,node_1,node_6,False
branch_code_H02,subbranch_code_H02.720,2,node_1,node_7,False
branch_code_H02,subbranch_code_H02.781,1,node_1,node_8,False
branch_code_H02,subbranch_code_H02.790,1,node_1,node_9,False
branch_code_H02,subbranch_code_H02.811,1,node_1,node_10,False
branch_code_H02,subbranch_code_H02.884,4,node_1,node_1,True
branch_code_H02,subbranch_code_H02.956,5,node_1,node_2,False
branch_code_H02,subbranch_code_I01.076,1,node_1,node_4,False
branch_code_H02,subbranch_code_I01.198,7,node_1,node_5,False
branch_code_H02,subbranch_code_I01.655,1,node_1,node_3,False
branch_code_H02,subbranch_code_I01.880,3,node_1,node_9,False
branch_code_H02,subbranch_code_I02.358,1,node_1,node_8,False
branch_code_H02,subbranch_code_J01.293,2,node_1,node_3,False
branch_code_H02,subbranch_code_J01.897,5,node_1,node_2,False
branch_code_H02,subbranch_code_K01.093,1,node_1,node_6,False
branch_code_H02,subbranch_code_K01.752,1,node_1,node_5,False
branch_code_H02,subbranch_code_L01.143,1,node_1,node_1,True
branch_code_H02,subbranch_code_L01.313,1,node_1,node_6,False
branch_code_H02,subbranch_code_L01.462,7,node_1,node_8,False
branch_code_H02,subbranch_code_N01.400,2,node_1,node_6,False
branch_code_H02,subbranch_code_N02.278,1,node_1,node_2,False
branch_code_H02,subbranch_code_N02.421,54,node_1,node_5,False
branch_code_H02,subbranch_code_N03.623,1,node_1,node_5,False
branch_code_H02,subbranch_code_N03.706,1,node_1,node_6,False
branch_code_H02,subbranch_code_N04,1,node_1,node_10,False
branch_code_H02,subbranch_code_N04.452,4,node_1,node_2,False
branch_code_H02,subbranch_code_N04.590,14,node_1,node_3,False
branch_code_H02,subbranch_code_N05.300,1,node_1,node_8,False
branch_code_H02,subbranch_code_N06.850,5,node_1,node_6,False
branch_code_H02,subbranch_code_N06.890,2,node_1,node_7,False
branch_code_I01,subbranch_code_C23.550,5,node_2,node_2,True
branch_code_I01,subbranch_code_C24.653,1,node_2,node_4,False
branch_code_I01,subbranch_code_C26.946,2,node_2,node_2,True
branch_code_I01,subbranch_code_C26.986,1,node_2,node_4,False
branch_code_I01,subbranch_code_E01.370,4,node_2,node_10,False
branch_code_I01,subbranch_code_E02.085,1,node_2,node_3,False
branch_code_I01,subbranch_code_E02.190,17,node_2,node_4,False
branch_code_I01,subbranch_code_E02.218,1,node_2,node_7,False
branch_code_I01,subbranch_code_E02.365,1,node_2,node_4,False
branch_code_I01,subbranch_code_E02.760,6,node_2,node_3,False
branch_code_I01,subbranch_code_E04.085,1,node_2,node_4,False
branch_code_I01,subbranch_code_E04.950,2,node_2,node_6,False
branch_code_I01,subbranch_code_E05.070,2,node_2,node_7,False
branch_code_I01,subbranch_code_E05.200,1,node_2,node_9,False
branch_code_I01,subbranch_code_E05.290,1,node_2,node_5,False
branch_code_I01,subbranch_code_E05.318,3,node_2,node_10,False
branch_code_I01,subbranch_code_E05.337,1,node_2,node_7,False
branch_code_I01,subbranch_code_E05.393,2,node_2,node_3,False
branch_code_I01,subbranch_code_E05.599,1,node_2,node_3,False
branch_code_I01,subbranch_code_F01.100,3,node_2,node_10,False
branch_code_I01,subbranch_code_F01.145,29,node_2,node_1,False
branch_code_I01,subbranch_code_F01.470,2,node_2,node_4,False
branch_code_I01,subbranch_code_F01.590,1,node_2,node_8,False
branch_code_I01,subbranch_code_F01.829,41,node_2,node_2,True
branch_code_I01,subbranch_code_F02.410,1,node_2,node_6,False
branch_code_I01,subbranch_code_F02.463,2,node_2,node_8,False
branch_code_I01,subbranch_code_F02.600,1,node_2,node_10,False
branch_code_I01,subbranch_code_F02.784,1,node_2,node_4,False
branch_code_I01,subbranch_code_F02.830,1,node_2,node_6,False
branch_code_I01,subbranch_code_F04.047,1,node_2,node_1,False
branch_code_I01,subbranch_code_F04.096,12,node_2,node_2,True
branch_code_I01,subbranch_code_F04.408,1,node_2,node_3,False
branch_code_I01,subbranch_code_G05.815,1,node_2,node_6,False
branch_code_I01,subbranch_code_G07.203,2,node_2,node_4,False
branch_code_I01,subbranch_code_G16.650,1,node_2,node_4,False
branch_code_I01,subbranch_code_H01.158,4,node_2,node_6,False
branch_code_I01,subbranch_code_H01.277,1,node_2,node_8,False
branch_code_I01,subbranch_code_H01.770,1,node_2,node_5,False
branch_code_I01,subbranch_code_H02.163,1,node_2,node_1,False
branch_code_I01,subbranch_code_H02.403,5,node_2,node_7,False
branch_code_I01,subbranch_code_H02.478,1,node_2,node_9,False
branch_code_I01,subbranch_code_H02.628,1,node_2,node_4,False
branch_code_I01,subbranch_code_H02.790,1,node_2,node_9,False
branch_code_I01,subbranch_code_H02.884,1,node_2,node_1,False
branch_code_I01,subbranch_code_I01,1,node_2,node_3,False
branch_code_I01,subbranch_code_I01.076,64,node_2,node_4,False
branch_code_I01,subbranch_code_I01.198,72,node_2,node_5,False
branch_code_I01,subbranch_code_I01.240,34,node_2,node_6,False
branch_code_I01,subbranch_code_I01.261,10,node_2,node_7,False
branch_code_I01,subbranch_code_I01.283,1,node_2,node_8,False
branch_code_I01,subbranch_code_I01.320,3,node_2,node_9,False
branch_code_I01,subbranch_code_I01.409,59,node_2,node_10,False
branch_code_I01,subbranch_code_I01.451,3,node_2,node_1,False
branch_code_I01,subbranch_code_I01.615,8,node_2,node_2,True
branch_code_I01,subbranch_code_I01.655,17,node_2,node_3,False
branch_code_I01,subbranch_code_I01.696,9,node_2,node_4,False
branch_code_I01,subbranch_code_I01.738,9,node_2,node_5,False
branch_code_I01,subbranch_code_I01.791,2,node_2,node_6,False
branch_code_I01,subbranch_code_I01.795,1,node_2,node_7,False
branch_code_I01,subbranch_code_I01.800,2,node_2,node_8,False
branch_code_I01,subbranch_code_I01.880,337,node_2,node_9,False
branch_code_I01,subbranch_code_I01.940,1,node_2,node_10,False
branch_code_I01,subbranch_code_I02.581,1,node_2,node_4,False
branch_code_I01,subbranch_code_I03.050,1,node_2,node_1,False
branch_code_I01,subbranch_code_I03.125,3,node_2,node_3,False
branch_code_I01,subbranch_code_I03.743,1,node_2,node_2,True
branch_code_I01,subbranch_code_I03.946,2,node_2,node_7,False
branch_code_I01,subbranch_code_J01.086,1,node_2,node_10,False
branch_code_I01,subbranch_code_J01.293,1,node_2,node_3,False
branch_code_I01,subbranch_code_J01.576,1,node_2,node_6,False
branch_code_I01,subbranch_code_J03.150,1,node_2,node_1,False
branch_code_I01,subbranch_code_J03.200,1,node_2,node_3,False
branch_code_I01,subbranch_code_J03.220,1,node_2,node_4,False
branch_code_I01,subbranch_code_J03.340,2,node_2,node_7,False
branch_code_I01,subbranch_code_J03.400,1,node_2,node_8,False
branch_code_I01,subbranch_code_K01.093,1,node_2,node_6,False
branch_code_I01,subbranch_code_K01.400,15,node_2,node_9,False
branch_code_I01,subbranch_code_K01.517,2,node_2,node_1,False
branch_code_I01,subbranch_code_K01.752,11,node_2,node_5,False
branch_code_I01,subbranch_code_K01.922,1,node_2,node_8,False
branch_code_I01,subbranch_code_L01.143,3,node_2,node_1,False
branch_code_I01,subbranch_code_L01.224,1,node_2,node_2,True
branch_code_I01,subbranch_code_L01.313,1,node_2,node_6,False
branch_code_I01,subbranch_code_L01.462,3,node_2,node_8,False
branch_code_I01,subbranch_code_L01.737,3,node_2,node_5,False
branch_code_I01,subbranch_code_M01.055,1,node_2,node_9,False
branch_code_I01,subbranch_code_M01.264,1,node_2,node_3,False
branch_code_I01,subbranch_code_M01.620,7,node_2,node_7,False
branch_code_I01,subbranch_code_M01.686,1,node_2,node_10,False
branch_code_I01,subbranch_code_M01.781,1,node_2,node_6,False
branch_code_I01,subbranch_code_M01.785,1,node_2,node_7,False
branch_code_I01,subbranch_code_M01.816,1,node_2,node_9,False
branch_code_I01,subbranch_code_N01.224,42,node_2,node_5,False
branch_code_I01,subbranch_code_N01.400,1,node_2,node_6,False
branch_code_I01,subbranch_code_N01.824,25,node_2,node_8,False
branch_code_I01,subbranch_code_N02.421,13,node_2,node_5,False
branch_code_I01,subbranch_code_N03.055,3,node_2,node_10,False
branch_code_I01,subbranch_code_N03.219,5,node_2,node_2,True
branch_code_I01,subbranch_code_N03.349,2,node_2,node_3,False
branch_code_I01,subbranch_code_N03.540,62,node_2,node_4,False
branch_code_I01,subbranch_code_N03.623,13,node_2,node_5,False
branch_code_I01,subbranch_code_N03.706,63,node_2,node_6,False
branch_code_I01,subbranch_code_N04.452,13,node_2,node_2,True
branch_code_I01,subbranch_code_N04.590,5,node_2,node_3,False
branch_code_I01,subbranch_code_N04.761,1,node_2,node_4,False
branch_code_I01,subbranch_code_N05.300,6,node_2,node_8,False
branch_code_I01,subbranch_code_N05.350,5,node_2,node_9,False
branch_code_I01,subbranch_code_N05.715,3,node_2,node_3,False
branch_code_I01,subbranch_code_N06.230,9,node_2,node_5,False
branch_code_I01,subbranch_code_N06.850,33,node_2,node_6,False
branch_code_I01,subbranch_code_Z01.586,1,node_2,node_1,False
branch_code_I02,subbranch_code_E05.599,1,node_3,node_3,True
branch_code_I02,subbranch_code_F02.463,3,node_3,node_8,False
branch_code_I02,subbranch_code_F02.784,2,node_3,node_4,False
branch_code_I02,subbranch_code_H01.770,1,node_3,node_5,False
branch_code_I02,subbranch_code_H02.478,1,node_3,node_9,False
branch_code_I02,subbranch_code_I01.615,1,node_3,node_2,False
branch_code_I02,subbranch_code_I02,1,node_3,node_1,False
branch_code_I02,subbranch_code_I02.079,1,node_3,node_2,False
branch_code_I02,subbranch_code_I02.158,6,node_3,node_3,True
branch_code_I02,subbranch_code_I02.195,1,node_3,node_4,False
branch_code_I02,subbranch_code_I02.233,8,node_3,node_5,False
branch_code_I02,subbranch_code_I02.275,1,node_3,node_6,False
branch_code_I02,subbranch_code_I02.316,1,node_3,node_7,False
branch_code_I02,subbranch_code_I02.358,34,node_3,node_8,False
branch_code_I02,subbranch_code_I02.399,9,node_3,node_9,False
branch_code_I02,subbranch_code_I02.487,1,node_3,node_10,False
branch_code_I02,subbranch_code_I02.531,1,node_3,node_1,False
branch_code_I02,subbranch_code_I02.574,2,node_3,node_2,False
branch_code_I02,subbranch_code_I02.578,1,node_3,node_3,True
branch_code_I02,subbranch_code_I02.581,1,node_3,node_4,False
branch_code_I02,subbranch_code_I02.588,1,node_3,node_5,False
branch_code_I02,subbranch_code_I02.594,2,node_3,node_6,False
branch_code_I02,subbranch_code_I02.689,1,node_3,node_7,False
branch_code_I02,subbranch_code_I02.783,13,node_3,node_8,False
branch_code_I02,subbranch_code_I02.903,12,node_3,node_9,False
branch_code_I02,subbranch_code_J03.832,4,node_3,node_8,False
branch_code_I02,subbranch_code_L01.224,1,node_3,node_2,False
branch_code_I02,subbranch_code_L01.583,1,node_3,node_3,True
branch_code_I02,subbranch_code_N02.278,1,node_3,node_2,False
branch_code_I02,subbranch_code_N03.349,1,node_3,node_3,True
branch_code_I02,subbranch_code_N04.452,1,node_3,node_2,False
branch_code_I02,subbranch_code_N04.590,1,node_3,node_3,True
branch_code_I02,subbranch_code_N04.761,1,node_3,node_4,False
branch_code_I02,subbranch_code_N05.300,1,node_3,node_8,False
branch_code_I02,subbranch_code_N05.715,1,node_3,node_3,True
branch_code_I03,subbranch_code_C10.281,1,node_4,node_6,False
branch_code_I03,subbranch_code_C10.886,1,node_4,node_8,False
branch_code_I03,subbranch_code_C23.888,2,node_4,node_3,False
branch_code_I03,subbranch_code_E02.190,1,node_4,node_4,True
branch_code_I03,subbranch_code_E02.760,6,node_4,node_3,False
branch_code_I03,subbranch_code_E02.779,6,node_4,node_7,False
branch_code_I03,subbranch_code_E02.831,6,node_4,node_5,False
branch_code_I03,subbranch_code_E02.900,2,node_4,node_5,False
branch_code_I03,subbranch_code_E04.604,1,node_4,node_1,False
branch_code_I03,subbranch_code_F01.145,3,node_4,node_1,False
branch_code_I03,subbranch_code_F01.470,1,node_4,node_4,True
branch_code_I03,subbranch_code_F02.463,1,node_4,node_8,False
branch_code_I03,subbranch_code_F03.870,1,node_4,node_6,False
branch_code_I03,subbranch_code_G07.025,1,node_4,node_7,False
branch_code_I03,subbranch_code_G07.203,1,node_4,node_4,True
branch_code_I03,subbranch_code_G11.427,25,node_4,node_5,False
branch_code_I03,subbranch_code_G16.012,1,node_4,node_9,False
branch_code_I03,subbranch_code_I01.738,1,node_4,node_5,False
branch_code_I03,subbranch_code_I01.880,5,node_4,node_9,False
branch_code_I03,subbranch_code_I01.940,1,node_4,node_10,False
branch_code_I03,subbranch_code_I03,1,node_4,node_10,False
branch_code_I03,subbranch_code_I03.050,6,node_4,node_1,False
branch_code_I03,subbranch_code_I03.088,1,node_4,node_2,False
branch_code_I03,subbranch_code_I03.125,6,node_4,node_3,False
branch_code_I03,subbranch_code_I03.287,1,node_4,node_4,True
branch_code_I03,subbranch_code_I03.350,23,node_4,node_5,False
branch_code_I03,subbranch_code_I03.400,1,node_4,node_6,False
branch_code_I03,subbranch_code_I03.450,58,node_4,node_7,False
branch_code_I03,subbranch_code_I03.548,1,node_4,node_8,False
branch_code_I03,subbranch_code_I03.702,1,node_4,node_9,False
branch_code_I03,subbranch_code_I03.723,1,node_4,node_10,False
branch_code_I03,subbranch_code_I03.733,1,node_4,node_1,False
branch_code_I03,subbranch_code_I03.743,2,node_4,node_2,False
branch_code_I03,subbranch_code_I03.784,1,node_4,node_3,False
branch_code_I03,subbranch_code_I03.833,1,node_4,node_4,True
branch_code_I03,subbranch_code_I03.883,6,node_4,node_5,False
branch_code_I03,subbranch_code_I03.915,1,node_4,node_6,False
branch_code_I03,subbranch_code_I03.946,12,node_4,node_7,False
branch_code_I03,subbranch_code_J01.040,2,node_4,node_9,False
branch_code_I03,subbranch_code_L01.224,2,node_4,node_2,False
branch_code_I03,subbranch_code_N01.224,1,node_4,node_5,False
branch_code_I03,subbranch_code_N01.400,2,node_4,node_6,False
branch_code_I03,subbranch_code_N01.824,1,node_4,node_8,False
branch_code_I03,subbranch_code_N02.421,3,node_4,node_5,False
branch_code_I03,subbranch_code_N04.452,7,node_4,node_2,False
branch_code_I03,subbranch_code_N04.590,1,node_4,node_3,False
branch_code_I03,subbranch_code_N05.300,1,node_4,node_8,False
branch_code_I03,subbranch_code_N06.230,1,node_4,node_5,False
branch_code_I03,subbranch_code_N06.850,1,node_4,node_6,False
branch_code_J01,subbranch_code_A11.284,1,node_5,node_6,False
branch_code_J01,subbranch_code_A18.450,1,node_5,node_9,False
branch_code_J01,subbranch_code_D01.029,1,node_5,node_6,False
branch_code_J01,subbranch_code_D01.220,2,node_5,node_7,False
branch_code_J01,subbranch_code_D01.268,4,node_5,node_10,False
branch_code_J01,subbranch_code_D01.303,4,node_5,node_1,False
branch_code_J01,subbranch_code_D01.379,1,node_5,node_4,False
branch_code_J01,subbranch_code_D01.475,1,node_5,node_5,True
branch_code_J01,subbranch_code_D01.490,2,node_5,node_6,False
branch_code_J01,subbranch_code_D01.552,9,node_5,node_2,False
branch_code_J01,subbranch_code_D01.695,1,node_5,node_7,False
branch_code_J01,subbranch_code_D01.837,1,node_5,node_3,False
branch_code_J01,subbranch_code_D01.857,2,node_5,node_5,True
branch_code_J01,subbranch_code_D01.935,1,node_5,node_10,False
branch_code_J01,subbranch_code_D02.033,11,node_5,node_6,False
branch_code_J01,subbranch_code_D02.092,2,node_5,node_10,False
branch_code_J01,subbranch_code_D02.241,11,node_5,node_9,False
branch_code_J01,subbranch_code_D02.455,16,node_5,node_8,False
branch_code_J01,subbranch_code_D02.491,1,node_5,node_10,False
branch_code_J01,subbranch_code_D02.522,1,node_5,node_2,False
branch_code_J01,subbranch_code_D02.626,3,node_5,node_8,False
branch_code_J01,subbranch_code_D02.756,8,node_5,node_6,False
branch_code_J01,subbranch_code_D02.886,1,node_5,node_10,False
branch_code_J01,subbranch_code_D03.383,4,node_5,node_7,False
branch_code_J01,subbranch_code_D05.500,1,node_5,node_10,False
branch_code_J01,subbranch_code_D05.750,80,node_5,node_1,False
branch_code_J01,subbranch_code_D05.937,3,node_5,node_3,False
branch_code_J01,subbranch_code_D09.698,2,node_5,node_10,False
branch_code_J01,subbranch_code_D10.570,1,node_5,node_8,False
branch_code_J01,subbranch_code_D12.644,2,node_5,node_4,False
branch_code_J01,subbranch_code_D12.776,2,node_5,node_5,True
branch_code_J01,subbranch_code_D20.215,3,node_5,node_8,False
branch_code_J01,subbranch_code_D20.280,3,node_5,node_9,False
branch_code_J01,subbranch_code_D20.538,1,node_5,node_3,False
branch_code_J01,subbranch_code_D20.944,1,node_5,node_2,False
branch_code_J01,subbranch_code_D25,1,node_5,node_9,False
branch_code_J01,subbranch_code_D25.058,9,node_5,node_10,False
branch_code_J01,subbranch_code_D25.130,5,node_5,node_1,False
branch_code_J01,subbranch_code_D25.187,1,node_5,node_2,False
branch_code_J01,subbranch_code_D25.223,5,node_5,node_3,False
branch_code_J01,subbranch_code_D25.339,32,node_5,node_4,False
branch_code_J01,subbranch_code_D25.376,3,node_5,node_5,True
branch_code_J01,subbranch_code_D25.479,5,node_5,node_6,False
branch_code_J01,subbranch_code_D25.583,2,node_5,node_7,False
branch_code_J01,subbranch_code_D25.720,83,node_5,node_9,False
branch_code_J01,subbranch_code_D25.800,1,node_5,node_10,False
branch_code_J01,subbranch_code_D25.860,3,node_5,node_1,False
branch_code_J01,subbranch_code_D25.919,4,node_5,node_2,False
branch_code_J01,subbranch_code_D26.255,7,node_5,node_7,False
branch_code_J01,subbranch_code_D27.505,3,node_5,node_10,False
branch_code_J01,subbranch_code_D27.720,24,node_5,node_1,False
branch_code_J01,subbranch_code_D27.888,2,node_5,node_2,False
branch_code_J01,subbranch_code_E01.370,2,node_5,node_10,False
branch_code_J01,subbranch_code_E01.894,1,node_5,node_6,False
branch_code_J01,subbranch_code_E02.041,1,node_5,node_9,False
branch_code_J01,subbranch_code_E02.319,3,node_5,node_1,False
branch_code_J01,subbranch_code_E02.547,1,node_5,node_2,False
branch_code_J01,subbranch_code_E02.585,1,node_5,node_5,True
branch_code_J01,subbranch_code_E02.921,1,node_5,node_9,False
branch_code_J01,subbranch_code_E04.749,1,node_5,node_1,False
branch_code_J01,subbranch_code_E05.064,1,node_5,node_6,False
branch_code_J01,subbranch_code_E05.104,2,node_5,node_9,False
branch_code_J01,subbranch_code_E05.111,1,node_5,node_10,False
branch_code_J01,subbranch_code_E05.196,1,node_5,node_6,False
branch_code_J01,subbranch_code_E05.197,7,node_5,node_7,False
branch_code_J01,subbranch_code_E05.320,1,node_5,node_1,False
branch_code_J01,subbranch_code_E05.362,1,node_5,node_10,False
branch_code_J01,subbranch_code_E05.393,2,node_5,node_3,False
branch_code_J01,subbranch_code_E05.481,2,node_5,node_8,False
branch_code_J01,subbranch_code_E05.497,1,node_5,node_1,False
branch_code_J01,subbranch_code_E05.595,1,node_5,node_1,False
branch_code_J01,subbranch_code_E05.830,1,node_5,node_4,False
branch_code_J01,subbranch_code_E05.916,4,node_5,node_9,False
branch_code_J01,subbranch_code_E05.920,1,node_5,node_10,False
branch_code_J01,subbranch_code_E06.570,1,node_5,node_4,False
branch_code_J01,subbranch_code_E06.761,1,node_5,node_3,False
branch_code_J01,subbranch_code_E06.780,1,node_5,node_4,False
branch_code_J01,subbranch_code_E06.912,1,node_5,node_6,False
branch_code_J01,subbranch_code_E07.115,2,node_5,node_4,False
branch_code_J01,subbranch_code_E07.305,1,node_5,node_5,True
branch_code_J01,subbranch_code_E07.325,3,node_5,node_7,False
branch_code_J01,subbranch_code_E07.451,1,node_5,node_4,False
branch_code_J01,subbranch_code_E07.490,1,node_5,node_6,False
branch_code_J01,subbranch_code_E07.595,1,node_5,node_3,False
branch_code_J01,subbranch_code_E07.695,1,node_5,node_10,False
branch_code_J01,subbranch_code_E07.700,17,node_5,node_1,False
branch_code_J01,subbranch_code_E07.705,1,node_5,node_2,False
branch_code_J01,subbranch_code_E07.710,1,node_5,node_3,False
branch_code_J01,subbranch_code_E07.858,4,node_5,node_8,False
branch_code_J01,subbranch_code_F01.145,1,node_5,node_1,False
branch_code_J01,subbranch_code_F02.784,2,node_5,node_4,False
branch_code_J01,subbranch_code_G07.203,3,node_5,node_4,False
branch_code_J01,subbranch_code_G16.500,2,node_5,node_7,False
branch_code_J01,subbranch_code_G17.035,1,node_5,node_3,False
branch_code_J01,subbranch_code_H01.158,9,node_5,node_6,False
branch_code_J01,subbranch_code_H01.277,1,node_5,node_8,False
branch_code_J01,subbranch_code_H01.413,1,node_5,node_10,False
branch_code_J01,subbranch_code_H01.570,1,node_5,node_2,False
branch_code_J01,subbranch_code_H01.603,3,node_5,node_3,False
branch_code_J01,subbranch_code_H01.671,5,node_5,node_4,False
branch_code_J01,subbranch_code_H02.010,3,node_5,node_8,False
branch_code_J01,subbranch_code_H02.070,1,node_5,node_9,False
branch_code_J01,subbranch_code_H02.229,1,node_5,node_2,False
branch_code_J01,subbranch_code_H02.385,1,node_5,node_6,False
branch_code_J01,subbranch_code_H02.403,1,node_5,node_7,False
branch_code_J01,subbranch_code_I01.261,1,node_5,node_7,False
branch_code_J01,subbranch_code_I01.880,1,node_5,node_9,False
branch_code_J01,subbranch_code_I03.450,2,node_5,node_7,False
branch_code_J01,subbranch_code_J01,1,node_5,node_8,False
branch_code_J01,subbranch_code_J01.040,21,node_5,node_9,False
branch_code_J01,subbranch_code_J01.086,10,node_5,node_10,False
branch_code_J01,subbranch_code_J01.219,10,node_5,node_1,False
branch_code_J01,subbranch_code_J01.256,1,node_5,node_2,False
branch_code_J01,subbranch_code_J01.293,20,node_5,node_3,False
branch_code_J01,subbranch_code_J01.494,5,node_5,node_4,False
branch_code_J01,subbranch_code_J01.516,7,node_5,node_5,True
branch_code_J01,subbranch_code_J01.576,69,node_5,node_6,False
branch_code_J01,subbranch_code_J01.637,221,node_5,node_7,False
branch_code_J01,subbranch_code_J01.675,1,node_5,node_8,False
branch_code_J01,subbranch_code_J01.728,2,node_5,node_9,False
branch_code_J01,subbranch_code_J01.780,2,node_5,node_10,False
branch_code_J01,subbranch_code_J01.839,1,node_5,node_1,False
branch_code_J01,subbranch_code_J01.897,74,node_5,node_2,False
branch_code_J01,subbranch_code_J01.937,16,node_5,node_3,False
branch_code_J01,subbranch_code_J02.750,1,node_5,node_8,False
branch_code_J01,subbranch_code_J03.320,1,node_5,node_6,False
branch_code_J01,subbranch_code_J03.540,5,node_5,node_10,False
branch_code_J01,subbranch_code_J03.560,1,node_5,node_1,False
branch_code_J01,subbranch_code_J03.813,1,node_5,node_7,False
branch_code_J01,subbranch_code_K01.093,2,node_5,node_6,False
branch_code_J01,subbranch_code_L01.143,3,node_5,node_1,False
branch_code_J01,subbranch_code_L01.224,11,node_5,node_2,False
branch_code_J01,subbranch_code_L01.280,7,node_5,node_3,False
branch_code_J01,subbranch_code_L01.296,3,node_5,node_4,False
branch_code_J01,subbranch_code_L01.313,1,node_5,node_6,False
branch_code_J01,subbranch_code_L01.462,26,node_5,node_8,False
branch_code_J01,subbranch_code_L01.470,1,node_5,node_9,False
branch_code_J01,subbranch_code_L01.737,1,node_5,node_5,True
branch_code_J01,subbranch_code_N02.278,3,node_5,node_2,False
branch_code_J01,subbranch_code_N02.421,4,node_5,node_5,True
branch_code_J01,subbranch_code_N03.219,2,node_5,node_2,False
branch_code_J01,subbranch_code_N03.540,1,node_5,node_4,False
branch_code_J01,subbranch_code_N04.452,2,node_5,node_2,False
branch_code_J01,subbranch_code_N04.761,2,node_5,node_4,False
branch_code_J01,subbranch_code_N05.300,2,node_5,node_8,False
branch_code_J01,subbranch_code_N06.230,3,node_5,node_5,True
branch_code_J01,subbranch_code_N06.850,15,node_5,node_6,False
branch_code_J02,subbranch_code_A12.200,2,node_6,node_7,False
branch_code_J02,subbranch_code_A12.790,8,node_6,node_3,False
branch_code_J02,subbranch_code_A16.690,1,node_6,node_2,False
branch_code_J02,subbranch_code_A18.024,4,node_6,node_7,False
branch_code_J02,subbranch_code_B01.050,2,node_6,node_8,False
branch_code_J02,subbranch_code_B01.650,3,node_6,node_9,False
branch_code_J02,subbranch_code_D01.045,2,node_6,node_7,False
branch_code_J02,subbranch_code_D01.248,2,node_6,node_9,False
branch_code_J02,subbranch_code_D01.268,1,node_6,node_10,False
branch_code_J02,subbranch_code_D01.650,2,node_6,node_6,True
branch_code_J02,subbranch_code_D05.750,3,node_6,node_1,False
branch_code_J02,subbranch_code_D09.301,7,node_6,node_6,True
branch_code_J02,subbranch_code_D09.400,1,node_6,node_7,False
branch_code_J02,subbranch_code_D09.698,5,node_6,node_10,False
branch_code_J02,subbranch_code_D09.947,3,node_6,node_4,False
branch_code_J02,subbranch_code_D10.212,11,node_6,node_8,False
branch_code_J02,subbranch_code_D10.627,6,node_6,node_9,False
branch_code_J02,subbranch_code_D12.644,1,node_6,node_4,False
branch_code_J02,subbranch_code_D12.776,16,node_6,node_5,False
branch_code_J02,subbranch_code_D20.215,10,node_6,node_8,False
branch_code_J02,subbranch_code_D23.946,1,node_6,node_8,False
branch_code_J02,subbranch_code_D26.650,1,node_6,node_7,False
branch_code_J02,subbranch_code_D27.505,4,node_6,node_10,False
branch_code_J02,subbranch_code_D27.720,10,node_6,node_1,False
branch_code_J02,subbranch_code_E02.980,1,node_6,node_4,False
branch_code_J02,subbranch_code_G07.203,143,node_6,node_4,False
branch_code_J02,subbranch_code_J01.576,1,node_6,node_6,True
branch_code_J02,subbranch_code_J02,1,node_6,node_4,False
branch_code_J02,subbranch_code_J02.200,29,node_6,node_5,False
branch_code_J02,subbranch_code_J02.350,13,node_6,node_6,True
branch_code_J02,subbranch_code_J02.500,121,node_6,node_7,False
branch_code_J02,subbranch_code_J02.750,2,node_6,node_8,False
branch_code_J03,subbranch_code_E07.710,1,node_7,node_3,False
branch_code_J03,subbranch_code_I01.076,1,node_7,node_4,False
branch_code_J03,subbranch_code_I01.409,1,node_7,node_10,False
branch_code_J03,subbranch_code_I01.880,4,node_7,node_9,False
branch_code_J03,subbranch_code_I02.783,4,node_7,node_8,False
branch_code_J03,subbranch_code_J01.040,3,node_7,node_9,False
branch_code_J03,subbranch_code_J01.086,1,node_7,node_10,False
branch_code_J03,subbranch_code_J01.576,2,node_7,node_6,False
branch_code_J03,subbranch_code_J01.780,2,node_7,node_10,False
branch_code_J03,subbranch_code_J03,1,node_7,node_9,False
branch_code_J03,subbranch_code_J03.125,1,node_7,node_10,False
branch_code_J03,subbranch_code_J03.150,1,node_7,node_1,False
branch_code_J03,subbranch_code_J03.160,2,node_7,node_2,False
branch_code_J03,subbranch_code_J03.200,1,node_7,node_3,False
branch_code_J03,subbranch_code_J03.220,3,node_7,node_4,False
branch_code_J03,subbranch_code_J03.240,1,node_7,node_5,False
branch_code_J03,subbranch_code_J03.320,1,node_7,node_6,False
branch_code_J03,subbranch_code_J03.340,7,node_7,node_7,True
branch_code_J03,subbranch_code_J03.400,10,node_7,node_8,False
branch_code_J03,subbranch_code_J03.520,1,node_7,node_9,False
branch_code_J03,subbranch_code_J03.540,6,node_7,node_10,False
branch_code_J03,subbranch_code_J03.560,1,node_7,node_1,False
branch_code_J03,subbranch_code_J03.570,1,node_7,node_2,False
branch_code_J03,subbranch_code_J03.635,1,node_7,node_3,False
branch_code_J03,subbranch_code_J03.700,1,node_7,node_4,False
branch_code_J03,subbranch_code_J03.720,1,node_7,node_5,False
branch_code_J03,subbranch_code_J03.775,6,node_7,node_6,False
branch_code_J03,subbranch_code_J03.813,1,node_7,node_7,True
branch_code_J03,subbranch_code_J03.832,4,node_7,node_8,False
branch_code_J03,subbranch_code_J03.850,2,node_7,node_9,False
branch_code_J03,subbranch_code_J03.860,1,node_7,node_10,False
branch_code_J03,subbranch_code_J03.925,5,node_7,node_1,False
branch_code_J03,subbranch_code_J03.962,1,node_7,node_2,False
branch_code_J03,subbranch_code_J03.970,3,node_7,node_3,False
branch_code_J03,subbranch_code_J03.985,1,node_7,node_4,False
branch_code_J03,subbranch_code_K01.400,2,node_7,node_9,False
branch_code_J03,subbranch_code_L01.313,1,node_7,node_6,False
branch_code_J03,subbranch_code_L01.462,10,node_7,node_8,False
branch_code_J03,subbranch_code_L01.583,1,node_7,node_3,False
branch_code_J03,subbranch_code_N01.224,3,node_7,node_5,False
branch_code_J03,subbranch_code_N02.278,10,node_7,node_2,False
branch_code_J03,subbranch_code_N02.421,5,node_7,node_5,False
branch_code_J03,subbranch_code_N03.540,1,node_7,node_4,False
branch_code_J03,subbranch_code_N04.452,1,node_7,node_2,False
branch_code_J03,subbranch_code_N06.230,4,node_7,node_5,False
branch_code_J03,subbranch_code_N06.850,2,node_7,node_6,False
branch_code_K01,subbranch_code_E02.190,3,node_8,node_4,False
branch_code_K01,subbranch_code_E02.779,1,node_8,node_7,False
branch_code_K01,subbranch_code_E05.599,1,node_8,node_3,False
branch_code_K01,subbranch_code_F01.100,1,node_8,node_10,False
branch_code_K01,subbranch_code_F01.145,1,node_8,node_1,False
branch_code_K01,subbranch_code_F01.752,1,node_8,node_1,False
branch_code_K01,subbranch_code_F01.829,7,node_8,node_2,False
branch_code_K01,subbranch_code_F02.463,2,node_8,node_8,True
branch_code_K01,subbranch_code_F02.600,1,node_8,node_10,False
branch_code_K01,subbranch_code_F02.739,1,node_8,node_3,False
branch_code_K01,subbranch_code_F02.880,2,node_8,node_7,False
branch_code_K01,subbranch_code_F02.970,1,node_8,node_9,False
branch_code_K01,subbranch_code_H01.158,2,node_8,node_6,False
branch_code_K01,subbranch_code_H01.770,1,node_8,node_5,False
branch_code_K01,subbranch_code_H02.385,1,node_8,node_6,False
branch_code_K01,subbranch_code_H02.478,1,node_8,node_9,False
branch_code_K01,subbranch_code_I01.076,5,node_8,node_4,False
branch_code_K01,subbranch_code_I01.198,1,node_8,node_5,False
branch_code_K01,subbranch_code_I01.738,1,node_8,node_5,False
branch_code_K01,subbranch_code_I01.800,2,node_8,node_8,True
branch_code_K01,subbranch_code_I01.880,23,node_8,node_9,False
branch_code_K01,subbranch_code_J01.897,2,node_8,node_2,False
branch_code_K01,subbranch_code_J03.400,1,node_8,node_8,True
branch_code_K01,subbranch_code_J03.570,1,node_8,node_2,False
branch_code_K01,subbranch_code_K01,1,node_8,node_5,False
branch_code_K01,subbranch_code_K01.093,16,node_8,node_6,False
branch_code_K01,subbranch_code_K01.150,2,node_8,node_7,False
branch_code_K01,subbranch_code_K01.275,1,node_8,node_8,True
branch_code_K01,subbranch_code_K01.400,48,node_8,node_9,False
branch_code_K01,subbranch_code_K01.468,1,node_8,node_10,False
branch_code_K01,subbranch_code_K01.517,24,node_8,node_1,False
branch_code_K01,subbranch_code_K01.602,1,node_8,node_2,False
branch_code_K01,subbranch_code_K01.637,1,node_8,node_3,False
branch_code_K01,subbranch_code_K01.672,3,node_8,node_4,False
branch_code_K01,subbranch_code_K01.752,84,node_8,node_5,False
branch_code_K01,subbranch_code_K01.844,27,node_8,node_6,False
branch_code_K01,subbranch_code_K01.883,1,node_8,node_7,False
branch_code_K01,subbranch_code_K01.922,1,node_8,node_8,True
branch_code_K01,subbranch_code_L01.224,1,node_8,node_2,False
branch_code_K01,subbranch_code_L01.462,4,node_8,node_8,True
branch_code_K01,subbranch_code_M01.228,1,node_8,node_1,False
branch_code_K01,subbranch_code_M01.352,1,node_8,node_7,False
branch_code_K01,subbranch_code_M01.526,1,node_8,node_6,False
branch_code_K01,subbranch_code_N01.400,1,node_8,node_6,False
branch_code_K01,subbranch_code_N02.421,1,node_8,node_5,False
branch_code_K01,subbranch_code_N03.540,1,node_8,node_4,False
branch_code_K01,subbranch_code_N03.706,3,node_8,node_6,False
branch_code_K01,subbranch_code_N04.452,5,node_8,node_2,False
branch_code_K01,subbranch_code_N04.761,1,node_8,node_4,False
branch_code_K01,subbranch_code_N05.350,44,node_8,node_9,False
branch_code_K01,subbranch_code_N05.700,4,node_8,node_2,False
branch_code_K01,subbranch_code_N06.850,7,node_8,node_6,False
branch_code_L01,subbranch_code_E01.158,3,node_9,node_6,False
branch_code_L01,subbranch_code_E01.370,12,node_9,node_10,False
branch_code_L01,subbranch_code_E02.319,1,node_9,node_1,False
branch_code_L01,subbranch_code_E02.760,4,node_9,node_3,False
branch_code_L01,subbranch_code_E02.815,3,node_9,node_4,False
branch_code_L01,subbranch_code_E02.831,4,node_9,node_5,False
branch_code_L01,subbranch_code_E02.950,2,node_9,node_2,False
branch_code_L01,subbranch_code_E05.245,5,node_9,node_3,False
branch_code_L01,subbranch_code_E05.318,21,node_9,node_10,False
branch_code_L01,subbranch_code_E05.320,1,node_9,node_1,False
branch_code_L01,subbranch_code_E05.377,1,node_9,node_1,False
branch_code_L01,subbranch_code_E05.393,1,node_9,node_3,False
branch_code_L01,subbranch_code_E05.595,2,node_9,node_1,False
branch_code_L01,subbranch_code_E05.599,6,node_9,node_3,False
branch_code_L01,subbranch_code_E05.613,1,node_9,node_5,False
branch_code_L01,subbranch_code_E05.712,1,node_9,node_7,False
branch_code_L01,subbranch_code_E05.920,1,node_9,node_10,False
branch_code_L01,subbranch_code_E05.925,3,node_9,node_1,False
branch_code_L01,subbranch_code_E05.959,1,node_9,node_8,False
branch_code_L01,subbranch_code_E06.570,1,node_9,node_4,False
branch_code_L01,subbranch_code_E07.305,1,node_9,node_5,False
branch_code_L01,subbranch_code_F01.145,10,node_9,node_1,False
branch_code_L01,subbranch_code_F01.829,4,node_9,node_2,False
branch_code_L01,subbranch_code_F02.463,2,node_9,node_8,False
branch_code_L01,subbranch_code_F02.694,2,node_9,node_2,False
branch_code_L01,subbranch_code_F02.784,4,node_9,node_4,False
branch_code_L01,subbranch_code_F04.096,3,node_9,node_2,False
branch_code_L01,subbranch_code_F04.408,2,node_9,node_3,False
branch_code_L01,subbranch_code_G02.111,4,node_9,node_10,False
branch_code_L01,subbranch_code_G05.045,1,node_9,node_2,False
branch_code_L01,subbranch_code_G05.360,1,node_9,node_6,False
branch_code_L01,subbranch_code_G11.427,1,node_9,node_5,False
branch_code_L01,subbranch_code_G11.561,1,node_9,node_6,False
branch_code_L01,subbranch_code_G16.075,1,node_9,node_3,False
branch_code_L01,subbranch_code_G17.035,37,node_9,node_3,False
branch_code_L01,subbranch_code_G17.226,1,node_9,node_5,False
branch_code_L01,subbranch_code_G17.485,14,node_9,node_8,False
branch_code_L01,subbranch_code_G17.915,1,node_9,node_4,False
branch_code_L01,subbranch_code_H01.158,6,node_9,node_6,False
branch_code_L01,subbranch_code_H01.181,1,node_9,node_7,False
branch_code_L01,subbranch_code_H01.548,1,node_9,node_1,False
branch_code_L01,subbranch_code_H01.671,2,node_9,node_4,False
branch_code_L01,subbranch_code_H01.770,8,node_9,node_5,False
branch_code_L01,subbranch_code_H02.010,1,node_9,node_8,False
branch_code_L01,subbranch_code_H02.385,1,node_9,node_6,False
branch_code_L01,subbranch_code_H02.403,8,node_9,node_7,False
branch_code_L01,subbranch_code_I01.409,1,node_9,node_10,False
branch_code_L01,subbranch_code_I01.880,7,node_9,node_9,True
branch_code_L01,subbranch_code_I02.487,1,node_9,node_10,False
branch_code_L01,subbranch_code_I02.783,1,node_9,node_8,False
branch_code_L01,subbranch_code_I03.350,1,node_9,node_5,False
branch_code_L01,subbranch_code_I03.450,2,node_9,node_7,False
branch_code_L01,subbranch_code_J01.219,1,node_9,node_1,False
branch_code_L01,subbranch_code_J01.293,2,node_9,node_3,False
branch_code_L01,subbranch_code_J01.576,2,node_9,node_6,False
branch_code_L01,subbranch_code_J01.897,33,node_9,node_2,False
branch_code_L01,subbranch_code_J03.400,10,node_9,node_8,False
branch_code_L01,subbranch_code_J03.832,1,node_9,node_8,False
branch_code_L01,subbranch_code_K01.093,2,node_9,node_6,False
branch_code_L01,subbranch_code_K01.400,1,node_9,node_9,True
branch_code_L01,subbranch_code_K01.517,1,node_9,node_1,False
branch_code_L01,subbranch_code_K01.752,1,node_9,node_5,False
branch_code_L01,subbranch_code_L01,1,node_9,node_9,True
branch_code_L01,subbranch_code_L01.100,2,node_9,node_10,False
branch_code_L01,subbranch_code_L01.143,42,node_9,node_1,False
branch_code_L01,subbranch_code_L01.224,143,node_9,node_2,False
branch_code_L01,subbranch_code_L01.280,13,node_9,node_3,False
branch_code_L01,subbranch_code_L01.296,9,node_9,node_4,False
branch_code_L01,subbranch_code_L01.305,2,node_9,node_5,False
branch_code_L01,subbranch_code_L01.313,71,node_9,node_6,False
branch_code_L01,subbranch_code_L01.399,23,node_9,node_7,False
branch_code_L01,subbranch_code_L01.462,173,node_9,node_8,False
branch_code_L01,subbranch_code_L01.470,26,node_9,node_9,True
branch_code_L01,subbranch_code_L01.479,1,node_9,node_10,False
branch_code_L01,subbranch_code_L01.488,1,node_9,node_1,False
branch_code_L01,subbranch_code_L01.559,31,node_9,node_2,False
branch_code_L01,subbranch_code_L01.583,12,node_9,node_3,False
branch_code_L01,subbranch_code_L01.731,1,node_9,node_4,False
branch_code_L01,subbranch_code_L01.737,21,node_9,node_5,False
branch_code_L01,subbranch_code_L01.906,10,node_9,node_6,False
branch_code_L01,subbranch_code_N02.208,1,node_9,node_1,False
branch_code_L01,subbranch_code_N02.278,1,node_9,node_2,False
branch_code_L01,subbranch_code_N02.421,5,node_9,node_5,False
branch_code_L01,subbranch_code_N03.219,1,node_9,node_2,False
branch_code_L01,subbranch_code_N03.540,3,node_9,node_4,False
branch_code_L01,subbranch_code_N03.706,3,node_9,node_6,False
branch_code_L01,subbranch_code_N04.452,22,node_9,node_2,False
branch_code_L01,subbranch_code_N04.590,10,node_9,node_3,False
branch_code_L01,subbranch_code_N05.300,2,node_9,node_8,False
branch_code_L01,subbranch_code_N05.715,18,node_9,node_3,False
branch_code_L01,subbranch_code_N06.850,17,node_9,node_6,False
branch_code_M01,subbranch_code_F01.100,1,node_10,node_10,True
branch_code_M01,subbranch_code_F01.145,1,node_10,node_1,False
branch_code_M01,subbranch_code_F01.829,12,node_10,node_2,False
branch_code_M01,subbranch_code_F02.784,3,node_10,node_4,False
branch_code_M01,subbranch_code_I01.240,2,node_10,node_6,False
branch_code_M01,subbranch_code_I01.880,13,node_10,node_9,False
branch_code_M01,subbranch_code_K01.517,1,node_10,node_1,False
branch_code_M01,subbranch_code_K01.752,1,node_10,node_5,False
branch_code_M01,subbranch_code_K01.844,1,node_10,node_6,False
branch_code_M01,subbranch_code_M01,1,node_10,node_7,False
branch_code_M01,subbranch_code_M01.050,1,node_10,node_8,False
branch_code_M01,subbranch_code_M01.055,1,node_10,node_9,False
branch_code_M01,subbranch_code_M01.060,24,node_10,node_10,True
branch_code_M01,subbranch_code_M01.066,1,node_10,node_1,False
branch_code_M01,subbranch_code_M01.072,2,node_10,node_2,False
branch_code_M01,subbranch_code_M01.079,1,node_10,node_3,False
branch_code_M01,subbranch_code_M01.085,1,node_10,node_4,False
branch_code_M01,subbranch_code_M01.097,1,node_10,node_5,False
branch_code_M01,subbranch_code_M01.100,1,node_10,node_6,False
branch_code_M01,subbranch_code_M01.102,2,node_10,node_7,False
branch_code_M01,subbranch_code_M01.106,1,node_10,node_8,False
branch_code_M01,subbranch_code_M01.107,1,node_10,node_9,False
branch_code_M01,subbranch_code_M01.108,1,node_10,node_10,True
branch_code_M01,subbranch_code_M01.111,1,node_10,node_1,False
branch_code_M01,subbranch_code_M01.120,1,node_10,node_2,False
branch_code_M01,subbranch_code_M01.135,2,node_10,node_3,False
branch_code_M01,subbranch_code_M01.142,1,node_10,node_4,False
branch_code_M01,subbranch_code_M01.150,8,node_10,node_5,False
branch_code_M01,subbranch_code_M01.159,1,node_10,node_6,False
branch_code_M01,subbranch_code_M01.169,1,node_10,node_7,False
branch_code_M01,subbranch_code_M01.189,2,node_10,node_8,False
branch_code_M01,subbranch_code_M01.210,1,node_10,node_9,False
branch_code_M01,subbranch_code_M01.219,1,node_10,node_10,True
branch_code_M01,subbranch_code_M01.228,1,node_10,node_1,False
branch_code_M01,subbranch_code_M01.252,1,node_10,node_2,False
branch_code_M01,subbranch_code_M01.264,1,node_10,node_3,False
branch_code_M01,subbranch_code_M01.270,28,node_10,node_4,False
branch_code_M01,subbranch_code_M01.276,1,node_10,node_5,False
branch_code_M01,subbranch_code_M01.325,2,node_10,node_6,False
branch_code_M01,subbranch_code_M01.352,1,node_10,node_7,False
branch_code_M01,subbranch_code_M01.380,2,node_10,node_8,False
branch_code_M01,subbranch_code_M01.385,1,node_10,node_9,False
branch_code_M01,subbranch_code_M01.390,3,node_10,node_10,True
branch_code_M01,subbranch_code_M01.395,1,node_10,node_1,False
branch_code_M01,subbranch_code_M01.416,2,node_10,node_2,False
branch_code_M01,subbranch_code_M01.427,1,node_10,node_3,False
branch_code_M01,subbranch_code_M01.438,7,node_10,node_4,False
branch_code_M01,subbranch_code_M01.482,1,node_10,node_5,False
branch_code_M01,subbranch_code_M01.526,157,node_10,node_6,False
branch_code_M01,subbranch_code_M01.620,7,node_10,node_7,False
branch_code_M01,subbranch_code_M01.643,9,node_10,node_8,False
branch_code_M01,subbranch_code_M01.665,1,node_10,node_9,False
branch_code_M01,subbranch_code_M01.686,51,node_10,node_10,True
branch_code_M01,subbranch_code_M01.729,2,node_10,node_1,False
branch_code_M01,subbranch_code_M01.755,1,node_10,node_2,False
branch_code_M01,subbranch_code_M01.774,2,node_10,node_3,False
branch_code_M01,subbranch_code_M01.776,1,node_10,node_4,False
branch_code_M01,subbranch_code_M01.778,1,node_10,node_5,False
branch_code_M01,subbranch_code_M01.781,1,node_10,node_6,False
branch_code_M01,subbranch_code_M01.785,1,node_10,node_7,False
branch_code_M01,subbranch_code_M01.808,1,node_10,node_8,False
branch_code_M01,subbranch_code_M01.816,1,node_10,node_9,False
branch_code_M01,subbranch_code_M01.848,9,node_10,node_10,True
branch_code_M01,subbranch_code_M01.860,8,node_10,node_1,False
branch_code_M01,subbranch_code_M01.873,1,node_10,node_2,False
branch_code_M01,subbranch_code_M01.898,4,node_10,node_3,False
branch_code_M01,subbranch_code_M01.909,1,node_10,node_4,False
branch_code_M01,subbranch_code_M01.920,1,node_10,node_5,False
branch_code_M01,subbranch_code_M01.925,1,node_10,node_6,False
branch_code_M01,subbranch_code_M01.927,1,node_10,node_7,False
branch_code_M01,subbranch_code_M01.928,2,node_10,node_8,False
branch_code_M01,subbranch_code_M01.930,1,node_10,node_9,False
branch_code_M01,subbranch_code_M01.935,1,node_10,node_10,True
branch_code_M01,subbranch_code_M01.955,3,node_10,node_1,False
branch_code_M01,subbranch_code_M01.975,6,node_10,node_2,False
branch_code_M01,subbranch_code_M01.987,1,node_10,node_3,False
branch_code_M01,subbranch_code_N01.224,5,node_10,node_5,False
branch_code_M01,subbranch_code_N01.824,2,node_10,node_8,False
branch_code_M01,subbranch_code_N02.360,116,node_10,node_4,False
branch_code_M01,subbranch_code_N04.452,2,node_10,node_2,False
branch_code_M01,subbranch_code_N05.300,1,node_10,node_8,False
branch_code_M01,subbranch_code_N05.350,1,node_10,node_9,False
branch_code_N01,subbranch_code_E01.370,1,node_1,node_10,False
branch_code_N01,subbranch_code_E02.190,1,node_1,node_4,False
branch_code_N01,subbranch_code_E05.318,25,node_1,node_10,False
branch_code_N01,subbranch_code_F01.145,1,node_1,node_1,True
branch_code_N01,subbranch_code_F01.829,14,node_1,node_2,False
branch_code_N01,subbranch_code_F02.418,1,node_1,node_7,False
branch_code_N01,subbranch_code_G05.815,1,node_1,node_6,False
branch_code_N01,subbranch_code_G07.203,1,node_1,node_4,False
branch_code_N01,subbranch_code_G08.686,1,node_1,node_5,False
branch_code_N01,subbranch_code_G11.427,2,node_1,node_5,False
branch_code_N01,subbranch_code_H02.403,2,node_1,node_7,False
branch_code_N01,subbranch_code_I01.076,2,node_1,node_4,False
branch_code_N01,subbranch_code_I01.240,34,node_1,node_6,False
branch_code_N01,subbranch_code_I01.320,1,node_1,node_9,False
branch_code_N01,subbranch_code_I01.880,32,node_1,node_9,False
branch_code_N01,subbranch_code_I03.050,1,node_1,node_1,True
branch_code_N01,subbranch_code_I03.450,2,node_1,node_7,False
branch_code_N01,subbranch_code_I03.946,1,node_1,node_7,False
branch_code_N01,subbranch_code_J03.340,3,node_1,node_7,False
branch_code_N01,subbranch_code_K01.752,1,node_1,node_5,False
branch_code_N01,subbranch_code_M01.620,1,node_1,node_7,False
branch_code_N01,subbranch_code_M01.686,3,node_1,node_10,False
branch_code_N01,subbranch_code_M01.785,1,node_1,node_7,False
branch_code_N01,subbranch_code_N01,1,node_1,node_4,False
branch_code_N01,subbranch_code_N01.224,75,node_1,node_5,False
branch_code_N01,subbranch_code_N01.400,30,node_1,node_6,False
branch_code_N01,subbranch_code_N01.600,4,node_1,node_7,False
branch_code_N01,subbranch_code_N01.824,49,node_1,node_8,False
branch_code_N01,subbranch_code_N02.421,1,node_1,node_5,False
branch_code_N01,subbranch_code_N03.055,2,node_1,node_10,False
branch_code_N01,subbranch_code_N03.219,3,node_1,node_2,False
branch_code_N01,subbranch_code_N03.349,1,node_1,node_3,False
branch_code_N01,subbranch_code_N03.706,1,node_1,node_6,False
branch_code_N01,subbranch_code_N04.452,11,node_1,node_2,False
branch_code_N01,subbranch_code_N04.590,1,node_1,node_3,False
branch_code_N01,subbranch_code_N05.300,1,node_1,node_8,False
branch_code_N01,subbranch_code_N05.715,1,node_1,node_3,False
branch_code_N01,subbranch_code_N06.230,5,node_1,node_5,False
branch_code_N01,subbranch_code_N06.850,56,node_1,node_6,False
branch_code_N02,subbranch_code_E01.110,1,node_2,node_5,False
branch_code_N02,subbranch_code_E01.354,2,node_2,node_9,False
branch_code_N02,subbranch_code_E01.370,10,node_2,node_10,False
branch_code_N02,subbranch_code_E01.505,1,node_2,node_3,False
branch_code_N02,subbranch_code_E02.095,3,node_2,node_4,False
branch_code_N02,subbranch_code_E02.319,9,node_2,node_1,False
branch_code_N02,subbranch_code_E02.365,4,node_2,node_4,False
branch_code_N02,subbranch_code_E02.421,2,node_2,node_5,False
branch_code_N02,subbranch_code_E02.637,1,node_2,node_4,False
branch_code_N02,subbranch_code_E02.642,2,node_2,node_5,False
branch_code_N02,subbranch_code_E02.650,1,node_2,node_6,False
branch_code_N02,subbranch_code_E02.760,73,node_2,node_3,False
branch_code_N02,subbranch_code_E02.779,1,node_2,node_7,False
branch_code_N02,subbranch_code_E02.792,2,node_2,node_10,False
branch_code_N02,subbranch_code_E02.815,1,node_2,node_4,False
branch_code_N02,subbranch_code_E02.831,11,node_2,node_5,False
branch_code_N02,subbranch_code_E02.870,2,node_2,node_8,False
branch_code_N02,subbranch_code_E02.897,1,node_2,node_4,False
branch_code_N02,subbranch_code_E02.900,1,node_2,node_5,False
branch_code_N02,subbranch_code_E02.912,2,node_2,node_7,False
branch_code_N02,subbranch_code_E02.919,1,node_2,node_8,False
branch_code_N02,subbranch_code_E03.160,1,node_2,node_9,False
branch_code_N02,subbranch_code_E03.806,1,node_2,node_4,False
branch_code_N02,subbranch_code_E04.079,1,node_2,node_3,False
branch_code_N02,subbranch_code_E04.604,7,node_2,node_1,False
branch_code_N02,subbranch_code_E04.614,6,node_2,node_2,True
branch_code_N02,subbranch_code_E04.936,1,node_2,node_4,False
branch_code_N02,subbranch_code_E05.200,5,node_2,node_9,False
branch_code_N02,subbranch_code_E05.242,1,node_2,node_2,True
branch_code_N02,subbranch_code_E05.318,5,node_2,node_10,False
branch_code_N02,subbranch_code_E05.335,1,node_2,node_6,False
branch_code_N02,subbranch_code_E05.337,2,node_2,node_7,False
branch_code_N02,subbranch_code_E05.393,4,node_2,node_3,False
branch_code_N02,subbranch_code_E05.478,3,node_2,node_7,False
branch_code_N02,subbranch_code_E05.599,1,node_2,node_3,False
branch_code_N02,subbranch_code_E05.760,2,node_2,node_10,False
branch_code_N02,subbranch_code_E06.170,5,node_2,node_9,False
branch_code_N02,subbranch_code_E07.325,1,node_2,node_7,False
branch_code_N02,subbranch_code_F01.100,1,node_2,node_10,False
branch_code_N02,subbranch_code_F01.145,3,node_2,node_1,False
branch_code_N02,subbranch_code_F02.784,5,node_2,node_4,False
branch_code_N02,subbranch_code_F04.096,1,node_2,node_2,True
branch_code_N02,subbranch_code_F04.408,10,node_2,node_3,False
branch_code_N02,subbranch_code_F04.754,1,node_2,node_9,False
branch_code_N02,subbranch_code_G11.427,1,node_2,node_5,False
branch_code_N02,subbranch_code_H01.158,1,node_2,node_6,False
branch_code_N02,subbranch_code_H02.163,1,node_2,node_1,False
branch_code_N02,subbranch_code_H02.309,1,node_2,node_5,False
branch_code_N02,subbranch_code_H02.403,23,node_2,node_7,False
branch_code_N02,subbranch_code_H02.478,29,node_2,node_9,False
branch_code_N02,subbranch_code_H02.495,1,node_2,node_10,False
branch_code_N02,subbranch_code_I01.655,1,node_2,node_3,False
branch_code_N02,subbranch_code_I01.880,13,node_2,node_9,False
branch_code_N02,subbranch_code_I02.783,1,node_2,node_8,False
branch_code_N02,subbranch_code_I03.050,2,node_2,node_1,False
branch_code_N02,subbranch_code_I03.350,1,node_2,node_5,False
branch_code_N02,subbranch_code_J01.086,2,node_2,node_10,False
branch_code_N02,subbranch_code_J01.576,2,node_2,node_6,False
branch_code_N02,subbranch_code_J01.937,2,node_2,node_3,False
branch_code_N02,subbranch_code_J03.125,1,node_2,node_10,False
branch_code_N02,subbranch_code_J03.160,2,node_2,node_2,True
branch_code_N02,subbranch_code_J03.400,1,node_2,node_8,False
branch_code_N02,subbranch_code_J03.520,1,node_2,node_9,False
branch_code_N02,subbranch_code_J03.775,4,node_2,node_6,False
branch_code_N02,subbranch_code_J03.850,2,node_2,node_9,False
branch_code_N02,subbranch_code_J03.860,1,node_2,node_10,False
branch_code_N02,subbranch_code_J03.925,1,node_2,node_1,False
branch_code_N02,subbranch_code_J03.985,1,node_2,node_4,False
branch_code_N02,subbranch_code_K01.752,1,node_2,node_5,False
branch_code_N02,subbranch_code_L01.143,2,node_2,node_1,False
branch_code_N02,subbranch_code_L01.313,1,node_2,node_6,False
branch_code_N02,subbranch_code_L01.462,4,node_2,node_8,False
branch_code_N02,subbranch_code_M01.085,1,node_2,node_4,False
branch_code_N02,subbranch_code_M01.390,1,node_2,node_10,False
branch_code_N02,subbranch_code_M01.526,116,node_2,node_6,False
branch_code_N02,subbranch_code_M01.955,1,node_2,node_1,False
branch_code_N02,subbranch_code_M01.975,2,node_2,node_2,True
branch_code_N02,subbranch_code_N01.824,1,node_2,node_8,False
branch_code_N02,subbranch_code_N02,1,node_2,node_9,False
branch_code_N02,subbranch_code_N02.138,1,node_2,node_10,False
branch_code_N02,subbranch_code_N02.208,1,node_2,node_1,False
branch_code_N02,subbranch_code_N02.278,171,node_2,node_2,True
branch_code_N02,subbranch_code_N02.350,1,node_2,node_3,False
branch_code_N02,subbranch_code_N02.360,117,node_2,node_4,False
branch_code_N02,subbranch_code_N02.421,285,node_2,node_5,False
branch_code_N02,subbranch_code_N02.508,2,node_2,node_6,False
branch_code_N02,subbranch_code_N02.628,2,node_2,node_7,False
branch_code_N02,subbranch_code_N02.814,1,node_2,node_8,False
branch_code_N02,subbranch_code_N03.219,3,node_2,node_2,True
branch_code_N02,subbranch_code_N03.540,2,node_2,node_4,False
branch_code_N02,subbranch_code_N03.623,1,node_2,node_5,False
branch_code_N02,subbranch_code_N03.706,1,node_2,node_6,False
branch_code_N02,subbranch_code_N04.452,62,node_2,node_2,True
branch_code_N02,subbranch_code_N04.590,15,node_2,node_3,False
branch_code_N02,subbranch_code_N04.761,1,node_2,node_4,False
branch_code_N02,subbranch_code_N04.880,1,node_2,node_5,False
branch_code_N02,subbranch_code_N05.300,14,node_2,node_8,False
branch_code_N02,subbranch_code_N05.350,1,node_2,node_9,False
branch_code_N02,subbranch_code_N05.700,1,node_2,node_2,True
branch_code_N02,subbranch_code_N05.715,7,node_2,node_3,False
branch_code_N02,subbranch_code_N06.230,2,node_2,node_5,False
branch_code_N02,subbranch_code_N06.850,17,node_2,node_6,False
branch_code_N02,subbranch_code_N06.890,1,node_2,node_7,False
branch_code_N03,subbranch_code_E02.365,1,node_3,node_4,False
branch_code_N03,subbranch_code_E02.760,1,node_3,node_3,True
branch_code_N03,subbranch_code_E05.318,4,node_3,node_10,False
branch_code_N03,subbranch_code_F01.100,4,node_3,node_10,False
branch_code_N03,subbranch_code_F01.145,4,node_3,node_1,False
branch_code_N03,subbranch_code_F01.590,1,node_3,node_8,False
branch_code_N03,subbranch_code_F01.829,8,node_3,node_2,False
branch_code_N03,subbranch_code_F02.410,1,node_3,node_6,False
branch_code_N03,subbranch_code_F02.600,1,node_3,node_10,False
branch_code_N03,subbranch_code_F04.096,6,node_3,node_2,False
branch_code_N03,subbranch_code_G07.203,1,node_3,node_4,False
branch_code_N03,subbranch_code_H01.770,5,node_3,node_5,False
branch_code_N03,subbranch_code_H02.403,2,node_3,node_7,False
branch_code_N03,subbranch_code_I01.198,2,node_3,node_5,False
branch_code_N03,subbranch_code_I01.261,3,node_3,node_7,False
branch_code_N03,subbranch_code_I01.409,59,node_3,node_10,False
branch_code_N03,subbranch_code_I01.615,1,node_3,node_2,False
branch_code_N03,subbranch_code_I01.655,14,node_3,node_3,True
branch_code_N03,subbranch_code_I01.880,81,node_3,node_9,False
branch_code_N03,subbranch_code_I02.594,1,node_3,node_6,False
branch_code_N03,subbranch_code_J01.219,2,node_3,node_1,False
branch_code_N03,subbranch_code_J01.576,1,node_3,node_6,False
branch_code_N03,subbranch_code_J03.400,1,node_3,node_8,False
branch_code_N03,subbranch_code_K01.752,3,node_3,node_5,False
branch_code_N03,subbranch_code_K01.844,1,node_3,node_6,False
branch_code_N03,subbranch_code_L01.143,1,node_3,node_1,False
branch_code_N03,subbranch_code_L01.224,2,node_3,node_2,False
branch_code_N03,subbranch_code_L01.462,4,node_3,node_8,False
branch_code_N03,subbranch_code_L01.737,2,node_3,node_5,False
branch_code_N03,subbranch_code_N01.224,3,node_3,node_5,False
branch_code_N03,subbranch_code_N01.824,3,node_3,node_8,False
branch_code_N03,subbranch_code_N02.278,2,node_3,node_2,False
branch_code_N03,subbranch_code_N02.421,5,node_3,node_5,False
branch_code_N03,subbranch_code_N03,1,node_3,node_9,False
branch_code_N03,subbranch_code_N03.055,4,node_3,node_10,False
branch_code_N03,subbranch_code_N03.109,1,node_3,node_1,False
branch_code_N03,subbranch_code_N03.219,162,node_3,node_2,False
branch_code_N03,subbranch_code_N03.349,35,node_3,node_3,True
branch_code_N03,subbranch_code_N03.540,122,node_3,node_4,False
branch_code_N03,subbranch_code_N03.623,13,node_3,node_5,False
branch_code_N03,subbranch_code_N03.706,107,node_3,node_6,False
branch_code_N03,subbranch_code_N03.787,1,node_3,node_7,False
branch_code_N03,subbranch_code_N03.858,1,node_3,node_8,False
branch_code_N03,subbranch_code_N03.880,2,node_3,node_9,False
branch_code_N03,subbranch_code_N04.452,17,node_3,node_2,False
branch_code_N03,subbranch_code_N04.590,13,node_3,node_3,True
branch_code_N03,subbranch_code_N04.761,4,node_3,node_4,False
branch_code_N03,subbranch_code_N04.940,1,node_3,node_6,False
branch_code_N03,subbranch_code_N05.300,21,node_3,node_8,False
branch_code_N03,subbranch_code_N05.350,3,node_3,node_9,False
branch_code_N03,subbranch_code_N05.425,7,node_3,node_10,False
branch_code_N03,subbranch_code_N05.700,12,node_3,node_2,False
branch_code_N03,subbranch_code_N05.715,9,node_3,node_3,True
branch_code_N03,subbranch_code_N06.230,1,node_3,node_5,False
branch_code_N03,subbranch_code_N06.850,10,node_3,node_6,False
branch_code_N04,subbranch_code_C23.550,1,node_4,node_2,False
branch_code_N04,subbranch_code_C23.888,1,node_4,node_3,False
branch_code_N04,subbranch_code_E01.055,1,node_4,node_4,True
branch_code_N04,subbranch_code_E01.370,2,node_4,node_10,False
branch_code_N04,subbranch_code_E01.789,12,node_4,node_5,False
branch_code_N04,subbranch_code_E02.319,2,node_4,node_1,False
branch_code_N04,subbranch_code_E02.365,1,node_4,node_4,True
branch_code_N04,subbranch_code_E02.650,1,node_4,node_6,False
branch_code_N04,subbranch_code_E02.745,1,node_4,node_2,False
branch_code_N04,subbranch_code_E02.760,9,node_4,node_3,False
branch_code_N04,subbranch_code_E02.831,1,node_4,node_5,False
branch_code_N04,subbranch_code_E02.906,3,node_4,node_6,False
branch_code_N04,subbranch_code_E04.617,1,node_4,node_3,False
branch_code_N04,subbranch_code_E04.950,1,node_4,node_6,False
branch_code_N04,subbranch_code_E05.200,1,node_4,node_9,False
branch_code_N04,subbranch_code_E05.318,31,node_4,node_10,False
branch_code_N04,subbranch_code_E05.337,1,node_4,node_7,False
branch_code_N04,subbranch_code_E05.393,1,node_4,node_3,False
branch_code_N04,subbranch_code_E05.581,2,node_4,node_8,False
branch_code_N04,subbranch_code_E05.599,3,node_4,node_3,False
branch_code_N04,subbranch_code_E05.920,1,node_4,node_10,False
branch_code_N04,subbranch_code_E05.944,5,node_4,node_5,False
branch_code_N04,subbranch_code_E07.715,1,node_4,node_4,True
branch_code_N04,subbranch_code_F01.100,4,node_4,node_10,False
branch_code_N04,subbranch_code_F01.145,6,node_4,node_1,False
branch_code_N04,subbranch_code_F01.490,1,node_4,node_5,False
branch_code_N04,subbranch_code_F01.752,1,node_4,node_1,False
branch_code_N04,subbranch_code_F01.829,2,node_4,node_2,False
branch_code_N04,subbranch_code_F02.463,1,node_4,node_8,False
branch_code_N04,subbranch_code_F02.784,3,node_4,node_4,True
branch_code_N04,subbranch_code_F04.096,1,node_4,node_2,False
branch_code_N04,subbranch_code_F04.408,2,node_4,node_3,False
branch_code_N04,subbranch_code_H01.548,1,node_4,node_1,False
branch_code_N04,subbranch_code_H01.770,9,node_4,node_5,False
branch_code_N04,subbranch_code_H02.010,1,node_4,node_8,False
branch_code_N04,subbranch_code_H02.249,1,node_4,node_3,False
branch_code_N04,subbranch_code_H02.269,1,node_4,node_4,True
branch_code_N04,subbranch_code_H02.309,1,node_4,node_5,False
branch_code_N04,subbranch_code_H02.403,8,node_4,node_7,False
branch_code_N04,subbranch_code_H02.478,7,node_4,node_9,False
branch_code_N04,subbranch_code_I01.076,1,node_4,node_4,True
branch_code_N04,subbranch_code_I01.198,2,node_4,node_5,False
branch_code_N04,subbranch_code_I01.240,1,node_4,node_6,False
branch_code_N04,subbranch_code_I01.655,1,node_4,node_3,False
branch_code_N04,subbranch_code_I01.791,1,node_4,node_6,False
branch_code_N04,subbranch_code_I01.795,1,node_4,node_7,False
branch_code_N04,subbranch_code_I01.880,13,node_4,node_9,False
branch_code_N04,subbranch_code_I01.940,1,node_4,node_10,False
branch_code_N04,subbranch_code_I02.358,1,node_4,node_8,False
branch_code_N04,subbranch_code_I02.399,1,node_4,node_9,False
branch_code_N04,subbranch_code_I02.574,1,node_4,node_2,False
branch_code_N04,subbranch_code_I03.946,7,node_4,node_7,False
branch_code_N04,subbranch_code_J01.219,1,node_4,node_1,False
branch_code_N04,subbranch_code_J01.293,1,node_4,node_3,False
branch_code_N04,subbranch_code_J01.576,1,node_4,node_6,False
branch_code_N04,subbranch_code_J01.897,1,node_4,node_2,False
branch_code_N04,subbranch_code_J03.400,1,node_4,node_8,False
branch_code_N04,subbranch_code_K01.400,1,node_4,node_9,False
branch_code_N04,subbranch_code_K01.752,5,node_4,node_5,False
branch_code_N04,subbranch_code_L01.143,1,node_4,node_1,False
branch_code_N04,subbranch_code_L01.224,7,node_4,node_2,False
branch_code_N04,subbranch_code_L01.313,4,node_4,node_6,False
branch_code_N04,subbranch_code_L01.399,6,node_4,node_7,False
branch_code_N04,subbranch_code_L01.462,13,node_4,node_8,False
branch_code_N04,subbranch_code_M01.526,1,node_4,node_6,False
branch_code_N04,subbranch_code_M01.643,1,node_4,node_8,False
branch_code_N04,subbranch_code_N01.224,1,node_4,node_5,False
branch_code_N04,subbranch_code_N01.824,11,node_4,node_8,False
branch_code_N04,subbranch_code_N02.138,1,node_4,node_10,False
branch_code_N04,subbranch_code_N02.278,53,node_4,node_2,False
branch_code_N04,subbranch_code_N02.350,1,node_4,node_3,False
branch_code_N04,subbranch_code_N02.360,1,node_4,node_4,True
branch_code_N04,subbranch_code_N02.421,27,node_4,node_5,False
branch_code_N04,subbranch_code_N02.508,1,node_4,node_6,False
branch_code_N04,subbranch_code_N02.628,1,node_4,node_7,False
branch_code_N04,subbranch_code_N03.219,18,node_4,node_2,False
branch_code_N04,subbranch_code_N03.349,3,node_4,node_3,False
branch_code_N04,subbranch_code_N03.540,2,node_4,node_4,True
branch_code_N04,subbranch_code_N03.623,1,node_4,node_5,False
branch_code_N04,subbranch_code_N03.706,11,node_4,node_6,False
branch_code_N04,subbranch_code_N04,1,node_4,node_10,False
branch_code_N04,subbranch_code_N04.226,1,node_4,node_1,False
branch_code_N04,subbranch_code_N04.452,265,node_4,node_2,False
branch_code_N04,subbranch_code_N04.590,98,node_4,node_3,False
branch_code_N04,subbranch_code_N04.761,56,node_4,node_4,True
branch_code_N04,subbranch_code_N04.880,1,node_4,node_5,False
branch_code_N04,subbranch_code_N04.940,1,node_4,node_6,False
branch_code_N04,subbranch_code_N05.300,37,node_4,node_8,False
branch_code_N04,subbranch_code_N05.350,6,node_4,node_9,False
branch_code_N04,subbranch_code_N05.425,2,node_4,node_10,False
branch_code_N04,subbranch_code_N05.700,25,node_4,node_2,False
branch_code_N04,subbranch_code_N05.715,60,node_4,node_3,False
branch_code_N04,subbranch_code_N06.230,1,node_4,node_5,False
branch_code_N04,subbranch_code_N06.850,32,node_4,node_6,False
branch_code_N05,subbranch_code_C23.550,3,node_5,node_2,False
branch_code_N05,subbranch_code_C23.888,1,node_5,node_3,False
branch_code_N05,subbranch_code_E01.055,1,node_5,node_4,False
branch_code_N05,subbranch_code_E01.354,1,node_5,node_9,False
branch_code_N05,subbranch_code_E01.370,7,node_5,node_10,False
branch_code_N05,subbranch_code_E01.505,1,node_5,node_3,False
branch_code_N05,subbranch_code_E01.789,13,node_5,node_5,True
branch_code_N05,subbranch_code_E02.183,3,node_5,node_1,False
branch_code_N05,subbranch_code_E02.319,3,node_5,node_1,False
branch_code_N05,subbranch_code_E02.365,1,node_5,node_4,False
branch_code_N05,subbranch_code_E02.760,1,node_5,node_3,False
branch_code_N05,subbranch_code_E02.906,3,node_5,node_6,False
branch_code_N05,subbranch_code_E02.990,1,node_5,node_5,True
branch_code_N05,subbranch_code_E04.617,1,node_5,node_3,False
branch_code_N05,subbranch_code_E04.950,1,node_5,node_6,False
branch_code_N05,subbranch_code_E05.200,1,node_5,node_9,False
branch_code_N05,subbranch_code_E05.245,2,node_5,node_3,False
branch_code_N05,subbranch_code_E05.318,182,node_5,node_10,False
branch_code_N05,subbranch_code_E05.337,8,node_5,node_7,False
branch_code_N05,subbranch_code_E05.581,5,node_5,node_8,False
branch_code_N05,subbranch_code_E05.599,8,node_5,node_3,False
branch_code_N05,subbranch_code_E05.944,5,node_5,node_5,True
branch_code_N05,subbranch_code_E06.208,6,node_5,node_2,False
branch_code_N05,subbranch_code_E06.721,1,node_5,node_2,False
branch_code_N05,subbranch_code_F01.100,18,node_5,node_10,False
branch_code_N05,subbranch_code_F01.145,16,node_5,node_1,False
branch_code_N05,subbranch_code_F01.490,1,node_5,node_5,True
branch_code_N05,subbranch_code_F01.829,6,node_5,node_2,False
branch_code_N05,subbranch_code_F02.463,1,node_5,node_8,False
branch_code_N05,subbranch_code_F02.600,1,node_5,node_10,False
branch_code_N05,subbranch_code_F04.711,1,node_5,node_8,False
branch_code_N05,subbranch_code_G05.380,1,node_5,node_9,False
branch_code_N05,subbranch_code_G08.686,2,node_5,node_5,True
branch_code_N05,subbranch_code_G17.035,1,node_5,node_3,False
branch_code_N05,subbranch_code_G17.582,1,node_5,node_9,False
branch_code_N05,subbranch_code_G17.680,4,node_5,node_10,False
branch_code_N05,subbranch_code_G17.800,2,node_5,node_1,False
branch_code_N05,subbranch_code_G17.820,5,node_5,node_2,False
branch_code_N05,subbranch_code_G17.830,3,node_5,node_3,False
branch_code_N05,subbranch_code_H01.548,4,node_5,node_1,False
branch_code_N05,subbranch_code_H01.770,7,node_5,node_5,True
branch_code_N05,subbranch_code_H02.249,1,node_5,node_3,False
branch_code_N05,subbranch_code_H02.403,1,node_5,node_7,False
branch_code_N05,subbranch_code_I01.240,2,node_5,node_6,False
branch_code_N05,subbranch_code_I01.261,1,node_5,node_7,False
branch_code_N05,subbranch_code_I01.655,1,node_5,node_3,False
branch_code_N05,subbranch_code_I01.880,11,node_5,node_9,False
branch_code_N05,subbranch_code_I02.399,1,node_5,node_9,False
branch_code_N05,subbranch_code_I02.594,1,node_5,node_6,False
branch_code_N05,subbranch_code_I03.946,1,node_5,node_7,False
branch_code_N05,subbranch_code_J01.219,2,node_5,node_1,False
branch_code_N05,subbranch_code_K01.752,44,node_5,node_5,True
branch_code_N05,subbranch_code_L01.224,1,node_5,node_2,False
branch_code_N05,subbranch_code_L01.313,6,node_5,node_6,False
branch_code_N05,subbranch_code_L01.399,12,node_5,node_7,False
branch_code_N05,subbranch_code_L01.462,2,node_5,node_8,False
branch_code_N05,subbranch_code_L01.470,1,node_5,node_9,False
branch_code_N05,subbranch_code_L01.906,1,node_5,node_6,False
branch_code_N05,subbranch_code_M01.526,1,node_5,node_6,False
branch_code_N05,subbranch_code_M01.643,1,node_5,node_8,False
branch_code_N05,subbranch_code_N01.224,2,node_5,node_5,True
branch_code_N05,subbranch_code_N02.278,4,node_5,node_2,False
branch_code_N05,subbranch_code_N02.350,1,node_5,node_3,False
branch_code_N05,subbranch_code_N02.421,18,node_5,node_5,True
branch_code_N05,subbranch_code_N03.219,11,node_5,node_2,False
branch_code_N05,subbranch_code_N03.349,15,node_5,node_3,False
branch_code_N05,subbranch_code_N03.540,1,node_5,node_4,False
branch_code_N05,subbranch_code_N03.623,1,node_5,node_5,True
branch_code_N05,subbranch_code_N03.706,20,node_5,node_6,False
branch_code_N05,subbranch_code_N03.880,1,node_5,node_9,False
branch_code_N05,subbranch_code_N04.452,44,node_5,node_2,False
branch_code_N05,subbranch_code_N04.590,32,node_5,node_3,False
branch_code_N05,subbranch_code_N04.761,51,node_5,node_4,False
branch_code_N05,subbranch_code_N05,1,node_5,node_7,False
branch_code_N05,subbranch_code_N05.300,89,node_5,node_8,False
branch_code_N05,subbranch_code_N05.350,45,node_5,node_9,False
branch_code_N05,subbranch_code_N05.425,9,node_5,node_10,False
branch_code_N05,subbranch_code_N05.632,1,node_5,node_1,False
branch_code_N05,subbranch_code_N05.700,39,node_5,node_2,False
branch_code_N05,subbranch_code_N05.715,253,node_5,node_3,False
branch_code_N05,subbranch_code_N06.230,2,node_5,node_5,True
branch_code_N05,subbranch_code_N06.850,200,node_5,node_6,False
branch_code_N05,subbranch_code_N06.890,6,node_5,node_7,False
branch_code_N06,subbranch_code_B01.050,2,node_6,node_8,False
branch_code_N06,subbranch_code_B05.080,1,node_6,node_7,False
branch_code_N06,subbranch_code_C10.900,1,node_6,node_9,False
branch_code_N06,subbranch_code_C11.768,1,node_6,node_2,False
branch_code_N06,subbranch_code_C16.131,1,node_6,node_6,True
branch_code_N06,subbranch_code_C23.550,5,node_6,node_2,False
branch_code_N06,subbranch_code_C26.304,2,node_6,node_7,False
branch_code_N06,subbranch_code_C26.733,6,node_6,node_5,False
branch_code_N06,subbranch_code_D01.045,2,node_6,node_7,False
branch_code_N06,subbranch_code_D01.248,2,node_6,node_9,False
branch_code_N06,subbranch_code_D01.362,1,node_6,node_3,False
branch_code_N06,subbranch_code_D01.650,2,node_6,node_6,True
branch_code_N06,subbranch_code_D20.050,1,node_6,node_4,False
branch_code_N06,subbranch_code_D20.147,1,node_6,node_7,False
branch_code_N06,subbranch_code_D20.345,8,node_6,node_1,False
branch_code_N06,subbranch_code_D20.633,1,node_6,node_5,False
branch_code_N06,subbranch_code_D20.693,2,node_6,node_6,True
branch_code_N06,subbranch_code_D20.721,3,node_6,node_7,False
branch_code_N06,subbranch_code_D20.944,10,node_6,node_2,False
branch_code_N06,subbranch_code_D23.101,1,node_6,node_6,True
branch_code_N06,subbranch_code_D27.720,1,node_6,node_1,False
branch_code_N06,subbranch_code_D27.888,3,node_6,node_2,False
branch_code_N06,subbranch_code_E01.354,1,node_6,node_9,False
branch_code_N06,subbranch_code_E01.370,13,node_6,node_10,False
branch_code_N06,subbranch_code_E01.789,3,node_6,node_5,False
branch_code_N06,subbranch_code_E02.095,3,node_6,node_4,False
branch_code_N06,subbranch_code_E02.319,1,node_6,node_1,False
branch_code_N06,subbranch_code_E02.547,2,node_6,node_2,False
branch_code_N06,subbranch_code_E02.770,1,node_6,node_5,False
branch_code_N06,subbranch_code_E02.792,1,node_6,node_10,False
branch_code_N06,subbranch_code_E02.897,1,node_6,node_4,False
branch_code_N06,subbranch_code_E02.919,1,node_6,node_8,False
branch_code_N06,subbranch_code_E02.990,1,node_6,node_5,False
branch_code_N06,subbranch_code_E05.041,5,node_6,node_3,False
branch_code_N06,subbranch_code_E05.196,1,node_6,node_6,True
branch_code_N06,subbranch_code_E05.200,1,node_6,node_9,False
branch_code_N06,subbranch_code_E05.235,1,node_6,node_1,False
branch_code_N06,subbranch_code_E05.245,2,node_6,node_3,False
branch_code_N06,subbranch_code_E05.318,212,node_6,node_10,False
branch_code_N06,subbranch_code_E05.328,1,node_6,node_3,False
branch_code_N06,subbranch_code_E05.337,8,node_6,node_7,False
branch_code_N06,subbranch_code_E05.393,2,node_6,node_3,False
branch_code_N06,subbranch_code_E05.472,1,node_6,node_6,True
branch_code_N06,subbranch_code_E05.478,3,node_6,node_7,False
branch_code_N06,subbranch_code_E05.581,4,node_6,node_8,False
branch_code_N06,subbranch_code_E05.598,1,node_6,node_2,False
branch_code_N06,subbranch_code_E05.599,9,node_6,node_3,False
branch_code_N06,subbranch_code_E05.760,1,node_6,node_10,False
branch_code_N06,subbranch_code_E05.799,8,node_6,node_2,False
branch_code_N06,subbranch_code_E05.885,1,node_6,node_8,False
branch_code_N06,subbranch_code_E05.944,1,node_6,node_5,False
branch_code_N06,subbranch_code_E05.977,2,node_6,node_10,False
branch_code_N06,subbranch_code_E05.978,1,node_6,node_1,False
branch_code_N06,subbranch_code_E06.208,6,node_6,node_2,False
branch_code_N06,subbranch_code_E06.470,1,node_6,node_2,False
branch_code_N06,subbranch_code_E06.721,1,node_6,node_2,False
branch_code_N06,subbranch_code_E06.761,1,node_6,node_3,False
branch_code_N06,subbranch_code_E07.161,1,node_6,node_7,False
branch_code_N06,subbranch_code_F01.145,2,node_6,node_1,False
branch_code_N06,subbranch_code_F01.829,8,node_6,node_2,False
branch_code_N06,subbranch_code_F01.872,1,node_6,node_3,False
branch_code_N06,subbranch_code_F02.463,1,node_6,node_8,False
branch_code_N06,subbranch_code_F04.096,1,node_6,node_2,False
branch_code_N06,subbranch_code_F04.711,1,node_6,node_8,False
branch_code_N06,subbranch_code_G01.060,1,node_6,node_4,False
branch_code_N06,subbranch_code_G01.311,13,node_6,node_1,False
branch_code_N06,subbranch_code_G01.358,3,node_6,node_3,False
branch_code_N06,subbranch_code_G01.374,1,node_6,node_4,False
branch_code_N06,subbranch_code_G01.536,3,node_6,node_6,True
branch_code_N06,subbranch_code_G01.590,2,node_6,node_7,False
branch_code_N06,subbranch_code_G01.750,16,node_6,node_10,False
branch_code_N06,subbranch_code_G01.906,3,node_6,node_3,False
branch_code_N06,subbranch_code_G01.910,1,node_6,node_4,False
branch_code_N06,subbranch_code_G02.035,1,node_6,node_8,False
branch_code_N06,subbranch_code_G02.833,1,node_6,node_4,False
branch_code_N06,subbranch_code_G03.787,1,node_6,node_1,False
branch_code_N06,subbranch_code_G04.712,1,node_6,node_5,False
branch_code_N06,subbranch_code_G05.380,1,node_6,node_9,False
branch_code_N06,subbranch_code_G05.695,1,node_6,node_7,False
branch_code_N06,subbranch_code_G05.815,1,node_6,node_6,True
branch_code_N06,subbranch_code_G06.591,7,node_6,node_1,False
branch_code_N06,subbranch_code_G07.100,2,node_6,node_10,False
branch_code_N06,subbranch_code_G07.203,3,node_6,node_4,False
branch_code_N06,subbranch_code_G07.225,1,node_6,node_5,False
branch_code_N06,subbranch_code_G07.690,1,node_6,node_7,False
branch_code_N06,subbranch_code_G07.738,1,node_6,node_8,False
branch_code_N06,subbranch_code_G08.686,5,node_6,node_5,False
branch_code_N06,subbranch_code_G16.500,90,node_6,node_7,False
branch_code_N06,subbranch_code_G16.505,1,node_6,node_8,False
branch_code_N06,subbranch_code_G17.035,1,node_6,node_3,False
branch_code_N06,subbranch_code_G17.582,1,node_6,node_9,False
branch_code_N06,subbranch_code_G17.680,4,node_6,node_10,False
branch_code_N06,subbranch_code_G17.800,2,node_6,node_1,False
branch_code_N06,subbranch_code_G17.820,5,node_6,node_2,False
branch_code_N06,subbranch_code_G17.830,3,node_6,node_3,False
branch_code_N06,subbranch_code_H01.158,8,node_6,node_6,True
branch_code_N06,subbranch_code_H01.181,1,node_6,node_7,False
branch_code_N06,subbranch_code_H01.548,4,node_6,node_1,False
branch_code_N06,subbranch_code_H02.163,1,node_6,node_1,False
branch_code_N06,subbranch_code_H02.229,2,node_6,node_2,False
branch_code_N06,subbranch_code_H02.403,4,node_6,node_7,False
branch_code_N06,subbranch_code_I01.198,3,node_6,node_5,False
branch_code_N06,subbranch_code_I01.240,21,node_6,node_6,True
branch_code_N06,subbranch_code_I01.283,1,node_6,node_8,False
branch_code_N06,subbranch_code_I01.655,2,node_6,node_3,False
branch_code_N06,subbranch_code_I01.738,1,node_6,node_5,False
branch_code_N06,subbranch_code_I01.800,2,node_6,node_8,False
branch_code_N06,subbranch_code_I01.880,20,node_6,node_9,False
branch_code_N06,subbranch_code_I03.050,1,node_6,node_1,False
branch_code_N06,subbranch_code_I03.450,1,node_6,node_7,False
branch_code_N06,subbranch_code_J01.040,2,node_6,node_9,False
branch_code_N06,subbranch_code_J01.256,1,node_6,node_2,False
branch_code_N06,subbranch_code_J01.293,1,node_6,node_3,False
branch_code_N06,subbranch_code_J01.576,12,node_6,node_6,True
branch_code_N06,subbranch_code_J01.728,2,node_6,node_9,False
branch_code_N06,subbranch_code_J03.340,4,node_6,node_7,False
branch_code_N06,subbranch_code_J03.962,1,node_6,node_2,False
branch_code_N06,subbranch_code_K01.400,5,node_6,node_9,False
branch_code_N06,subbranch_code_K01.752,2,node_6,node_5,False
branch_code_N06,subbranch_code_L01.224,1,node_6,node_2,False
branch_code_N06,subbranch_code_L01.313,5,node_6,node_6,True
branch_code_N06,subbranch_code_L01.399,11,node_6,node_7,False
branch_code_N06,subbranch_code_L01.470,1,node_6,node_9,False
branch_code_N06,subbranch_code_L01.906,1,node_6,node_6,True
branch_code_N06,subbranch_code_N01.224,58,node_6,node_5,False
branch_code_N06,subbranch_code_N01.400,1,node_6,node_6,True
branch_code_N06,subbranch_code_N01.824,6,node_6,node_8,False
branch_code_N06,subbranch_code_N02.138,1,node_6,node_10,False
branch_code_N06,subbranch_code_N02.278,1,node_6,node_2,False
branch_code_N06,subbranch_code_N02.421,17,node_6,node_5,False
branch_code_N06,subbranch_code_N03.055,2,node_6,node_10,False
branch_code_N06,subbranch_code_N03.219,2,node_6,node_2,False
branch_code_N06,subbranch_code_N03.349,4,node_6,node_3,False
branch_code_N06,subbranch_code_N03.623,1,node_6,node_5,False
branch_code_N06,subbranch_code_N03.706,2,node_6,node_6,True
branch_code_N06,subbranch_code_N04.452,27,node_6,node_2,False
branch_code_N06,subbranch_code_N04.590,1,node_6,node_3,False
branch_code_N06,subbranch_code_N04.761,4,node_6,node_4,False
branch_code_N06,subbranch_code_N05.300,2,node_6,node_8,False
branch_code_N06,subbranch_code_N05.425,4,node_6,node_10,False
branch_code_N06,subbranch_code_N05.715,199,node_6,node_3,False
branch_code_N06,subbranch_code_N06,1,node_6,node_4,False
branch_code_N06,subbranch_code_N06.230,157,node_6,node_5,False
branch_code_N06,subbranch_code_N06.850,487,node_6,node_6,True
branch_code_N06,subbranch_code_N06.890,9,node_6,node_7,False
branch_code_N06,subbranch_code_Z01.433,1,node_6,node_9,False
branch_code_N06,subbranch_code_Z01.639,1,node_6,node_2,False
branch_code_V01,subbranch_code_V01,1,node_7,node_8,False
branch_code_V01,subbranch_code_V01.070,1,node_7,node_9,False
branch_code_V01,subbranch_code_V01.100,1,node_7,node_10,False
branch_code_V01,subbranch_code_V01.110,1,node_7,node_1,False
branch_code_V01,subbranch_code_V01.140,1,node_7,node_2,False
branch_code_V01,subbranch_code_V01.165,2,node_7,node_3,False
branch_code_V01,subbranch_code_V01.175,5,node_7,node_4,False
branch_code_V01,subbranch_code_V01.185,5,node_7,node_5,False
branch_code_V01,subbranch_code_V01.195,1,node_7,node_6,False
branch_code_V01,subbranch_code_V01.200,1,node_7,node_7,True
branch_code_V01,subbranch_code_V01.205,1,node_7,node_8,False
branch_code_V01,subbranch_code_V01.250,1,node_7,node_9,False
branch_code_V01,subbranch_code_V01.255,5,node_7,node_10,False
branch_code_V01,subbranch_code_V01.260,1,node_7,node_1,False
branch_code_V01,subbranch_code_V01.405,1,node_7,node_2,False
branch_code_V01,subbranch_code_V01.478,1,node_7,node_3,False
branch_code_V01,subbranch_code_V01.550,1,node_7,node_4,False
branch_code_V01,subbranch_code_V01.630,1,node_7,node_5,False
branch_code_V01,subbranch_code_V01.665,1,node_7,node_6,False
branch_code_V01,subbranch_code_V01.700,1,node_7,node_7,True
branch_code_V01,subbranch_code_V01.775,1,node_7,node_8,False
branch_code_V01,subbranch_code_V02.035,1,node_7,node_1,False
branch_code_V01,subbranch_code_V02.120,1,node_7,node_7,True
branch_code_V01,subbranch_code_V02.140,1,node_7,node_10,False
branch_code_V01,subbranch_code_V02.165,2,node_7,node_2,False
branch_code_V01,subbranch_code_V02.170,5,node_7,node_3,False
branch_code_V01,subbranch_code_V02.245,1,node_7,node_8,False
branch_code_V01,subbranch_code_V02.267,1,node_7,node_3,False
branch_code_V01,subbranch_code_V02.335,1,node_7,node_5,False
branch_code_V01,subbranch_code_V02.355,2,node_7,node_7,True
branch_code_V01,subbranch_code_V02.530,5,node_7,node_9,False
branch_code_V01,subbranch_code_V02.575,1,node_7,node_5,False
branch_code_V01,subbranch_code_V02.625,1,node_7,node_1,False
branch_code_V01,subbranch_code_V02.665,1,node_7,node_5,False
branch_code_V01,subbranch_code_V02.700,4,node_7,node_6,False
branch_code_V01,subbranch_code_V02.725,1,node_7,node_8,False
branch_code_V01,subbranch_code_V02.737,1,node_7,node_3,False
branch_code_V01,subbranch_code_V02.825,1,node_7,node_6,False
branch_code_V01,subbranch_code_V02.970,1,node_7,node_6,False
branch_code_V01,subbranch_code_V02.990,1,node_7,node_7,True
branch_code_V02,subbranch_code_V01.070,1,node_8,node_9,False
branch_code_V02,subbranch_code_V01.100,1,node_8,node_10,False
branch_code_V02,subbranch_code_V01.110,1,node_8,node_1,False
branch_code_V02,subbranch_code_V01.140,1,node_8,node_2,False
branch_code_V02,subbranch_code_V01.165,2,node_8,node_3,False
branch_code_V02,subbranch_code_V01.175,5,node_8,node_4,False
branch_code_V02,subbranch_code_V01.185,4,node_8,node_5,False
branch_code_V02,subbranch_code_V01.200,1,node_8,node_7,False
branch_code_V02,subbranch_code_V01.205,1,node_8,node_8,True
branch_code_V02,subbranch_code_V01.250,1,node_8,node_9,False
branch_code_V02,subbranch_code_V01.255,3,node_8,node_10,False
branch_code_V02,subbranch_code_V01.550,1,node_8,node_4,False
branch_code_V02,subbranch_code_V01.630,1,node_8,node_5,False
branch_code_V02,subbranch_code_V01.665,1,node_8,node_6,False
branch_code_V02,subbranch_code_V01.700,1,node_8,node_7,False
branch_code_V02,subbranch_code_V01.775,1,node_8,node_8,True
branch_code_V02,subbranch_code_V02,1,node_8,node_9,False
branch_code_V02,subbranch_code_V02.025,1,node_8,node_10,False
branch_code_V02,subbranch_code_V02.035,1,node_8,node_1,False
branch_code_V02,subbranch_code_V02.050,1,node_8,node_2,False
branch_code_V02,subbranch_code_V02.060,1,node_8,node_3,False
branch_code_V02,subbranch_code_V02.070,2,node_8,node_4,False
branch_code_V02,subbranch_code_V02.110,1,node_8,node_5,False
branch_code_V02,subbranch_code_V02.115,1,node_8,node_6,False
branch_code_V02,subbranch_code_V02.120,1,node_8,node_7,False
branch_code_V02,subbranch_code_V02.130,1,node_8,node_8,True
branch_code_V02,subbranch_code_V02.135,1,node_8,node_9,False
branch_code_V02,subbranch_code_V02.140,1,node_8,node_10,False
branch_code_V02,subbranch_code_V02.150,1,node_8,node_1,False
branch_code_V02,subbranch_code_V02.165,2,node_8,node_2,False
branch_code_V02,subbranch_code_V02.170,5,node_8,node_3,False
branch_code_V02,subbranch_code_V02.180,1,node_8,node_4,False
branch_code_V02,subbranch_code_V02.200,1,node_8,node_5,False
branch_code_V02,subbranch_code_V02.220,1,node_8,node_6,False
branch_code_V02,subbranch_code_V02.240,7,node_8,node_7,False
branch_code_V02,subbranch_code_V02.245,1,node_8,node_8,True
branch_code_V02,subbranch_code_V02.250,1,node_8,node_9,False
branch_code_V02,subbranch_code_V02.255,1,node_8,node_10,False
branch_code_V02,subbranch_code_V02.260,4,node_8,node_1,False
branch_code_V02,subbranch_code_V02.265,1,node_8,node_2,False
branch_code_V02,subbranch_code_V02.267,1,node_8,node_3,False
branch_code_V02,subbranch_code_V02.270,4,node_8,node_4,False
branch_code_V02,subbranch_code_V02.272,1,node_8,node_5,False
branch_code_V02,subbranch_code_V02.275,1,node_8,node_6,False
branch_code_V02,subbranch_code_V02.300,1,node_8,node_7,False
branch_code_V02,subbranch_code_V02.302,1,node_8,node_8,True
branch_code_V02,subbranch_code_V02.305,1,node_8,node_9,False
branch_code_V02,subbranch_code_V02.310,7,node_8,node_10,False
branch_code_V02,subbranch_code_V02.312,1,node_8,node_1,False
branch_code_V02,subbranch_code_V02.314,1,node_8,node_2,False
branch_code_V02,subbranch_code_V02.315,1,node_8,node_3,False
branch_code_V02,subbranch_code_V02.320,1,node_8,node_4,False
branch_code_V02,subbranch_code_V02.335,1,node_8,node_5,False
branch_code_V02,subbranch_code_V02.350,1,node_8,node_6,False
branch_code_V02,subbranch_code_V02.355,6,node_8,node_7,False
branch_code_V02,subbranch_code_V02.365,1,node_8,node_8,True
branch_code_V02,subbranch_code_V02.375,2,node_8,node_9,False
branch_code_V02,subbranch_code_V02.395,1,node_8,node_10,False
branch_code_V02,subbranch_code_V02.415,1,node_8,node_1,False
branch_code_V02,subbranch_code_V02.450,1,node_8,node_2,False
branch_code_V02,subbranch_code_V02.460,1,node_8,node_3,False
branch_code_V02,subbranch_code_V02.480,4,node_8,node_4,False
branch_code_V02,subbranch_code_V02.500,1,node_8,node_5,False
branch_code_V02,subbranch_code_V02.510,1,node_8,node_6,False
branch_code_V02,subbranch_code_V02.515,2,node_8,node_7,False
branch_code_V02,subbranch_code_V02.520,1,node_8,node_8,True
branch_code_V02,subbranch_code_V02.530,8,node_8,node_9,False
branch_code_V02,subbranch_code_V02.533,1,node_8,node_10,False
branch_code_V02,subbranch_code_V02.535,1,node_8,node_1,False
branch_code_V02,subbranch_code_V02.540,2,node_8,node_2,False
branch_code_V02,subbranch_code_V02.545,1,node_8,node_3,False
branch_code_V02,subbranch_code_V02.550,1,node_8,node_4,False
branch_code_V02,subbranch_code_V02.575,1,node_8,node_5,False
branch_code_V02,subbranch_code_V02.600,5,node_8,node_6,False
branch_code_V02,subbranch_code_V02.605,1,node_8,node_7,False
branch_code_V02,subbranch_code_V02.607,1,node_8,node_8,True
branch_code_V02,subbranch_code_V02.610,1,node_8,node_9,False
branch_code_V02,subbranch_code_V02.620,1,node_8,node_10,False
branch_code_V02,subbranch_code_V02.625,1,node_8,node_1,False
branch_code_V02,subbranch_code_V02.630,3,node_8,node_2,False
branch_code_V02,subbranch_code_V02.650,1,node_8,node_3,False
branch_code_V02,subbranch_code_V02.660,2,node_8,node_4,False
branch_code_V02,subbranch_code_V02.665,1,node_8,node_5,False
branch_code_V02,subbranch_code_V02.667,1,node_8,node_6,False
branch_code_V02,subbranch_code_V02.668,1,node_8,node_7,False
branch_code_V02,subbranch_code_V02.670,1,node_8,node_8,True
branch_code_V02,subbranch_code_V02.672,2,node_8,node_9,False
branch_code_V02,subbranch_code_V02.675,1,node_8,node_10,False
branch_code_V02,subbranch_code_V02.682,1,node_8,node_1,False
branch_code_V02,subbranch_code_V02.690,1,node_8,node_2,False
branch_code_V02,subbranch_code_V02.695,3,node_8,node_3,False
branch_code_V02,subbranch_code_V02.697,2,node_8,node_4,False
branch_code_V02,subbranch_code_V02.699,1,node_8,node_5,False
branch_code_V02,subbranch_code_V02.700,8,node_8,node_6,False
branch_code_V02,subbranch_code_V02.712,1,node_8,node_7,False
branch_code_V02,subbranch_code_V02.725,3,node_8,node_8,True
branch_code_V02,subbranch_code_V02.731,1,node_8,node_9,False
branch_code_V02,subbranch_code_V02.734,1,node_8,node_10,False
branch_code_V02,subbranch_code_V02.735,1,node_8,node_1,False
branch_code_V02,subbranch_code_V02.736,1,node_8,node_2,False
branch_code_V02,subbranch_code_V02.737,1,node_8,node_3,False
branch_code_V02,subbranch_code_V02.750,1,node_8,node_4,False
branch_code_V02,subbranch_code_V02.800,1,node_8,node_5,False
branch_code_V02,subbranch_code_V02.825,1,node_8,node_6,False
branch_code_V02,subbranch_code_V02.912,9,node_8,node_7,False
branch_code_V02,subbranch_code_V02.925,1,node_8,node_8,True
branch_code_V02,subbranch_code_V02.928,1,node_8,node_9,False
branch_code_V02,subbranch_code_V02.930,1,node_8,node_10,False
branch_code_V02,subbranch_code_V02.935,1,node_8,node_1,False
branch_code_V02,subbranch_code_V02.938,1,node_8,node_2,False
branch_code_V02,subbranch_code_V02.940,1,node_8,node_3,False
branch_code_V02,subbranch_code_V02.945,1,node_8,node_4,False
branch_code_V02,subbranch_code_V02.950,1,node_8,node_5,False
branch_code_V02,subbranch_code_V02.970,1,node_8,node_6,False
branch_code_V02,subbranch_code_V02.990,1,node_8,node_7,False
branch_code_V02,subbranch_code_V03.500,7,node_8,node_4,False
branch_code_V02,subbranch_code_V03.600,1,node_8,node_5,False
branch_code_V03,subbranch_code_V02.270,1,node_9,node_4,False
branch_code_V03,subbranch_code_V02.515,2,node_9,node_7,False
branch_code_V03,subbranch_code_V02.600,1,node_9,node_6,False
branch_code_V03,subbranch_code_V02.912,7,node_9,node_7,False
branch_code_V03,subbranch_code_V03,1,node_9,node_8,False
branch_code_V03,subbranch_code_V03.100,1,node_9,node_9,True
branch_code_V03,subbranch_code_V03.150,1,node_9,node_10,False
branch_code_V03,subbranch_code_V03.175,17,node_9,node_1,False
branch_code_V03,subbranch_code_V03.250,1,node_9,node_2,False
branch_code_V03,subbranch_code_V03.400,1,node_9,node_3,False
branch_code_V03,subbranch_code_V03.500,7,node_9,node_4,False
branch_code_V03,subbranch_code_V03.600,2,node_9,node_5,False
branch_code_V03,subbranch_code_V03.650,1,node_9,node_6,False
branch_code_V03,subbranch_code_V03.800,1,node_9,node_7,False
branch_code_V03,subbranch_code_V03.900,1,node_9,node_8,False
branch_code_V03,subbranch_code_V03.950,1,node_9,node_9,True
branch_code_V04,subbranch_code_V04,1,node_10,node_10,True
branch_code_V04,subbranch_code_V04.124,1,node_10,node_1,False
branch_code_V04,subbranch_code_V04.750,6,node_10,node_2,False
branch_code_Z01,subbranch_code_G01.311,1,node_1,node_1,True
branch_code_Z01,subbranch_code_G16.500,3,node_1,node_7,False
branch_code_Z01,subbranch_code_I01.615,1,node_1,node_2,False
branch_code_Z01,subbranch_code_N06.230,2,node_1,node_5,False
branch_code_Z01,subbranch_code_Z01,1,node_1,node_3,False
branch_code_Z01,subbranch_code_Z01.058,62,node_1,node_4,False
branch_code_Z01,subbranch_code_Z01.107,135,node_1,node_5,False
branch_code_Z01,subbranch_code_Z01.158,1,node_1,node_6,False
branch_code_Z01,subbranch_code_Z01.208,1,node_1,node_7,False
branch_code_Z01,subbranch_code_Z01.252,66,node_1,node_8,False
branch_code_Z01,subbranch_code_Z01.433,18,node_1,node_9,False
branch_code_Z01,subbranch_code_Z01.542,81,node_1,node_10,False
branch_code_Z01,subbranch_code_Z01.586,31,node_1,node_1,True
branch_code_Z01,subbranch_code_Z01.639,76,node_1,node_2,False
branch_code_Z01,subbranch_code_Z01.678,29,node_1,node_3,False
branch_code_Z01,subbranch_code_Z01.756,8,node_1,node_4,False
